ID_Credito,Cliente,Fecha_Solicitud,Monto_Solicitado,Tasa_Interes,Plazo_Meses,Ingreso_Mensual,Score_Credito,Aprobado,Estado_Credito,Fecha_Nacimiento
100000,Cliente 0,2020-01-01,19039.74,11.96,48,1629.12,729.0,Sí,Pagado,1957-01-12
100001,Cliente 1,2020-01-02,47560.36,13.68,24,3279.64,633.0,No,Pagado,1981-05-31
100002,Cliente 2,2020-01-03,36733.7,21.87,60,13713.41,705.0,Sí,Pagado,1965-11-24
100003,Cliente 3,2020-01-04,30133.59,10.81,36,779.84,329.0,No,Activo,1946-09-01
100004,Cliente 4,2020-01-05,8222.92,22.2,36,9974.76,834.0,No,Activo,1983-04-27
100005,Cliente 5,2020-01-06,8221.73,5.39,36,6073.93,816.0,No,Pagado,1994-09-04
100006,Cliente 6,2020-01-07,3375.14,20.2,12,10253.41,520.0,Sí,En Mora,1985-10-28
100007,Cliente 7,2020-01-08,43375.72,21.72,12,9036.03,793.0,Sí,Pagado,1951-11-20
100008,Cliente 8,2020-01-09,30255.19,7.41,36,3740.73,552.0,Sí,Activo,1989-04-21
100009,Cliente 9,2020-01-10,35549.59,12.75,48,12784.54,620.0,No,Pagado,1953-06-27
100010,Cliente 10,2020-01-11,1518.93,7.06,48,7633.14,338.0,Sí,En Mora,1997-06-12
100011,Cliente 11,2020-01-12,48510.54,18.69,12,12426.77,764.0,Sí,En Mora,1975-01-29
100012,Cliente 12,2020-01-13,41705.91,15.01,36,6387.18,710.0,Sí,Activo,1969-12-25
100013,Cliente 13,2020-01-14,11010.79,17.16,48,14777.94,711.0,No,Pagado,1990-05-05
100014,Cliente 14,2020-01-15,9500.34,7.72,12,11672.1,791.0,Sí,En Mora,1978-06-27
100015,Cliente 15,2020-01-16,9578.52,8.05,36,14506.28,737.0,No,En Mora,1978-05-17
100016,Cliente 16,2020-01-17,15559.99,4.39,24,7957.73,778.0,Sí,Pagado,1985-09-21
100017,Cliente 17,2020-01-18,26475.44,10.42,36,7368.52,371.0,Sí,Pagado,1994-04-07
100018,Cliente 18,2020-01-19,21881.28,15.53,36,11454.08,519.0,Sí,Activo,1956-12-02
100019,Cliente 19,2020-01-20,14915.84,21.95,60,13264.22,303.0,Sí,Activo,1997-12-18
100020,Cliente 20,2020-01-21,30786.72,17.84,60,14480.11,589.0,No,Pagado,1968-10-31
100021,Cliente 21,2020-01-22,7404.95,12.86,24,5206.0,679.0,Sí,Activo,1971-09-09
100022,Cliente 22,2020-01-23,14961.16,23.99,24,12081.22,654.0,Sí,En Mora,1986-01-18
100023,Cliente 23,2020-01-24,18634.91,18.96,36,3554.36,379.0,No,Activo,1997-02-11
100024,Cliente 24,2020-01-25,23075.46,23.5,48,8410.83,365.0,Sí,Activo,2001-03-27
100025,Cliente 25,2020-01-26,39366.21,14.84,24,3107.8,435.0,No,En Mora,1969-05-04
100026,Cliente 26,2020-01-27,10383.85,9.07,36,5537.26,698.0,Sí,Pagado,1958-03-28
100027,Cliente 27,2020-01-28,25954.6,4.64,12,14004.7,646.0,Sí,En Mora,1993-07-08
100028,Cliente 28,2020-01-29,29824.52,19.11,60,2618.32,358.0,Sí,Activo,1990-10-01
100029,Cliente 29,2020-01-30,2799.3,6.11,48,9669.81,818.0,No,Activo,1949-07-04
100030,Cliente 30,2020-01-31,30573.47,10.01,36,9097.84,536.0,Sí,Pagado,1961-11-02
100031,Cliente 31,2020-02-01,8940.94,14.95,12,2250.71,378.0,No,Activo,1998-03-23
100032,Cliente 32,2020-02-02,3720.05,15.63,60,5226.7,414.0,No,Activo,1947-05-20
100033,Cliente 33,2020-02-03,47469.83,16.41,9999,8663.23,761.0,No,Pagado,1954-06-10
100034,Cliente 34,2020-02-04,48298.79,7.07,36,3214.09,425.0,No,En Mora,1956-10-29
100035,Cliente 35,2020-02-05,40515.67,11.66,24,12109.04,799.0,Sí,Pagado,1947-02-14
100036,Cliente 36,2020-02-06,15578.38,16.77,60,14596.27,401.0,Sí,Activo,2000-12-28
100037,Cliente 37,2020-02-07,5334.77,24.35,12,3614.01,473.0,Sí,Activo,1958-03-14
100038,Cliente 38,2020-02-08,34369.53,19.14,24,3210.22,751.0,Sí,Activo,1952-03-28
100039,Cliente 39,2020-02-09,22287.55,23.34,48,7096.56,391.0,Sí,Activo,1949-08-23
100040,Cliente 40,2020-02-10,6540.89,19.89,36,11342.6,684.0,Sí,Pagado,1983-09-01
100041,Cliente 41,2020-02-11,25011.26,16.22,36,4583.21,504.0,Sí,Pagado,1992-10-04
100042,Cliente 42,2020-02-12,2202.23,7.63,60,788.26,662.0,Sí,Activo,1985-05-27
100043,Cliente 43,2020-02-13,45511.36,17.83,12,8347.7,797.0,Sí,Activo,1979-11-04
100044,Cliente 44,2020-02-14,13309.61,16.9,48,14370.71,836.0,Sí,Activo,1990-02-05
100045,Cliente 45,2020-02-15,33294.85,16.45,60,6173.51,533.0,Sí,Pagado,1989-06-10
100046,Cliente 46,2020-02-16,15929.7,14.03,60,6591.95,315.0,Sí,Activo,1988-07-12
100047,Cliente 47,2020-02-17,26243.37,14.87,12,14549.07,440.0,Sí,En Mora,1997-06-21
100048,Cliente 48,2020-02-18,27562.16,10.69,48,10571.81,719.0,No,Pagado,1972-03-31
100049,Cliente 49,2020-02-19,9650.3,14.67,12,10927.99,755.0,Sí,Pagado,1959-05-24
100050,Cliente 50,2020-02-20,48494.44,7.75,36,8659.18,599.0,No,Activo,1986-12-23
100051,Cliente 51,2020-02-21,38869.07,20.81,24,14631.83,638.0,Sí,En Mora,1988-11-12
100052,Cliente 52,2020-02-22,47005.2,-7.49,36,10488.56,602.0,Sí,Activo,1948-11-26
100053,Cliente 53,2020-02-23,44793.95,5.33,36,13477.97,375.0,Sí,Activo,1946-06-10
100054,Cliente 54,2020-02-24,30096.05,12.88,60,10640.99,615.0,Sí,Pagado,2000-05-20
100055,Cliente 55,2020-02-25,46132.77,17.65,36,11159.18,799.0,Sí,En Mora,1966-04-26
100056,Cliente 56,2020-02-26,4880.38,12.91,48,4710.96,374.0,No,Pagado,1979-05-11
100057,Cliente 57,2020-02-27,10201.15,9.45,36,4900.44,665.0,No,En Mora,1947-04-27
100058,Cliente 58,2020-02-28,2738.75,15.5,48,11853.28,845.0,No,Pagado,1949-10-28
100059,Cliente 59,2020-02-29,16603.85,10.96,12,4802.24,695.0,Sí,Activo,1982-03-17
100060,Cliente 60,2020-03-01,19739.53,23.56,60,8660.17,530.0,Sí,En Mora,1947-01-21
100061,Cliente 61,2020-03-02,13931.78,23.34,48,4115.61,327.0,Sí,Pagado,1963-01-31
100062,Cliente 62,2020-03-03,41522.51,14.3,36,12346.26,774.0,Sí,Pagado,1946-02-01
100063,Cliente 63,2020-03-04,18159.29,10.55,60,2102.27,594.0,No,En Mora,1986-11-26
100064,Cliente 64,2020-03-05,14406.26,19.35,60,12526.98,726.0,Sí,Activo,1961-12-25
100065,Cliente 65,2020-03-06,27363.46,4.29,48,9239.58,390.0,No,En Mora,1993-09-10
100066,Cliente 66,2020-03-07,7475.75,13.71,48,3210.19,414.0,Sí,Activo,1948-05-27
100067,Cliente 67,2020-03-08,40208.75,10.73,24,8359.51,458.0,Sí,Pagado,1979-08-03
100068,Cliente 68,2020-03-09,4190.26,23.29,24,4596.23,557.0,No,Pagado,1989-02-25
100069,Cliente 69,2020-03-10,49350.9,3.76,60,5190.28,672.0,No,En Mora,1983-12-05
100070,Cliente 70,2020-03-11,38726.12,15.39,24,5597.16,389.0,Sí,Activo,1972-04-12
100071,Cliente 71,2020-03-12,10336.43,19.42,36,1418.13,597.0,Sí,En Mora,1947-09-27
100072,Cliente 72,2020-03-13,773.34,13.93,12,14796.44,330.0,Sí,En Mora,1966-06-01
100073,Cliente 73,2020-03-14,40865.34,5.34,60,957.25,657.0,Sí,Activo,1994-09-24
100074,Cliente 74,2020-03-15,35489.44,24.41,12,10106.2,769.0,No,Pagado,1994-02-09
100075,Cliente 75,2020-03-16,36585.85,14.64,24,5882.8,427.0,Sí,Pagado,1993-08-17
100076,Cliente 76,2020-03-17,38677.88,16.71,48,9867.15,569.0,Sí,Pagado,1973-11-01
100077,Cliente 77,2020-03-18,4165.21,8.59,60,5665.6,797.0,Sí,Pagado,1971-11-10
100078,Cliente 78,2020-03-19,18244.05,13.9,24,10269.38,712.0,Sí,Activo,1995-03-10
100079,Cliente 79,2020-03-20,6235.52,12.73,36,11073.91,508.0,Sí,En Mora,1959-11-15
100080,Cliente 80,2020-03-21,43223.62,5.11,60,10513.01,605.0,No,En Mora,1988-10-05
100081,Cliente 81,2020-03-22,31353.26,5.78,60,2152.45,490.0,Sí,Activo,1966-12-02
100082,Cliente 82,2020-03-23,16879.45,21.51,48,10024.95,656.0,No,Activo,1979-12-17
100083,Cliente 83,2020-03-24,3646.14,8.66,60,4559.82,756.0,Sí,En Mora,1985-09-17
100084,Cliente 84,2020-03-25,15893.62,7.69,48,917.62,748.0,No,Activo,1997-11-30
100085,Cliente 85,2020-03-26,16596.57,14.36,24,6515.04,367.0,No,Pagado,1989-07-01
100086,Cliente 86,2020-03-27,36615.51,20.03,36,6786.37,766.0,Sí,Activo,1980-01-26
100087,Cliente 87,2020-03-28,32059.09,4.83,36,7274.02,659.0,Sí,Pagado,1982-05-19
100088,Cliente 88,2020-03-29,44417.03,15.9,60,10719.95,686.0,Sí,En Mora,1959-09-26
100089,Cliente 89,2020-03-30,23874.64,6.06,60,4978.24,427.0,Sí,Pagado,1982-04-13
100090,Cliente 90,2020-03-31,6419.92,4.28,24,5071.57,784.0,No,Activo,1953-09-18
100091,Cliente 91,2020-04-01,35805.62,4.63,48,1378.01,543.0,Sí,Pagado,1987-02-12
100092,Cliente 92,2020-04-02,38158.86,21.43,36,10458.91,318.0,Sí,En Mora,1955-04-02
100093,Cliente 93,2020-04-03,28283.22,6.04,48,8733.48,695.0,Sí,Activo,1991-09-13
100094,Cliente 94,2020-04-04,38662.88,4.47,24,5566.66,528.0,Sí,Activo,1987-08-14
100095,Cliente 95,2020-04-05,24942.88,12.91,36,10725.24,667.0,Sí,Activo,1956-08-24
100096,Cliente 96,2020-04-06,26375.28,21.65,36,8291.69,357.0,Sí,Activo,1955-09-19
100097,Cliente 97,2020-04-07,21663.28,9.14,12,7304.05,580.0,No,Activo,1998-04-03
100098,Cliente 98,2020-04-08,1758.25,12.57,24,7914.21,401.0,Sí,Pagado,1962-11-15
100099,Cliente 99,2020-04-09,5840.63,4.36,24,9727.05,347.0,Sí,Pagado,1999-11-27
100100,Cliente 100,2020-04-10,2055.74,13.16,12,10070.04,358.0,No,Pagado,1996-09-25
100101,Cliente 101,2020-04-11,32002.32,15.92,48,4689.89,460.0,Sí,Activo,1965-09-11
100102,Cliente 102,2020-04-12,16060.62,15.77,12,2540.78,402.0,No,En Mora,1981-12-07
100103,Cliente 103,2020-04-13,25674.25,10.65,24,2771.2,711.0,No,Pagado,1951-05-08
100104,Cliente 104,2020-04-14,45424.54,10.28,48,9771.17,482.0,No,Activo,1946-09-21
100105,Cliente 105,2020-04-15,12839.97,5.79,36,13156.66,716.0,Sí,En Mora,1945-06-24
100106,Cliente 106,2020-04-16,20813.95,11.39,12,6437.7,415.0,No,Pagado,1979-05-28
100107,Cliente 107,2020-04-17,37899.78,5.64,48,2958.04,698.0,No,Activo,1956-08-09
100108,Cliente 108,2020-04-18,11825.51,19.98,48,11470.74,736.0,No,Pagado,1961-08-31
100109,Cliente 109,2020-04-19,4310.51,24.27,48,12571.1,617.0,Sí,Activo,1958-03-05
100110,Cliente 110,2020-04-20,14842.7,24.36,12,13268.45,549.0,Sí,En Mora,1961-06-08
100111,Cliente 111,2020-04-21,8480.45,22.1,36,9299.06,746.0,Sí,Pagado,1968-07-28
100112,Cliente 112,2020-04-22,46520.03,16.42,48,12980.56,796.0,Sí,Activo,1947-12-13
100113,Cliente 113,2020-04-23,40501.96,18.57,12,723.52,642.0,Sí,Pagado,1981-11-09
100114,Cliente 114,2020-04-24,31853.49,9.63,24,2054.92,726.0,Sí,Pagado,1999-09-15
100115,Cliente 115,2020-04-25,43637.3,17.06,12,1842.35,539.0,No,Activo,1978-12-29
100116,Cliente 116,2020-04-26,40281.77,13.3,12,10832.77,358.0,No,Pagado,1954-10-26
100117,Cliente 117,2020-04-27,9735.22,13.86,12,1508.94,826.0,No,Pagado,1989-10-19
100118,Cliente 118,2020-04-28,44681.67,19.79,48,7697.28,502.0,No,Pagado,1992-02-03
100119,Cliente 119,2020-04-29,27197.44,9.56,12,7354.25,765.0,No,En Mora,1988-04-12
100120,Cliente 120,2020-04-30,40468.29,10.34,24,5005.2,595.0,No,Pagado,2001-11-14
100121,Cliente 121,2020-05-01,44856.52,23.38,48,13120.87,586.0,Sí,Activo,1963-06-12
100122,Cliente 122,2020-05-02,16241.17,4.71,24,2971.28,372.0,Sí,Pagado,1969-10-26
100123,###Cliente??,2020-05-03,5947.57,13.94,60,5610.71,822.0,Sí,Pagado,1988-05-09
100124,Cliente 124,2020-05-04,11782.79,23.13,12,11725.49,636.0,Sí,En Mora,2000-08-29
100125,Cliente 125,2020-05-05,21641.84,16.62,48,941.12,617.0,No,Pagado,1987-08-13
100126,Cliente 126,2020-05-06,40991.73,15.25,48,10257.78,502.0,Sí,En Mora,1956-02-22
100127,Cliente 127,2020-05-07,43106.16,8.87,12,12337.77,530.0,Sí,En Mora,2000-04-29
100128,Cliente 128,2020-05-08,844.13,10.88,36,14017.88,356.0,Sí,Activo,1976-07-21
100129,Cliente 129,2020-05-09,25781.99,21.82,36,13206.3,719.0,Sí,Pagado,1990-03-03
100130,Cliente 130,2020-05-10,21161.84,15.52,24,5131.07,579.0,Sí,En Mora,1965-07-23
100131,Cliente 131,2020-05-11,11494.34,14.57,12,9002.28,604.0,No,Pagado,1948-03-24
100132,Cliente 132,2020-05-12,6433.34,5.64,12,1620.76,765.0,Sí,Activo,1990-08-14
100133,Cliente 133,2020-05-13,17211.95,3.84,60,4239.12,473.0,Sí,Activo,1965-09-01
100134,Cliente 134,2020-05-14,47174.03,24.22,36,1866.22,565.0,No,Activo,1975-07-08
100135,Cliente 135,2020-05-15,16498.55,11.61,36,5070.22,546.0,No,Pagado,1996-05-11
100136,Cliente 136,2020-05-16,26180.14,16.47,12,13190.21,377.0,Sí,Pagado,1974-04-30
100137,Cliente 137,2020-05-17,35299.44,5.21,24,5533.92,552.0,Sí,En Mora,1982-07-28
100138,Cliente 138,2020-05-18,18499.67,18.19,12,8647.52,774.0,Sí,Pagado,1952-04-06
100139,Cliente 139,2020-05-19,48603.21,23.55,24,6784.02,475.0,No,Activo,2001-04-27
100140,Cliente 140,2020-05-20,48141.14,15.88,36,7154.29,720.0,Sí,Pagado,1999-10-22
100141,Cliente 141,2020-05-21,12963.22,6.21,60,14558.79,760.0,Sí,Activo,1965-06-05
100142,Cliente 142,2020-05-22,25113.8,16.01,48,4794.24,553.0,Sí,Activo,1996-01-25
100143,Cliente 143,2020-05-23,15393.48,19.98,36,9596.2,819.0,No,Pagado,1965-03-24
100144,Cliente 144,2020-05-24,14599.6,12.24,24,6590.91,406.0,Sí,Activo,1995-02-24
100145,Cliente 145,2020-05-25,2325.9,22.42,12,1386.62,470.0,Sí,Pagado,1987-02-21
100146,Cliente 146,2020-05-26,30673.43,17.45,36,7595.3,357.0,Sí,Pagado,1985-02-16
100147,Cliente 147,2020-05-27,25382.61,22.83,60,12293.48,636.0,Sí,Pagado,1948-04-29
100148,Cliente 148,2020-05-28,3048.2,16.91,24,1931.92,641.0,Sí,Pagado,1997-03-30
100149,Cliente 149,2020-05-29,14293.0,6.32,12,1509.08,589.0,Sí,Pagado,1985-10-13
100150,Cliente 150,2020-05-30,45459.16,10.16,48,2727.66,383.0,Sí,En Mora,1950-07-23
100151,Cliente 151,2020-05-31,12358.31,7.84,24,11583.8,416.0,No,Activo,1999-07-14
100152,Cliente 152,2020-06-01,7672.3,23.04,12,10997.93,833.0,Sí,Pagado,1951-05-22
100153,Cliente 153,2020-06-02,24727.91,19.85,48,8692.76,518.0,No,Activo,1971-11-29
100154,Cliente 154,2020-06-03,49289.7,18.04,12,7289.28,401.0,Sí,Activo,1968-10-09
100155,Cliente 155,2020-06-04,12481.74,9.97,48,13380.72,755.0,Sí,Activo,1953-12-09
100156,Cliente 156,2020-06-05,33770.71,7.46,48,11617.12,825.0,Sí,En Mora,1950-08-27
100157,Cliente 157,XX/YY/ZZZZ,38200.17,19.76,48,12273.16,565.0,Sí,Pagado,1954-08-28
100158,Cliente 158,2020-06-07,12263.06,13.69,12,12292.3,586.0,Sí,Activo,1999-09-17
100159,Cliente 159,2020-06-08,36546.71,8.35,48,9819.4,440.0,Sí,Activo,1969-02-14
100160,Cliente 160,2020-06-09,18705.27,16.76,24,7141.21,705.0,No,Pagado,1956-08-30
100161,Cliente 161,2020-06-10,31799.14,4.37,60,13037.83,592.0,No,Activo,1955-10-21
100162,Cliente 162,2020-06-11,31859.72,10.51,60,13927.11,330.0,Sí,Pagado,1962-11-04
100163,Cliente 163,2020-06-12,27020.85,13.57,48,845.19,470.0,Sí,Activo,1952-04-24
100164,Cliente 164,2020-06-13,4969.34,6.68,60,1247.55,654.0,Sí,Pagado,1950-11-14
100165,Cliente 165,2020-06-14,41847.47,24.67,60,14401.78,504.0,No,En Mora,1996-11-10
100166,Cliente 166,2020-06-15,16378.61,8.0,48,4518.83,777.0,Sí,En Mora,1993-01-09
100167,Cliente 167,2020-06-16,9732.67,6.3,48,13163.86,590.0,Sí,Pagado,1984-10-30
100168,Cliente 168,2020-06-17,2518.37,7.88,24,6137.53,410.0,Sí,Pagado,1951-05-06
100169,Cliente 169,2020-06-18,29749.2,20.03,36,2226.95,367.0,Sí,Activo,1967-03-07
100170,Cliente 170,2020-06-19,34039.44,12.65,12,1666.43,672.0,Sí,En Mora,1978-03-02
100171,Cliente 171,2020-06-20,1321.1,15.66,48,2769.36,495.0,Sí,En Mora,1954-12-28
100172,Cliente 172,2020-06-21,25848.61,3.95,48,4123.45,425.0,Sí,Activo,1996-07-06
100173,Cliente 173,2020-06-22,11711.54,4.24,60,7583.52,561.0,Sí,Activo,1986-07-30
100174,Cliente 174,2020-06-23,32436.05,13.09,24,10671.72,454.0,Sí,Pagado,1987-07-07
100175,Cliente 175,2020-06-24,9131.14,21.06,60,14802.78,407.0,Sí,Activo,1984-04-22
100176,Cliente 176,2020-06-25,34701.42,22.53,48,6901.85,722.0,Sí,Pagado,1988-01-12
100177,Cliente 177,2020-06-26,19643.4,5.36,48,8013.68,334.0,Sí,Pagado,1968-03-22
100178,Cliente 178,2020-06-27,46868.13,15.07,60,8066.33,343.0,Sí,Activo,1959-08-14
100179,Cliente 179,2020-06-28,7307.29,23.13,48,8321.8,715.0,Sí,Activo,1971-11-21
100180,Cliente 180,2020-06-29,17382.78,11.84,36,8007.24,584.0,No,Pagado,1967-06-04
100181,Cliente 181,2020-06-30,6116.94,21.34,12,627.23,746.0,No,En Mora,1953-08-27
100182,Cliente 182,2020-07-01,46272.33,6.37,12,525.01,817.0,Sí,En Mora,1998-11-16
100183,Cliente 183,2020-07-02,43928.3,23.61,12,1916.16,326.0,Sí,Pagado,1977-09-15
100184,Cliente 184,2020-07-03,13268.11,19.66,36,1972.57,526.0,No,Activo,1997-10-06
100185,Cliente 185,2020-07-04,33169.21,23.74,48,10721.01,724.0,Sí,Activo,1975-05-26
100186,Cliente 186,2020-07-05,40952.5,18.05,60,3471.28,667.0,Sí,Activo,1985-11-13
100187,Cliente 187,2020-07-06,27982.44,11.31,24,13473.35,609.0,No,En Mora,1972-01-27
100188,Cliente 188,2020-07-07,26717.7,23.67,48,13964.79,404.0,Sí,Pagado,1956-01-18
100189,Cliente 189,2020-07-08,12471.69,9.42,36,14650.45,317.0,Sí,En Mora,1982-07-27
100190,Cliente 190,2020-07-09,5108.59,10.64,36,14116.68,504.0,Sí,En Mora,1949-09-25
100191,Cliente 191,2020-07-10,44912.18,18.57,12,4442.38,342.0,Sí,Activo,1983-05-21
100192,Cliente 192,2020-07-11,45070.69,19.95,48,7891.76,388.0,Sí,Pagado,1985-09-15
100193,Cliente 193,2020-07-12,31838.52,23.48,12,3044.1,456.0,Sí,En Mora,1981-11-23
100194,Cliente 194,2020-07-13,17281.97,7.9,24,12190.04,565.0,Sí,Activo,1961-07-06
100195,Cliente 195,2020-07-14,17785.87,20.66,12,13382.26,433.0,Sí,Activo,1954-02-17
100196,Cliente 196,2020-07-15,36434.81,19.38,24,12843.69,763.0,Sí,Pagado,1967-07-02
100197,Cliente 197,2020-07-16,44906.96,4.87,36,6783.82,431.0,Sí,Activo,1985-01-21
100198,Cliente 198,2020-07-17,44410.78,11.83,12,11500.77,333.0,Sí,En Mora,1996-10-03
100199,Cliente 199,2020-07-18,39103.84,9.58,12,1914.9,382.0,Sí,Activo,1979-01-04
100200,Cliente 200,2020-07-19,32280.57,10.05,60,1083.55,431.0,Sí,Pagado,1947-10-16
100201,Cliente 201,2020-07-20,4664.93,24.63,36,11421.93,727.0,Sí,En Mora,1995-03-21
100202,Cliente 202,2020-07-21,8500.62,17.32,60,6667.65,503.0,Sí,Activo,1985-08-14
100203,Cliente 203,2020-07-22,44978.43,18.93,24,14935.46,635.0,Sí,Pagado,1972-08-10
100204,Cliente 204,2020-07-23,30518.24,24.5,24,1910.19,796.0,Sí,Pagado,1972-05-05
100205,Cliente 205,2020-07-24,955.25,11.61,36,12906.6,741.0,Sí,Pagado,1952-02-25
100206,Cliente 206,2020-07-25,5522.84,20.74,24,7459.75,557.0,Sí,Pagado,1966-05-09
100207,Cliente 207,2020-07-26,33343.34,12.84,36,12493.68,591.0,Sí,Activo,1980-07-11
100208,Cliente 208,2020-07-27,750.55,22.19,24,12348.35,424.0,No,Pagado,1961-11-22
100209,Cliente 209,2020-07-28,8460.0,7.38,48,13781.88,474.0,Sí,Pagado,1960-10-23
100210,Cliente 210,2020-07-29,27662.32,23.88,12,4818.83,791.0,Sí,Activo,1977-09-02
100211,Cliente 211,2020-07-30,34748.81,8.2,48,14272.09,379.0,No,En Mora,1992-05-21
100212,Cliente 212,2020-07-31,32772.08,10.51,36,2699.17,604.0,Sí,Pagado,1974-09-18
100213,Cliente 213,2020-08-01,11601.33,19.76,36,1688.55,809.0,No,En Mora,1946-09-29
100214,Cliente 214,2020-08-02,35752.87,11.97,48,6758.43,643.0,No,Pagado,1962-11-25
100215,Cliente 215,2020-08-03,12243.83,16.58,12,12510.68,390.0,Sí,Pagado,1951-12-17
100216,Cliente 216,2020-08-04,16607.29,13.06,12,7364.61,468.0,No,Activo,1973-02-12
100217,Cliente 217,2020-08-05,37451.32,19.46,60,12524.66,633.0,No,Activo,1991-05-06
100218,Cliente 218,2020-08-06,32656.83,8.41,24,11080.46,535.0,No,Activo,1997-07-14
100219,Cliente 219,2020-08-07,42536.56,4.76,60,3536.71,698.0,Sí,Activo,1945-12-29
100220,Cliente 220,2020-08-08,33051.84,9.95,12,14258.78,776.0,Sí,Activo,1980-09-29
100221,Cliente 221,2020-08-09,28631.28,13.7,48,1381.33,834.0,Sí,Activo,1954-08-11
100222,Cliente 222,2020-08-10,5136.9,7.11,24,13525.06,387.0,Sí,Activo,1999-07-06
100223,Cliente 223,2020-08-11,18701.93,11.13,48,4914.43,552.0,Sí,Activo,1969-03-21
100224,Cliente 224,2020-08-12,13627.52,12.1,60,7752.15,657.0,Sí,Activo,1970-09-17
100225,Cliente 225,2020-08-13,12577.49,4.73,36,6624.1,357.0,No,Pagado,1957-01-28
100226,Cliente 226,2020-08-14,48664.02,16.04,48,2991.6,698.0,Sí,Pagado,1998-04-18
100227,Cliente 227,2020-08-15,19958.34,22.51,60,5693.13,820.0,No,Pagado,1995-08-09
100228,Cliente 228,2020-08-16,44656.3,6.76,60,3297.55,824.0,Sí,Activo,1970-12-17
100229,Cliente 229,2020-08-17,31741.36,16.35,60,3456.35,716.0,Sí,Activo,1994-03-27
100230,Cliente 230,2020-08-18,39843.16,17.79,36,3212.32,692.0,Sí,Activo,1970-09-17
100231,Cliente 231,2020-08-19,25380.54,12.52,36,7590.75,521.0,Sí,Pagado,1957-07-03
100232,Cliente 232,2020-08-20,29056.74,18.57,36,12070.0,628.0,No,En Mora,1960-03-06
100233,Cliente 233,2020-08-21,24879.63,12.33,24,8750.07,671.0,Sí,Pagado,1945-11-12
100234,Cliente 234,2020-08-22,10164.53,14.35,36,13451.5,810.0,Sí,Activo,1968-07-21
100235,Cliente 235,2020-08-23,36261.38,3.66,36,9729.9,452.0,Sí,Activo,1955-12-23
100236,Cliente 236,2020-08-24,14398.23,18.37,36,10495.43,779.0,Sí,Activo,1971-03-14
100237,Cliente 237,2020-08-25,1703.64,17.72,48,10180.3,319.0,Sí,Pagado,1948-11-15
100238,Cliente 238,2020-08-26,32450.88,4.33,36,7017.16,527.0,Sí,Pagado,1975-07-05
100239,Cliente 239,2020-08-27,9266.98,11.42,24,10495.41,645.0,Sí,Pagado,1998-07-26
100240,###Cliente??,2020-08-28,47052.7,24.55,60,1510.76,318.0,Sí,Pagado,1989-11-04
100241,Cliente 241,2020-08-29,47719.46,12.55,48,12967.85,743.0,Sí,Activo,1971-10-11
100242,Cliente 242,2020-08-30,45785.79,14.29,12,11778.28,667.0,No,Pagado,1958-10-04
100243,Cliente 243,2020-08-31,18822.86,23.06,36,4055.83,446.0,Sí,En Mora,2002-04-18
100244,Cliente 244,2020-09-01,1265.1,18.92,60,11636.47,803.0,Sí,En Mora,1972-01-05
100245,Cliente 245,2020-09-02,46451.77,16.01,60,683.32,729.0,Sí,En Mora,1976-04-08
100246,Cliente 246,2020-09-03,21695.12,20.65,48,3650.08,739.0,No,Pagado,1968-11-08
100247,Cliente 247,2020-09-04,48349.41,22.08,12,1444.49,497.0,No,Activo,1994-03-17
100248,Cliente 248,2020-09-05,48199.19,13.32,24,11813.29,586.0,No,En Mora,1994-08-05
100249,Cliente 249,2020-09-06,42723.97,13.71,60,11460.18,668.0,Sí,Activo,1980-04-24
100250,Cliente 250,2020-09-07,15075.22,11.8,60,12297.72,539.0,Sí,Pagado,1962-09-10
100251,Cliente 251,2020-09-08,19562.34,24.28,60,564.98,586.0,Sí,Activo,1954-11-12
100252,Cliente 252,2020-09-09,42631.27,18.49,60,7767.87,694.0,No,Pagado,1958-07-09
100253,Cliente 253,XX/YY/ZZZZ,16187.64,5.29,48,10720.12,817.0,Sí,Activo,1957-06-30
100254,Cliente 254,2020-09-11,8889.89,22.05,12,2753.32,359.0,Sí,En Mora,1989-07-09
100255,Cliente 255,2020-09-12,28061.66,13.83,60,9921.97,844.0,No,Pagado,1981-12-02
100256,Cliente 256,2020-09-13,46839.66,4.98,24,1719.6,602.0,Sí,Pagado,1974-09-03
100257,Cliente 257,2020-09-14,34953.47,15.32,24,3129.22,543.0,Sí,Activo,1995-07-10
100258,Cliente 258,2020-09-15,28718.03,12.47,36,7399.05,506.0,Sí,Pagado,1994-09-21
100259,Cliente 259,2020-09-16,5310.24,22.37,60,9976.69,674.0,Sí,Activo,1965-06-12
100260,Cliente 260,2020-09-17,30942.86,7.89,60,2615.1,582.0,Sí,Activo,1960-10-26
100261,Cliente 261,2020-09-18,49507.67,21.27,60,3185.74,777.0,Sí,Pagado,1995-05-29
100262,Cliente 262,2020-09-19,7434.16,15.49,60,3464.47,321.0,No,Pagado,1991-08-09
100263,Cliente 263,2020-09-20,26157.32,4.67,60,3961.16,648.0,No,Pagado,1947-01-22
100264,Cliente 264,2020-09-21,43929.97,24.39,24,3785.03,788.0,Sí,En Mora,1989-04-16
100265,Cliente 265,2020-09-22,37168.05,14.52,12,6229.66,557.0,Sí,En Mora,1954-01-14
100266,Cliente 266,2020-09-23,35002.28,9.75,12,9979.95,346.0,Sí,Activo,1947-01-31
100267,Cliente 267,2020-09-24,35272.96,13.59,36,6851.46,326.0,Sí,Activo,1989-09-13
100268,Cliente 268,2020-09-25,18294.81,21.94,24,11751.62,326.0,Sí,Activo,1954-08-10
100269,Cliente 269,2020-09-26,15032.8,10.06,60,10929.39,696.0,Sí,Pagado,1995-05-30
100270,Cliente 270,2020-09-27,40563.38,7.64,12,2334.64,444.0,No,Activo,1947-03-21
100271,Cliente 271,2020-09-28,40600.61,6.28,48,1208.2,821.0,No,Pagado,1958-07-27
100272,Cliente 272,2020-09-29,43420.08,9.9,48,13230.15,420.0,Sí,Pagado,1953-10-22
100273,Cliente 273,2020-09-30,45705.41,20.27,48,1657.55,761.0,Sí,Activo,1982-01-30
100274,Cliente 274,2020-10-01,25811.45,13.64,60,2650.92,681.0,Sí,Activo,1972-12-14
100275,Cliente 275,2020-10-02,25325.06,8.39,60,820.93,717.0,Sí,Pagado,1986-09-04
100276,Cliente 276,2020-10-03,40015.61,7.07,36,9610.88,626.0,Sí,Activo,1993-06-19
100277,Cliente 277,2020-10-04,32673.21,10.65,36,8944.37,690.0,No,En Mora,1968-03-29
100278,Cliente 278,2020-10-05,35247.36,23.71,36,14810.1,596.0,No,Activo,1990-06-16
100279,Cliente 279,2020-10-06,39891.74,10.88,48,13360.52,383.0,Sí,Pagado,1967-12-24
100280,Cliente 280,2020-10-07,44555.26,24.74,60,6457.23,445.0,Sí,Pagado,1947-05-28
100281,Cliente 281,XX/YY/ZZZZ,17230.76,13.93,48,5887.99,470.0,No,Activo,1967-01-02
100282,Cliente 282,2020-10-09,19091.36,7.35,36,4804.35,633.0,No,Activo,1967-06-13
100283,Cliente 283,2020-10-10,5152.11,22.66,60,2709.9,723.0,Sí,En Mora,1982-10-28
100284,Cliente 284,2020-10-11,29124.87,13.4,24,2502.21,608.0,Sí,Activo,2002-09-24
100285,Cliente 285,2020-10-12,2279.14,18.76,12,2418.11,825.0,No,Activo,1977-06-23
100286,Cliente 286,2020-10-13,23547.1,24.65,12,2154.66,646.0,Sí,Activo,1963-08-30
100287,Cliente 287,2020-10-14,27360.91,4.58,36,3987.42,601.0,Sí,Activo,1975-12-15
100288,Cliente 288,2020-10-15,14683.79,5.58,48,4946.7,646.0,Sí,Activo,1984-06-01
100289,Cliente 289,2020-10-16,29746.25,18.99,24,14442.9,707.0,No,Activo,1961-01-27
100290,Cliente 290,2020-10-17,2009.76,9.56,60,8887.86,432.0,Sí,Pagado,1968-08-17
100291,Cliente 291,2020-10-18,2348.74,7.46,48,14820.14,405.0,Sí,Activo,1983-01-26
100292,Cliente 292,2020-10-19,41218.73,4.35,36,5900.77,470.0,No,En Mora,1961-05-13
100293,Cliente 293,2020-10-20,18329.44,3.97,48,7135.59,549.0,No,Pagado,1949-10-11
100294,Cliente 294,2020-10-21,6789.5,20.15,36,5206.39,843.0,No,En Mora,1960-06-26
100295,Cliente 295,2020-10-22,26351.04,6.39,12,3151.87,561.0,Sí,Pagado,1953-01-13
100296,Cliente 296,2020-10-23,38614.68,13.56,12,2575.89,793.0,Sí,Pagado,1963-06-28
100297,Cliente 297,2020-10-24,11183.14,16.53,48,14203.65,543.0,Sí,Activo,1955-11-05
100298,Cliente 298,2020-10-25,31333.08,12.71,24,14808.75,750.0,Sí,Pagado,1951-08-14
100299,Cliente 299,2020-10-26,4724.7,4.08,60,1151.19,589.0,No,En Mora,1970-01-11
100300,Cliente 300,2020-10-27,3058.25,20.35,36,2680.02,562.0,No,Pagado,1990-08-25
100301,Cliente 301,2020-10-28,26802.05,3.73,60,6641.1,613.0,Sí,En Mora,1971-02-06
100302,###Cliente??,2020-10-29,27261.44,19.88,12,3201.84,384.0,Sí,Pagado,1989-08-14
100303,Cliente 303,2020-10-30,32052.78,22.71,24,5776.27,714.0,Sí,En Mora,1979-01-03
100304,Cliente 304,2020-10-31,36441.52,12.81,24,2371.9,628.0,Sí,Activo,1990-04-24
100305,Cliente 305,2020-11-01,48804.68,15.01,60,7119.42,344.0,Sí,Pagado,1994-10-20
100306,Cliente 306,2020-11-02,26056.87,13.76,12,4439.57,632.0,Sí,Pagado,1946-07-24
100307,Cliente 307,2020-11-03,16486.35,11.87,60,5602.62,764.0,Sí,En Mora,1953-02-04
100308,Cliente 308,2020-11-04,39861.72,22.58,48,1867.53,499.0,No,Pagado,1998-08-31
100309,Cliente 309,2020-11-05,13906.2,22.72,24,6707.86,500.0,Sí,Pagado,1966-07-22
100310,Cliente 310,2020-11-06,22229.09,10.72,24,14757.24,628.0,Sí,Pagado,1947-07-11
100311,Cliente 311,2020-11-07,4383.59,16.72,48,5268.08,539.0,No,En Mora,1964-07-11
100312,Cliente 312,2020-11-08,1754.86,23.43,12,13208.22,658.0,Sí,Activo,1968-12-15
100313,Cliente 313,2020-11-09,48151.1,24.18,24,12726.39,659.0,Sí,En Mora,1990-01-28
100314,Cliente 314,2020-11-10,41881.02,14.44,36,14304.85,677.0,Sí,Activo,1993-12-18
100315,Cliente 315,2020-11-11,34950.72,13.24,36,11956.59,684.0,No,Pagado,1968-02-28
100316,Cliente 316,2020-11-12,20743.17,9.49,12,10064.15,764.0,No,Activo,1952-10-14
100317,Cliente 317,2020-11-13,9078.07,24.12,48,12920.47,521.0,No,Pagado,1947-03-23
100318,Cliente 318,2020-11-14,8243.63,6.57,60,1596.85,664.0,Sí,Activo,1995-11-07
100319,Cliente 319,2020-11-15,12887.02,15.97,12,7211.04,371.0,No,Pagado,1963-09-03
100320,Cliente 320,2020-11-16,27686.72,9.57,60,14844.22,539.0,Sí,Activo,1967-05-16
100321,Cliente 321,2020-11-17,35872.5,9.5,12,11659.2,803.0,Sí,Activo,1954-02-14
100322,Cliente 322,2020-11-18,33179.77,12.21,36,14450.09,713.0,No,Pagado,1972-01-03
100323,Cliente 323,2020-11-19,14356.73,24.97,48,11804.7,426.0,Sí,Activo,1998-06-20
100324,Cliente 324,2020-11-20,47765.83,4.68,36,13185.79,786.0,No,Pagado,1977-09-06
100325,Cliente 325,2020-11-21,37025.9,15.94,48,10744.68,826.0,No,Activo,1946-02-24
100326,Cliente 326,2020-11-22,27940.53,5.28,60,11527.28,547.0,Sí,Activo,1978-08-05
100327,Cliente 327,2020-11-23,30780.18,6.82,12,8086.08,781.0,Sí,Pagado,1976-05-10
100328,Cliente 328,2020-11-24,21270.2,12.95,24,13901.45,611.0,Sí,Pagado,1956-11-25
100329,Cliente 329,2020-11-25,12762.68,14.47,24,12463.06,743.0,No,En Mora,1957-02-04
100330,Cliente 330,2020-11-26,18120.65,9.06,48,12736.33,582.0,Sí,Activo,1990-03-22
100331,Cliente 331,2020-11-27,38013.38,10.3,48,10258.63,301.0,No,Activo,1997-04-08
100332,Cliente 332,2020-11-28,1212.48,5.37,36,4916.41,373.0,Sí,Activo,1994-01-21
100333,Cliente 333,2020-11-29,6245.6,10.02,24,1016.63,363.0,Sí,Pagado,1989-05-20
100334,Cliente 334,2020-11-30,2777.13,24.28,36,14067.0,646.0,Sí,Activo,1985-03-18
100335,Cliente 335,2020-12-01,2516.08,23.81,60,8998.75,623.0,Sí,Activo,1982-05-03
100336,Cliente 336,2020-12-02,42845.3,10.7,24,4823.07,538.0,No,Pagado,1969-05-14
100337,Cliente 337,2020-12-03,35331.06,15.77,60,2662.46,696.0,Sí,Pagado,1955-07-13
100338,Cliente 338,2020-12-04,23971.6,23.06,12,12528.09,636.0,Sí,En Mora,1962-01-01
100339,Cliente 339,2020-12-05,5342.79,3.63,36,12629.54,640.0,Sí,Activo,1959-09-12
100340,Cliente 340,2020-12-06,24834.99,20.93,48,12310.37,578.0,Sí,Pagado,1946-03-02
100341,Cliente 341,2020-12-07,23936.85,23.89,24,9853.7,652.0,Sí,Activo,1981-04-18
100342,Cliente 342,2020-12-08,9073.49,5.46,36,5807.22,762.0,No,Activo,1951-05-29
100343,Cliente 343,2020-12-09,21975.66,6.97,48,4909.02,761.0,Sí,Pagado,1987-06-21
100344,Cliente 344,2020-12-10,20225.98,24.16,12,624.04,592.0,Sí,En Mora,1963-07-19
100345,Cliente 345,2020-12-11,30984.58,15.06,24,12587.31,706.0,Sí,Pagado,1992-11-05
100346,Cliente 346,2020-12-12,31937.14,3.81,60,1767.77,461.0,Sí,Pagado,1962-10-25
100347,Cliente 347,2020-12-13,2742.55,9.04,9999,9645.95,802.0,Sí,En Mora,1972-05-31
100348,Cliente 348,2020-12-14,19043.32,13.17,48,7809.09,747.0,Sí,Activo,2000-08-30
100349,Cliente 349,2020-12-15,31480.07,18.4,24,8137.0,754.0,Sí,En Mora,1956-02-04
100350,Cliente 350,2020-12-16,25405.24,19.26,24,13937.34,564.0,Sí,Activo,1996-12-09
100351,Cliente 351,2020-12-17,42896.25,24.9,12,958.42,431.0,Sí,Pagado,1998-02-23
100352,Cliente 352,2020-12-18,33105.33,9.68,24,11714.19,419.0,No,En Mora,1981-05-25
100353,Cliente 353,2020-12-19,8565.25,15.07,48,1254.76,518.0,Sí,Activo,1975-12-30
100354,Cliente 354,2020-12-20,3993.15,14.97,12,1053.23,716.0,Sí,Pagado,1995-03-19
100355,Cliente 355,2020-12-21,32299.75,12.22,60,6732.36,804.0,Sí,En Mora,1962-03-13
100356,Cliente 356,2020-12-22,1812.31,7.14,12,1414.59,599.0,No,Activo,1963-07-04
100357,Cliente 357,2020-12-23,29495.89,24.52,12,11942.59,408.0,No,Activo,1992-11-03
100358,Cliente 358,2020-12-24,47041.4,21.85,60,8178.66,537.0,Sí,En Mora,1982-04-24
100359,Cliente 359,2020-12-25,28985.97,14.21,48,921.06,592.0,Sí,En Mora,1963-10-31
100360,Cliente 360,2020-12-26,19714.41,16.47,36,1087.26,486.0,No,Activo,1957-03-10
100361,Cliente 361,2020-12-27,32342.77,8.39,36,9383.69,335.0,Sí,Pagado,1973-07-09
100362,Cliente 362,2020-12-28,23183.52,15.19,60,12188.62,555.0,No,En Mora,1993-11-02
100363,Cliente 363,2020-12-29,27508.03,18.44,48,6848.09,734.0,Sí,Activo,1993-02-08
100364,Cliente 364,2020-12-30,47102.51,14.58,24,8541.42,307.0,Sí,Pagado,1999-05-24
100365,Cliente 365,2020-12-31,19612.08,24.79,60,12097.53,477.0,Sí,En Mora,1973-06-05
100366,Cliente 366,2021-01-01,48078.93,16.64,36,9352.34,541.0,Sí,Pagado,1962-08-03
100367,Cliente 367,2021-01-02,45314.86,11.48,48,3759.02,340.0,No,Activo,1988-04-03
100368,Cliente 368,2021-01-03,10191.66,20.1,12,9389.25,656.0,No,Activo,1948-07-16
100369,Cliente 369,2021-01-04,3933.38,7.16,48,9610.05,412.0,Sí,Pagado,1956-09-07
100370,Cliente 370,2021-01-05,5488.51,11.77,48,11144.55,465.0,Sí,Pagado,1985-03-24
100371,Cliente 371,2021-01-06,1401.98,10.96,36,9502.68,803.0,No,Activo,1966-05-27
100372,Cliente 372,2021-01-07,5174.93,12.78,36,14554.01,377.0,Sí,Pagado,1946-04-01
100373,Cliente 373,2021-01-08,34308.84,20.31,24,3360.68,495.0,Sí,En Mora,1955-08-03
100374,Cliente 374,2021-01-09,4023.84,13.91,24,14290.81,701.0,Sí,Pagado,1960-09-25
100375,Cliente 375,2021-01-10,16289.29,20.57,60,8305.92,363.0,Sí,Pagado,1961-02-04
100376,Cliente 376,2021-01-11,42321.33,15.89,12,10243.36,724.0,No,Pagado,1950-04-20
100377,Cliente 377,2021-01-12,1651.96,10.85,24,1942.19,341.0,Sí,Pagado,1966-10-14
100378,Cliente 378,2021-01-13,40816.19,20.91,36,6018.35,672.0,Sí,En Mora,1962-04-04
100379,Cliente 379,2021-01-14,14451.81,8.62,48,11656.0,605.0,No,Activo,1984-06-28
100380,Cliente 380,2021-01-15,6349.16,8.32,60,10750.21,508.0,Sí,En Mora,1960-08-29
100381,Cliente 381,2021-01-16,34988.49,14.35,24,1082.02,766.0,Sí,Activo,1958-10-08
100382,Cliente 382,2021-01-17,31632.67,9.11,48,8425.62,603.0,No,En Mora,1946-03-20
100383,Cliente 383,2021-01-18,43934.86,3.7,48,1780.03,691.0,Sí,Pagado,1982-06-17
100384,Cliente 384,2021-01-19,36886.02,17.44,24,14939.92,452.0,Sí,Pagado,1952-01-13
100385,Cliente 385,2021-01-20,40272.31,14.49,12,13510.8,661.0,Sí,Pagado,1997-06-17
100386,Cliente 386,2021-01-21,14460.71,13.08,12,805.67,563.0,No,Activo,1982-03-15
100387,Cliente 387,2021-01-22,9283.26,24.29,60,12950.42,515.0,Sí,Activo,1951-03-16
100388,Cliente 388,2021-01-23,37655.43,15.78,12,13831.73,842.0,Sí,En Mora,1969-02-16
100389,Cliente 389,2021-01-24,40438.32,22.06,60,5626.45,823.0,Sí,Activo,1965-02-13
100390,Cliente 390,2021-01-25,49530.0,6.5,36,10932.77,493.0,No,Pagado,1946-12-19
100391,Cliente 391,2021-01-26,20924.58,15.74,24,6910.5,326.0,Sí,Activo,1993-03-07
100392,Cliente 392,2021-01-27,18914.9,22.16,9999,10000.87,345.0,No,Activo,1978-10-08
100393,Cliente 393,2021-01-28,38932.44,16.04,60,5434.6,357.0,Sí,Pagado,1970-02-05
100394,Cliente 394,2021-01-29,17369.78,18.94,12,5177.11,312.0,Sí,En Mora,2002-12-23
100395,Cliente 395,2021-01-30,46572.49,11.5,60,6654.29,348.0,No,Activo,2000-11-28
100396,Cliente 396,2021-01-31,42991.43,5.49,60,2610.73,393.0,Sí,En Mora,1999-04-23
100397,Cliente 397,2021-02-01,21735.2,13.34,12,12551.51,750.0,Sí,Activo,1958-02-19
100398,Cliente 398,2021-02-02,37668.12,11.98,12,5556.12,678.0,Sí,Activo,1953-05-26
100399,Cliente 399,2021-02-03,37849.87,22.14,24,6302.17,309.0,Sí,Activo,1964-11-16
100400,Cliente 400,2021-02-04,5604.63,8.75,48,13463.79,815.0,Sí,En Mora,1980-12-15
100401,Cliente 401,2021-02-05,45176.37,24.28,24,7701.05,523.0,No,Pagado,1986-11-25
100402,Cliente 402,2021-02-06,25509.99,24.1,24,8391.68,680.0,No,Pagado,1995-10-29
100403,Cliente 403,2021-02-07,41409.64,8.82,12,14369.22,840.0,Sí,Pagado,1950-11-06
100404,Cliente 404,2021-02-08,16342.46,10.98,12,13357.53,601.0,No,Pagado,1950-04-22
100405,Cliente 405,2021-02-09,44828.4,22.75,48,2957.27,502.0,Sí,Activo,1950-07-27
100406,Cliente 406,2021-02-10,19765.48,24.28,60,7361.62,495.0,Sí,En Mora,1982-12-06
100407,Cliente 407,2021-02-11,1036.46,13.03,24,14583.8,621.0,Sí,Activo,1951-02-01
100408,Cliente 408,2021-02-12,45316.41,10.4,48,5899.31,717.0,Sí,Activo,1997-03-18
100409,Cliente 409,2021-02-13,5018.69,14.81,24,5887.81,641.0,Sí,Activo,1996-04-21
100410,Cliente 410,2021-02-14,16306.03,18.29,60,3327.94,688.0,No,Pagado,1998-10-09
100411,Cliente 411,2021-02-15,47528.07,9.38,24,2157.69,308.0,No,En Mora,1958-07-29
100412,Cliente 412,2021-02-16,47555.05,19.33,36,11234.42,831.0,Sí,Pagado,1987-08-19
100413,Cliente 413,2021-02-17,28885.18,4.61,48,11665.44,448.0,Sí,Activo,1959-05-22
100414,Cliente 414,2021-02-18,31775.94,4.56,12,14550.69,682.0,Sí,Activo,1980-03-29
100415,Cliente 415,2021-02-19,22698.05,11.81,24,11714.56,828.0,No,Pagado,1965-02-25
100416,Cliente 416,2021-02-20,15013.93,11.1,48,4028.61,311.0,Sí,Pagado,1948-02-29
100417,Cliente 417,2021-02-21,16768.89,10.29,48,1081.69,775.0,Sí,En Mora,1961-06-27
100418,Cliente 418,2021-02-22,33789.66,14.06,24,14788.84,352.0,No,Pagado,1959-02-04
100419,Cliente 419,2021-02-23,37742.54,10.4,12,5436.54,735.0,Sí,Activo,2000-02-28
100420,Cliente 420,2021-02-24,39683.16,7.63,12,5023.59,505.0,Sí,Activo,1950-02-27
100421,Cliente 421,2021-02-25,39586.1,10.15,24,13636.35,353.0,Sí,Activo,1956-07-20
100422,Cliente 422,2021-02-26,5014.7,24.46,48,8983.95,789.0,Sí,Activo,1984-12-12
100423,Cliente 423,2021-02-27,24973.81,12.34,12,3615.63,643.0,Sí,En Mora,2001-11-26
100424,Cliente 424,2021-02-28,3349.16,13.06,24,13391.9,468.0,Sí,Pagado,1978-01-23
100425,Cliente 425,2021-03-01,27701.68,15.9,24,14903.73,460.0,Sí,Activo,1957-04-09
100426,Cliente 426,2021-03-02,22355.76,24.64,24,1756.84,826.0,Sí,Activo,1976-05-02
100427,Cliente 427,2021-03-03,44441.36,8.69,48,13002.65,826.0,Sí,Pagado,1949-10-06
100428,Cliente 428,2021-03-04,17870.29,18.15,12,6162.48,586.0,Sí,Pagado,1955-07-14
100429,Cliente 429,2021-03-05,6294.82,18.89,48,8099.05,711.0,Sí,Pagado,1953-12-09
100430,Cliente 430,2021-03-06,7578.09,16.56,36,13764.83,821.0,No,Activo,1953-07-10
100431,Cliente 431,2021-03-07,38194.78,5.4,12,14614.0,498.0,Sí,Pagado,1984-08-29
100432,Cliente 432,2021-03-08,31101.79,18.05,48,4301.38,460.0,Sí,Activo,1996-09-02
100433,Cliente 433,2021-03-09,5505.57,4.88,12,3586.34,688.0,Sí,Pagado,1982-07-15
100434,Cliente 434,2021-03-10,4663.29,16.32,36,1667.49,773.0,Sí,Activo,1971-02-07
100435,Cliente 435,2021-03-11,35197.97,19.4,60,8646.07,680.0,Sí,En Mora,1989-11-21
100436,Cliente 436,2021-03-12,4101.77,8.04,24,697.26,423.0,No,Pagado,1980-09-07
100437,Cliente 437,2021-03-13,41182.07,21.59,48,6472.53,371.0,Sí,Pagado,1960-08-20
100438,Cliente 438,2021-03-14,35458.99,4.15,36,1564.07,467.0,No,Pagado,1995-10-02
100439,Cliente 439,2021-03-15,4526.76,21.64,36,6375.77,583.0,Sí,Activo,2001-03-26
100440,Cliente 440,2021-03-16,4699.47,13.4,12,1079.02,793.0,Sí,Activo,1996-06-06
100441,Cliente 441,2021-03-17,49338.66,8.18,12,12610.65,335.0,No,Pagado,1960-01-26
100442,Cliente 442,2021-03-18,19026.4,6.38,24,3541.22,474.0,Sí,En Mora,1993-03-31
100443,Cliente 443,2021-03-19,18846.79,24.0,12,5260.48,498.0,Sí,Pagado,1968-03-23
100444,Cliente 444,2021-03-20,40733.58,5.06,48,13115.7,415.0,Sí,Activo,1948-05-09
100445,Cliente 445,2021-03-21,47388.8,7.78,48,11320.86,614.0,Sí,Pagado,1951-06-18
100446,Cliente 446,2021-03-22,49307.05,10.98,48,3676.06,519.0,Sí,Activo,1979-09-09
100447,Cliente 447,2021-03-23,37792.22,16.84,60,1542.54,433.0,No,En Mora,1996-02-14
100448,Cliente 448,2021-03-24,19124.85,15.21,48,10877.27,421.0,Sí,En Mora,2000-01-04
100449,Cliente 449,2021-03-25,4633.29,6.2,12,6165.19,720.0,No,Pagado,1976-03-18
100450,Cliente 450,2021-03-26,38968.77,9.73,12,11608.16,791.0,Sí,Pagado,1967-02-06
100451,Cliente 451,2021-03-27,28141.01,8.63,48,6956.77,588.0,Sí,En Mora,1947-07-13
100452,Cliente 452,2021-03-28,21498.99,8.09,36,5517.03,352.0,Sí,En Mora,1973-02-24
100453,Cliente 453,2021-03-29,45364.54,12.34,36,7042.48,504.0,Sí,Pagado,1973-07-17
100454,Cliente 454,2021-03-30,6004.28,18.64,36,11354.11,647.0,Sí,Activo,1976-06-19
100455,Cliente 455,2021-03-31,24884.94,8.18,24,13582.19,350.0,Sí,En Mora,1974-11-30
100456,Cliente 456,2021-04-01,1062.01,11.38,60,1221.62,339.0,No,Pagado,1968-11-05
100457,Cliente 457,2021-04-02,23698.7,11.9,48,8099.62,549.0,No,Activo,1954-11-03
100458,Cliente 458,2021-04-03,3287.01,24.49,24,976.11,517.0,No,Activo,1977-03-13
100459,Cliente 459,2021-04-04,6381.49,24.03,36,7291.94,478.0,Sí,Pagado,1971-08-02
100460,Cliente 460,2021-04-05,6317.55,20.7,48,13336.6,482.0,No,Activo,1997-06-03
100461,Cliente 461,2021-04-06,32635.91,8.7,24,5743.06,463.0,Sí,Activo,2000-10-04
100462,Cliente 462,2021-04-07,37429.22,4.96,12,14020.53,676.0,No,Activo,1972-06-15
100463,Cliente 463,2021-04-08,29376.75,10.31,36,9643.82,796.0,Sí,Pagado,1980-11-21
100464,Cliente 464,2021-04-09,48127.54,9.24,24,14045.25,760.0,Sí,Activo,2002-05-20
100465,Cliente 465,2021-04-10,19056.09,14.38,12,11478.92,773.0,No,Pagado,1972-06-04
100466,Cliente 466,2021-04-11,14642.75,20.22,36,1999.81,336.0,Sí,En Mora,1991-10-19
100467,Cliente 467,2021-04-12,43495.66,21.95,60,3851.69,618.0,No,Pagado,1988-06-04
100468,Cliente 468,2021-04-13,11567.99,21.66,36,6215.47,711.0,Sí,Pagado,1994-04-10
100469,Cliente 469,2021-04-14,48179.52,11.23,60,2966.55,655.0,Sí,Activo,1993-12-08
100470,Cliente 470,2021-04-15,1101.65,18.28,60,7676.22,528.0,No,En Mora,1976-04-28
100471,Cliente 471,2021-04-16,48509.0,10.23,60,7334.84,563.0,Sí,Pagado,1966-01-01
100472,Cliente 472,2021-04-17,2636.42,4.81,48,14365.76,786.0,No,Pagado,1964-05-02
100473,Cliente 473,2021-04-18,44611.58,18.58,48,6789.05,651.0,Sí,Pagado,1953-06-30
100474,Cliente 474,2021-04-19,26621.2,3.71,60,11891.59,741.0,Sí,Pagado,1970-07-15
100475,Cliente 475,2021-04-20,49651.76,12.3,12,14157.7,758.0,Sí,Pagado,1976-06-11
100476,Cliente 476,2021-04-21,4152.93,10.58,60,13216.34,324.0,Sí,Pagado,1958-04-29
100477,Cliente 477,2021-04-22,27915.79,18.41,24,3525.68,430.0,No,Pagado,1997-10-30
100478,Cliente 478,2021-04-23,48480.48,19.97,60,7692.43,669.0,Sí,En Mora,1951-09-05
100479,Cliente 479,2021-04-24,26393.34,10.04,48,5542.23,735.0,Sí,Activo,1992-03-17
100480,Cliente 480,2021-04-25,31655.23,20.95,48,6297.95,523.0,No,Pagado,1954-05-16
100481,Cliente 481,2021-04-26,34939.56,9.82,24,5731.7,651.0,Sí,Pagado,1995-06-08
100482,Cliente 482,2021-04-27,22999.78,13.1,24,12482.21,784.0,No,En Mora,1979-07-11
100483,Cliente 483,2021-04-28,31564.12,19.13,36,7056.02,496.0,No,Pagado,1956-12-01
100484,Cliente 484,2021-04-29,29423.56,18.4,12,8093.57,408.0,Sí,En Mora,1967-07-05
100485,Cliente 485,2021-04-30,45107.32,24.73,12,14745.49,519.0,Sí,Activo,1998-01-31
100486,Cliente 486,2021-05-01,2749.6,8.34,12,1369.7,618.0,Sí,Activo,1984-05-22
100487,Cliente 487,2021-05-02,14407.68,17.74,48,7575.39,381.0,No,Activo,1985-05-22
100488,Cliente 488,2021-05-03,47545.37,16.61,12,11723.89,836.0,Sí,En Mora,1966-02-17
100489,Cliente 489,2021-05-04,44568.06,23.17,36,2691.85,731.0,No,Pagado,1979-11-30
100490,Cliente 490,2021-05-05,23055.01,6.86,36,9367.21,307.0,Sí,En Mora,1967-10-07
100491,Cliente 491,2021-05-06,31196.56,19.66,12,3972.24,448.0,No,Activo,1953-07-12
100492,Cliente 492,2021-05-07,14230.37,15.72,24,13077.36,397.0,No,Activo,1955-12-24
100493,Cliente 493,2021-05-08,9812.0,9.41,36,5242.95,400.0,No,En Mora,1971-10-10
100494,Cliente 494,2021-05-09,23453.07,13.7,24,5271.41,666.0,Sí,Pagado,2002-03-25
100495,Cliente 495,2021-05-10,17990.94,10.68,48,9173.81,761.0,Sí,Pagado,1970-11-06
100496,Cliente 496,2021-05-11,29390.98,15.96,36,3161.66,713.0,Sí,Pagado,1990-05-20
100497,Cliente 497,2021-05-12,4347.86,22.61,24,4630.89,558.0,Sí,Activo,1954-05-13
100498,Cliente 498,2021-05-13,48732.54,15.74,12,6541.16,655.0,Sí,Pagado,1968-07-20
100499,Cliente 499,2021-05-14,49317.43,17.08,48,5627.75,310.0,No,Pagado,1956-09-22
100500,Cliente 500,2021-05-15,35059.0,14.65,60,8110.72,715.0,No,Activo,1948-09-26
100501,Cliente 501,2021-05-16,27036.77,4.6,60,9194.78,549.0,Sí,Pagado,1977-08-16
100502,Cliente 502,2021-05-17,15821.62,8.51,12,8716.68,849.0,No,En Mora,1984-11-28
100503,Cliente 503,2021-05-18,40782.85,14.08,48,9985.44,421.0,Sí,Pagado,2001-12-24
100504,Cliente 504,2021-05-19,34394.19,10.17,48,4962.37,364.0,Sí,En Mora,1954-01-05
100505,Cliente 505,2021-05-20,8549.54,7.41,48,2333.18,601.0,No,Pagado,1954-12-20
100506,Cliente 506,2021-05-21,45590.9,14.34,48,11531.71,424.0,No,En Mora,1998-08-10
100507,Cliente 507,2021-05-22,41215.59,10.44,60,12836.32,611.0,Sí,Activo,1999-01-19
100508,Cliente 508,2021-05-23,47515.1,9.05,24,4226.59,490.0,No,Activo,1961-12-10
100509,Cliente 509,2021-05-24,36423.12,13.48,48,6402.83,749.0,No,En Mora,1969-07-18
100510,Cliente 510,2021-05-25,30864.05,6.37,24,7729.25,458.0,Sí,Activo,1981-08-25
100511,Cliente 511,2021-05-26,21203.03,23.45,48,8233.24,652.0,Sí,Pagado,1970-02-09
100512,Cliente 512,2021-05-27,46670.06,22.16,36,10062.61,562.0,No,Activo,1960-10-03
100513,Cliente 513,2021-05-28,43370.16,18.71,36,1103.25,705.0,No,Pagado,1958-05-21
100514,Cliente 514,2021-05-29,2738.32,5.78,36,10961.42,316.0,Sí,Pagado,1963-01-01
100515,Cliente 515,2021-05-30,1805.17,20.18,48,1398.58,559.0,Sí,Pagado,1973-02-14
100516,Cliente 516,2021-05-31,19134.94,20.87,24,7290.18,654.0,Sí,Pagado,1988-10-16
100517,Cliente 517,2021-06-01,40622.39,20.01,60,12501.23,788.0,No,Activo,1950-10-25
100518,###Cliente??,2021-06-02,49370.17,5.95,12,7042.62,513.0,Sí,Pagado,1993-07-11
100519,Cliente 519,2021-06-03,7945.64,17.34,60,2661.8,538.0,Sí,Pagado,1947-01-26
100520,Cliente 520,2021-06-04,29909.47,21.44,48,14782.99,479.0,No,En Mora,1983-06-06
100521,Cliente 521,2021-06-05,19354.1,15.91,36,13394.64,718.0,Sí,Pagado,1959-05-08
100522,Cliente 522,2021-06-06,48510.76,17.4,36,11684.05,442.0,No,Activo,1951-12-30
100523,Cliente 523,2021-06-07,42184.89,13.35,24,6466.92,616.0,No,Activo,1970-06-06
100524,Cliente 524,2021-06-08,41997.27,14.87,48,3165.76,543.0,No,Pagado,1952-06-28
100525,Cliente 525,2021-06-09,23700.31,4.24,60,14150.46,531.0,No,Pagado,1966-12-21
100526,Cliente 526,2021-06-10,21033.57,17.24,48,8219.09,602.0,No,Pagado,1949-05-03
100527,Cliente 527,2021-06-11,14033.65,5.25,48,12859.15,630.0,Sí,En Mora,1976-12-08
100528,Cliente 528,2021-06-12,3290.59,12.85,36,5460.38,547.0,No,Pagado,1980-06-25
100529,Cliente 529,2021-06-13,43303.76,9.79,60,5361.68,582.0,Sí,En Mora,1952-07-09
100530,Cliente 530,2021-06-14,40738.6,15.23,12,14790.34,586.0,Sí,Activo,1990-11-22
100531,Cliente 531,2021-06-15,49986.02,6.37,36,8066.58,331.0,Sí,En Mora,1960-07-15
100532,Cliente 532,2021-06-16,49833.52,18.37,60,2540.08,799.0,Sí,Pagado,1985-03-26
100533,Cliente 533,2021-06-17,27993.87,20.59,24,3685.28,829.0,Sí,Pagado,1947-02-02
100534,Cliente 534,2021-06-18,38564.88,7.01,36,7488.19,680.0,Sí,Activo,1982-04-07
100535,Cliente 535,2021-06-19,47265.9,5.74,24,1115.83,362.0,Sí,En Mora,1949-12-17
100536,Cliente 536,2021-06-20,42557.55,6.63,36,7206.74,427.0,No,Pagado,1972-08-21
100537,Cliente 537,2021-06-21,12743.73,22.36,48,6574.64,827.0,Sí,En Mora,1973-01-22
100538,Cliente 538,2021-06-22,22801.93,14.86,60,11800.38,462.0,Sí,En Mora,1956-07-13
100539,Cliente 539,2021-06-23,6893.39,13.55,24,5646.66,550.0,Sí,Pagado,1957-03-02
100540,Cliente 540,2021-06-24,47725.53,5.79,36,14746.96,594.0,Sí,Activo,1978-01-26
100541,Cliente 541,2021-06-25,30505.64,17.47,24,3121.16,478.0,No,Activo,1947-03-23
100542,Cliente 542,2021-06-26,11817.82,22.16,36,9069.31,528.0,Sí,Activo,1968-06-22
100543,Cliente 543,2021-06-27,33749.18,21.31,36,1800.64,693.0,Sí,Activo,1993-09-10
100544,Cliente 544,2021-06-28,31097.35,16.96,12,11141.03,695.0,No,Activo,1974-10-13
100545,Cliente 545,2021-06-29,18229.05,5.12,12,14923.93,371.0,Sí,Activo,1956-04-17
100546,Cliente 546,2021-06-30,6121.1,5.92,12,12377.51,617.0,No,En Mora,1993-07-27
100547,Cliente 547,2021-07-01,33742.87,4.56,24,8557.7,678.0,Sí,En Mora,1976-03-08
100548,Cliente 548,2021-07-02,26255.23,9.04,48,7528.75,435.0,Sí,Pagado,1949-10-16
100549,Cliente 549,2021-07-03,38729.76,6.42,36,12607.93,677.0,Sí,Pagado,1952-03-02
100550,Cliente 550,XX/YY/ZZZZ,26248.09,9.09,60,14071.62,418.0,Sí,Pagado,1957-01-02
100551,Cliente 551,2021-07-05,42682.98,11.78,12,14843.49,829.0,Sí,Activo,2001-12-27
100552,Cliente 552,2021-07-06,27819.39,23.77,24,6249.82,822.0,Sí,En Mora,1961-04-30
100553,Cliente 553,2021-07-07,28266.43,16.62,24,14868.3,686.0,No,Activo,1964-02-20
100554,Cliente 554,2021-07-08,43894.35,21.45,24,2760.93,568.0,No,Activo,1954-07-19
100555,Cliente 555,2021-07-09,20472.4,18.77,60,4176.47,823.0,Sí,Pagado,1977-05-09
100556,Cliente 556,2021-07-10,7133.75,5.92,60,1790.73,846.0,Sí,Pagado,1998-12-02
100557,Cliente 557,2021-07-11,1924.74,19.32,12,4440.21,785.0,No,Pagado,1979-02-25
100558,Cliente 558,2021-07-12,37879.29,9.41,60,11635.09,737.0,Sí,Pagado,1994-12-30
100559,Cliente 559,2021-07-13,31205.32,17.24,12,12867.4,410.0,Sí,En Mora,1949-10-14
100560,Cliente 560,2021-07-14,35351.95,10.83,60,11793.94,621.0,Sí,Activo,1974-05-19
100561,Cliente 561,2021-07-15,11041.73,24.95,60,9650.45,826.0,No,Pagado,1982-03-17
100562,Cliente 562,2021-07-16,7250.39,9.17,60,7952.51,476.0,Sí,Activo,1949-08-07
100563,Cliente 563,2021-07-17,1219.96,9.5,12,10776.21,837.0,No,Activo,1948-03-06
100564,Cliente 564,2021-07-18,17854.08,23.51,36,6167.09,772.0,Sí,Pagado,1948-02-16
100565,Cliente 565,2021-07-19,29700.93,4.03,12,12698.97,687.0,Sí,Activo,1993-08-27
100566,Cliente 566,2021-07-20,19916.08,18.48,36,10319.26,397.0,Sí,Pagado,1954-05-28
100567,Cliente 567,2021-07-21,22155.01,19.09,24,10618.17,710.0,Sí,Activo,1948-09-27
100568,Cliente 568,2021-07-22,45255.86,21.48,24,8271.07,674.0,Sí,Pagado,1963-05-25
100569,Cliente 569,2021-07-23,17738.65,24.45,12,13335.82,469.0,No,Activo,1971-07-24
100570,Cliente 570,2021-07-24,25942.48,24.48,36,4154.21,355.0,Sí,En Mora,1969-08-02
100571,Cliente 571,2021-07-25,39290.82,4.9,36,6026.64,624.0,No,Activo,1978-02-09
100572,Cliente 572,2021-07-26,20128.87,21.17,36,11775.82,559.0,Sí,En Mora,1989-02-25
100573,Cliente 573,2021-07-27,31293.29,17.4,24,7644.86,639.0,Sí,Pagado,1999-05-11
100574,Cliente 574,2021-07-28,43187.0,17.42,12,13393.6,703.0,Sí,En Mora,1965-11-27
100575,Cliente 575,2021-07-29,47501.27,6.26,48,5522.79,831.0,Sí,Activo,1953-07-25
100576,Cliente 576,2021-07-30,7780.14,17.48,36,5855.29,473.0,Sí,Activo,2001-06-01
100577,Cliente 577,2021-07-31,46366.09,24.62,36,13386.67,837.0,No,Activo,1974-02-02
100578,Cliente 578,2021-08-01,24859.76,23.1,48,7233.37,459.0,Sí,Activo,1992-11-05
100579,Cliente 579,2021-08-02,13283.1,12.94,12,7983.81,309.0,Sí,En Mora,1966-01-02
100580,Cliente 580,2021-08-03,23227.22,4.36,36,5325.07,555.0,Sí,Pagado,1971-09-01
100581,Cliente 581,2021-08-04,49011.61,11.29,12,4511.71,643.0,No,Pagado,1967-01-18
100582,Cliente 582,2021-08-05,24884.6,21.27,36,10011.26,835.0,No,Activo,1960-10-26
100583,Cliente 583,2021-08-06,16773.2,18.58,60,2237.69,672.0,Sí,Activo,1962-03-23
100584,Cliente 584,2021-08-07,31853.34,13.38,36,13249.45,734.0,Sí,Pagado,1984-10-29
100585,Cliente 585,2021-08-08,12387.21,4.68,60,11798.45,345.0,No,Activo,1965-07-23
100586,Cliente 586,2021-08-09,4255.23,12.68,12,3265.85,354.0,No,Activo,1964-02-18
100587,Cliente 587,2021-08-10,6879.55,13.58,36,10563.29,377.0,Sí,En Mora,1967-08-21
100588,Cliente 588,2021-08-11,6838.27,23.46,24,9238.18,790.0,Sí,Activo,1971-03-10
100589,Cliente 589,2021-08-12,8019.18,17.28,24,3175.76,571.0,No,Pagado,1967-02-28
100590,Cliente 590,2021-08-13,7371.95,10.2,48,4461.45,849.0,Sí,Activo,1982-10-01
100591,Cliente 591,2021-08-14,32223.3,14.79,24,6430.3,410.0,Sí,Pagado,1953-02-28
100592,Cliente 592,2021-08-15,9503.06,4.92,60,10639.02,314.0,Sí,En Mora,1963-03-13
100593,Cliente 593,2021-08-16,17610.53,24.41,24,9761.49,377.0,Sí,En Mora,1995-09-18
100594,Cliente 594,2021-08-17,44891.03,11.24,24,8217.41,800.0,No,En Mora,1989-08-16
100595,Cliente 595,2021-08-18,23961.1,13.77,24,11641.95,717.0,Sí,En Mora,1946-09-23
100596,Cliente 596,2021-08-19,33544.11,11.14,36,11490.1,574.0,No,Activo,1976-08-05
100597,Cliente 597,2021-08-20,9029.83,18.17,48,9458.96,793.0,Sí,En Mora,1975-06-28
100598,Cliente 598,2021-08-21,10018.31,17.74,12,11911.36,496.0,No,Activo,1992-04-08
100599,Cliente 599,2021-08-22,2523.0,18.88,48,5346.82,675.0,Sí,Pagado,1972-07-07
100600,Cliente 600,2021-08-23,8862.29,9.27,60,13278.12,362.0,Sí,Activo,1982-02-11
100601,Cliente 601,2021-08-24,14290.22,10.29,36,9416.2,660.0,No,Pagado,1947-07-17
100602,Cliente 602,2021-08-25,9262.02,6.19,36,12424.27,843.0,Sí,En Mora,1996-02-18
100603,Cliente 603,2021-08-26,4890.78,17.59,24,8421.05,409.0,Sí,Pagado,1985-04-17
100604,Cliente 604,2021-08-27,6471.48,4.36,24,3667.35,493.0,Sí,En Mora,1963-10-27
100605,Cliente 605,2021-08-28,23308.55,16.35,60,8364.95,818.0,Sí,Pagado,1979-04-12
100606,Cliente 606,2021-08-29,10713.52,22.2,36,5881.12,758.0,Sí,Activo,1993-09-19
100607,Cliente 607,2021-08-30,18531.36,22.65,12,10613.74,600.0,No,Pagado,1974-02-03
100608,Cliente 608,2021-08-31,25419.15,13.15,48,7399.01,795.0,Sí,Pagado,1973-11-12
100609,Cliente 609,2021-09-01,34674.54,13.38,36,12623.64,448.0,Sí,Activo,1989-05-03
100610,Cliente 610,2021-09-02,2445.95,5.15,12,10332.05,760.0,Sí,Pagado,1997-05-23
100611,Cliente 611,2021-09-03,40070.81,17.92,12,10425.89,438.0,Sí,Activo,1959-04-19
100612,Cliente 612,2021-09-04,31581.07,21.16,48,3648.75,591.0,No,Activo,1952-12-15
100613,Cliente 613,2021-09-05,4547.07,8.76,12,14771.62,634.0,No,Activo,1985-10-30
100614,Cliente 614,2021-09-06,43742.14,12.56,60,12704.29,483.0,Sí,Pagado,1997-04-22
100615,Cliente 615,2021-09-07,46083.18,21.54,12,11940.57,606.0,Sí,Pagado,1997-11-23
100616,Cliente 616,2021-09-08,3523.36,22.36,60,5288.12,561.0,Sí,Pagado,1990-04-06
100617,Cliente 617,2021-09-09,14205.44,8.73,12,8266.66,609.0,Sí,Pagado,1983-08-25
100618,Cliente 618,2021-09-10,40406.96,15.34,24,2488.0,643.0,Sí,Pagado,1986-08-19
100619,Cliente 619,2021-09-11,37538.85,7.64,12,8307.9,723.0,Sí,Activo,1975-05-21
100620,Cliente 620,2021-09-12,9633.79,5.69,60,2615.39,813.0,Sí,En Mora,1966-12-18
100621,Cliente 621,2021-09-13,10862.79,23.09,12,8519.05,823.0,Sí,Pagado,1968-04-19
100622,Cliente 622,2021-09-14,18838.37,21.14,12,9906.47,560.0,Sí,Pagado,1964-05-28
100623,Cliente 623,2021-09-15,24483.89,19.84,12,6157.84,661.0,Sí,En Mora,1973-05-19
100624,Cliente 624,2021-09-16,31103.61,4.55,60,7728.9,468.0,No,Pagado,2000-03-06
100625,Cliente 625,2021-09-17,18761.23,21.64,12,13196.97,499.0,Sí,Activo,1998-12-11
100626,Cliente 626,2021-09-18,23395.47,12.92,48,2074.17,684.0,Sí,Pagado,1977-05-24
100627,Cliente 627,2021-09-19,37499.81,10.86,48,11980.13,611.0,Sí,Activo,1971-06-20
100628,Cliente 628,2021-09-20,2315.82,15.25,60,2975.94,611.0,No,Activo,1950-01-16
100629,Cliente 629,2021-09-21,12995.63,5.46,24,1032.27,694.0,Sí,Activo,1957-04-01
100630,Cliente 630,2021-09-22,35810.8,19.77,48,3190.83,650.0,Sí,Pagado,1959-12-17
100631,Cliente 631,2021-09-23,44812.74,16.02,36,11593.13,327.0,Sí,Pagado,1966-01-23
100632,Cliente 632,2021-09-24,25828.03,7.51,48,6374.33,432.0,No,En Mora,1964-11-15
100633,Cliente 633,2021-09-25,26839.62,7.55,36,13151.55,679.0,No,Activo,1998-09-08
100634,Cliente 634,2021-09-26,5805.01,7.46,60,8108.26,827.0,Sí,Activo,1995-01-30
100635,Cliente 635,2021-09-27,22646.91,4.73,24,822.63,586.0,No,Activo,1968-08-17
100636,Cliente 636,2021-09-28,26864.55,16.14,36,10892.35,583.0,No,Pagado,1949-07-20
100637,Cliente 637,2021-09-29,12502.29,21.57,36,2098.38,526.0,No,Pagado,1974-09-13
100638,Cliente 638,2021-09-30,13827.54,3.88,48,11946.0,726.0,No,Pagado,1962-06-11
100639,Cliente 639,2021-10-01,19175.57,4.55,36,2937.49,326.0,Sí,En Mora,1951-06-14
100640,Cliente 640,2021-10-02,1493.52,15.81,60,5508.97,631.0,No,Pagado,1989-07-27
100641,Cliente 641,2021-10-03,16442.92,21.12,60,11538.44,416.0,Sí,Pagado,1956-06-18
100642,Cliente 642,2021-10-04,10966.68,10.52,60,14336.35,388.0,Sí,Activo,1993-06-02
100643,Cliente 643,2021-10-05,16711.12,11.02,48,5885.79,421.0,Sí,Activo,1972-06-27
100644,Cliente 644,2021-10-06,6428.23,16.32,24,12526.3,332.0,Sí,Activo,1972-05-05
100645,Cliente 645,2021-10-07,44581.1,9.4,48,3266.49,697.0,Sí,Activo,1982-07-14
100646,Cliente 646,2021-10-08,29882.83,4.07,60,12204.11,824.0,No,Activo,1965-01-20
100647,Cliente 647,2021-10-09,34115.56,19.31,48,10033.66,323.0,Sí,Pagado,1952-05-02
100648,Cliente 648,2021-10-10,39563.98,16.95,60,3294.78,624.0,Sí,Pagado,1968-03-19
100649,Cliente 649,2021-10-11,25172.89,15.99,12,4886.31,333.0,Sí,Activo,1949-07-22
100650,Cliente 650,2021-10-12,4802.55,19.45,12,2410.68,546.0,Sí,En Mora,1983-10-07
100651,Cliente 651,2021-10-13,27086.77,18.02,36,6053.02,318.0,No,En Mora,1948-08-11
100652,Cliente 652,2021-10-14,29548.64,7.93,24,3452.91,329.0,Sí,Pagado,1959-06-10
100653,Cliente 653,2021-10-15,37399.25,11.08,12,9837.97,348.0,Sí,En Mora,1953-05-05
100654,Cliente 654,2021-10-16,21867.15,6.21,60,14920.32,479.0,No,En Mora,1973-02-27
100655,Cliente 655,2021-10-17,6815.22,6.29,48,674.13,669.0,Sí,Pagado,2003-10-13
100656,Cliente 656,2021-10-18,14546.91,18.04,48,8343.34,694.0,No,En Mora,1947-06-13
100657,Cliente 657,2021-10-19,18472.57,21.96,36,8818.17,795.0,Sí,Pagado,1969-09-27
100658,Cliente 658,2021-10-20,32472.9,24.2,48,13756.03,730.0,No,Activo,1972-07-18
100659,Cliente 659,2021-10-21,28753.53,17.01,12,7837.08,506.0,Sí,Activo,2001-09-14
100660,Cliente 660,2021-10-22,18126.79,7.46,48,8383.67,334.0,No,Activo,1955-08-02
100661,Cliente 661,2021-10-23,49332.5,5.77,12,7338.97,712.0,Sí,Activo,1993-12-09
100662,Cliente 662,2021-10-24,30485.85,20.98,12,4399.11,663.0,Sí,Pagado,1999-01-23
100663,Cliente 663,2021-10-25,12242.73,15.94,24,1312.42,609.0,No,Activo,1961-03-28
100664,Cliente 664,2021-10-26,5538.23,16.79,36,6425.54,578.0,Sí,En Mora,1949-06-27
100665,Cliente 665,2021-10-27,8066.53,20.3,60,1262.58,451.0,No,Activo,1977-02-15
100666,Cliente 666,2021-10-28,12674.91,18.62,12,8482.14,526.0,No,Pagado,1956-07-27
100667,Cliente 667,2021-10-29,8453.73,21.44,36,4955.76,542.0,Sí,Activo,1997-01-15
100668,Cliente 668,2021-10-30,9735.07,4.71,60,8237.23,309.0,Sí,Pagado,1994-08-13
100669,Cliente 669,2021-10-31,14612.21,19.57,48,2447.31,691.0,No,Pagado,1991-02-06
100670,Cliente 670,2021-11-01,9081.99,21.79,36,14023.13,347.0,No,Activo,1986-10-22
100671,Cliente 671,2021-11-02,44889.89,9.65,36,13470.56,503.0,Sí,Activo,1953-03-12
100672,Cliente 672,2021-11-03,4471.57,17.27,36,3254.95,456.0,Sí,En Mora,1946-12-09
100673,Cliente 673,2021-11-04,26463.31,10.25,48,5479.94,325.0,Sí,Activo,1966-03-27
100674,Cliente 674,2021-11-05,20814.64,24.1,48,9395.65,720.0,Sí,Pagado,1955-08-19
100675,Cliente 675,2021-11-06,49127.74,4.22,36,1887.45,563.0,Sí,Activo,1978-12-24
100676,Cliente 676,2021-11-07,6045.93,15.97,24,5641.23,828.0,No,Pagado,1978-10-28
100677,Cliente 677,2021-11-08,20193.85,7.08,12,4141.13,769.0,No,Activo,1993-12-24
100678,Cliente 678,2021-11-09,48488.79,18.81,48,13774.99,553.0,No,En Mora,1993-09-13
100679,Cliente 679,2021-11-10,43342.6,7.28,24,12861.4,845.0,Sí,Activo,1982-08-31
100680,Cliente 680,2021-11-11,40945.07,8.56,48,8907.57,446.0,Sí,En Mora,1965-02-14
100681,Cliente 681,2021-11-12,13266.19,14.13,36,8045.02,625.0,No,En Mora,1974-10-26
100682,Cliente 682,2021-11-13,8958.94,23.17,24,13995.52,637.0,No,En Mora,1966-03-05
100683,Cliente 683,2021-11-14,33597.84,8.05,60,14020.2,417.0,Sí,Pagado,1985-07-27
100684,Cliente 684,2021-11-15,46504.11,6.6,12,14555.29,464.0,Sí,Pagado,1990-12-25
100685,Cliente 685,2021-11-16,28059.76,19.82,12,2317.99,849.0,Sí,Activo,1970-11-11
100686,Cliente 686,2021-11-17,28794.83,14.26,48,2828.09,497.0,Sí,Pagado,1968-01-12
100687,Cliente 687,2021-11-18,14358.97,23.1,12,10312.68,673.0,Sí,En Mora,1997-01-10
100688,Cliente 688,2021-11-19,38589.9,6.65,60,8350.8,428.0,Sí,Pagado,1966-05-12
100689,Cliente 689,2021-11-20,9758.67,17.39,24,767.76,713.0,Sí,Pagado,1947-07-31
100690,Cliente 690,2021-11-21,16522.12,8.51,24,1398.64,679.0,No,En Mora,1947-12-13
100691,Cliente 691,2021-11-22,21559.1,6.87,36,13377.17,300.0,Sí,Activo,2002-08-22
100692,Cliente 692,2021-11-23,25626.71,18.19,24,13098.63,466.0,Sí,En Mora,1994-09-23
100693,Cliente 693,2021-11-24,12499.28,16.26,48,5680.43,315.0,No,Pagado,2000-08-30
100694,Cliente 694,2021-11-25,6184.42,19.73,60,13420.23,411.0,Sí,Pagado,1994-05-06
100695,Cliente 695,2021-11-26,30725.69,10.15,36,9108.29,667.0,No,Activo,1958-06-03
100696,Cliente 696,2021-11-27,14787.21,13.13,48,12185.63,401.0,No,Activo,1994-05-10
100697,Cliente 697,2021-11-28,29271.29,12.22,48,6697.75,705.0,No,Activo,1969-11-22
100698,Cliente 698,2021-11-29,8140.95,24.66,48,2144.28,806.0,Sí,Pagado,1955-03-26
100699,Cliente 699,2021-11-30,24316.44,9.78,12,6789.04,339.0,Sí,Activo,1963-07-29
100700,Cliente 700,2021-12-01,26863.18,9.84,48,7130.85,847.0,Sí,Activo,1955-10-26
100701,Cliente 701,2021-12-02,3065.27,11.12,12,8488.69,680.0,No,Activo,1957-01-12
100702,Cliente 702,2021-12-03,17161.91,15.64,24,2030.95,815.0,Sí,Pagado,1961-08-04
100703,Cliente 703,2021-12-04,7153.53,8.92,12,14875.33,796.0,Sí,Activo,1964-07-08
100704,Cliente 704,2021-12-05,3637.06,23.18,48,4039.98,580.0,Sí,En Mora,2000-05-28
100705,Cliente 705,2021-12-06,49503.03,9.21,60,3379.01,650.0,Sí,En Mora,1985-04-19
100706,Cliente 706,2021-12-07,16456.52,22.76,60,8138.64,633.0,No,En Mora,1995-12-21
100707,Cliente 707,2021-12-08,40588.79,5.72,24,8289.52,823.0,Sí,Activo,1977-12-22
100708,Cliente 708,2021-12-09,13104.71,17.62,48,6877.4,582.0,Sí,Activo,1988-04-14
100709,Cliente 709,2021-12-10,34234.38,23.0,12,11692.44,618.0,Sí,Activo,1998-05-03
100710,Cliente 710,2021-12-11,38131.28,7.13,60,7991.49,713.0,No,Activo,1974-10-14
100711,Cliente 711,2021-12-12,29984.12,24.32,36,9340.58,313.0,No,Activo,1979-12-24
100712,Cliente 712,2021-12-13,23843.02,13.24,48,10994.32,355.0,Sí,Activo,1967-11-12
100713,Cliente 713,2021-12-14,20886.13,23.83,48,862.86,702.0,Sí,Pagado,1983-01-06
100714,Cliente 714,2021-12-15,17768.98,18.05,36,8774.34,641.0,Sí,Pagado,1982-07-11
100715,Cliente 715,2021-12-16,46511.69,9.98,60,13320.82,498.0,Sí,Activo,1958-06-15
100716,Cliente 716,2021-12-17,41615.66,7.55,36,752.14,591.0,Sí,Pagado,1978-04-19
100717,Cliente 717,2021-12-18,48268.83,10.03,24,6375.14,740.0,Sí,Activo,1951-03-15
100718,Cliente 718,2021-12-19,6652.71,5.5,12,13930.3,377.0,No,Activo,1976-03-10
100719,Cliente 719,2021-12-20,36677.94,6.59,12,5620.74,411.0,No,En Mora,1959-01-13
100720,Cliente 720,2021-12-21,46947.85,5.75,60,7151.57,834.0,Sí,Activo,1992-05-18
100721,Cliente 721,2021-12-22,9471.04,12.59,36,14732.35,674.0,Sí,En Mora,1979-10-04
100722,Cliente 722,2021-12-23,3791.57,20.6,48,3390.2,415.0,Sí,Pagado,1950-01-20
100723,Cliente 723,2021-12-24,37185.47,6.54,48,1446.2,441.0,Sí,Pagado,1978-04-27
100724,Cliente 724,2021-12-25,28936.42,6.3,48,12961.63,496.0,Sí,Activo,1991-09-16
100725,Cliente 725,2021-12-26,42170.52,17.33,24,13092.75,839.0,No,Activo,1949-11-13
100726,Cliente 726,2021-12-27,7418.73,7.74,24,7345.13,598.0,Sí,En Mora,1953-01-06
100727,Cliente 727,2021-12-28,39865.73,5.6,48,7956.0,375.0,No,Pagado,1989-01-12
100728,Cliente 728,2021-12-29,10480.55,7.09,60,12619.19,829.0,Sí,Pagado,1950-04-20
100729,Cliente 729,2021-12-30,8600.97,23.36,24,11209.11,399.0,No,En Mora,1983-02-19
100730,Cliente 730,2021-12-31,8631.16,21.16,24,4344.66,778.0,Sí,En Mora,1984-03-02
100731,Cliente 731,2022-01-01,40821.45,11.11,12,744.95,767.0,No,Activo,1966-04-05
100732,Cliente 732,2022-01-02,33427.26,17.6,12,7455.65,591.0,Sí,Activo,1953-11-25
100733,Cliente 733,2022-01-03,26391.74,15.05,60,12954.23,424.0,No,Activo,1965-02-16
100734,Cliente 734,2022-01-04,18262.11,18.06,24,13489.6,818.0,Sí,Pagado,1967-10-28
100735,Cliente 735,2022-01-05,43921.43,18.18,24,14365.28,322.0,Sí,Pagado,1961-01-22
100736,Cliente 736,2022-01-06,19926.03,17.02,36,13253.67,461.0,Sí,Activo,1953-06-09
100737,Cliente 737,2022-01-07,40921.67,9.22,60,8910.63,805.0,Sí,Activo,1970-10-17
100738,Cliente 738,2022-01-08,22237.18,4.34,60,6946.78,320.0,Sí,Pagado,1999-11-13
100739,Cliente 739,2022-01-09,19158.75,13.29,36,11735.32,763.0,Sí,Pagado,2002-05-16
100740,Cliente 740,2022-01-10,23402.65,22.66,36,11227.41,782.0,Sí,Activo,1969-07-19
100741,Cliente 741,2022-01-11,15418.2,15.74,12,8303.08,801.0,No,Pagado,1988-05-21
100742,Cliente 742,2022-01-12,37506.66,21.4,60,1766.25,608.0,Sí,Activo,1966-02-08
100743,Cliente 743,2022-01-13,25384.66,24.82,60,13928.18,502.0,No,En Mora,1978-05-14
100744,Cliente 744,2022-01-14,11994.53,7.02,36,7106.24,715.0,Sí,Pagado,1971-09-18
100745,Cliente 745,2022-01-15,45028.94,18.37,48,5768.34,441.0,Sí,Activo,1948-06-20
100746,Cliente 746,2022-01-16,19502.62,18.0,48,9628.73,406.0,Sí,Pagado,1959-01-19
100747,Cliente 747,2022-01-17,27405.87,24.57,12,10270.65,828.0,Sí,Pagado,2000-08-12
100748,Cliente 748,2022-01-18,45370.37,24.69,48,3554.97,836.0,Sí,Pagado,1996-03-06
100749,Cliente 749,2022-01-19,31399.78,18.26,48,12635.61,590.0,Sí,Activo,1996-01-07
100750,Cliente 750,2022-01-20,6286.45,8.74,48,4704.09,610.0,Sí,Activo,1984-07-01
100751,Cliente 751,2022-01-21,47021.69,20.67,24,3206.92,684.0,No,Pagado,1950-12-03
100752,Cliente 752,2022-01-22,31571.55,5.8,12,6392.8,352.0,Sí,Activo,1966-05-12
100753,Cliente 753,2022-01-23,17077.83,20.29,36,11093.12,482.0,No,Pagado,1952-04-18
100754,Cliente 754,2022-01-24,7393.97,23.07,48,14499.14,668.0,No,En Mora,1998-05-10
100755,Cliente 755,2022-01-25,39804.25,11.73,24,12234.58,312.0,Sí,En Mora,1977-07-21
100756,Cliente 756,2022-01-26,31193.6,17.06,48,14135.05,459.0,No,Activo,1971-12-28
100757,Cliente 757,2022-01-27,26906.32,12.75,24,2538.78,583.0,Sí,Pagado,1973-11-05
100758,Cliente 758,2022-01-28,44747.68,12.91,12,1532.06,586.0,No,Pagado,1954-10-15
100759,Cliente 759,2022-01-29,39535.56,10.17,48,8586.72,307.0,Sí,En Mora,1982-02-06
100760,Cliente 760,2022-01-30,8007.91,19.89,24,4709.31,371.0,Sí,Pagado,1978-07-07
100761,Cliente 761,2022-01-31,15930.24,23.63,60,12506.8,397.0,Sí,Activo,1998-03-27
100762,Cliente 762,2022-02-01,12800.21,23.73,60,10243.82,386.0,No,Pagado,1998-01-08
100763,Cliente 763,2022-02-02,37325.34,7.26,24,14575.56,400.0,No,En Mora,1970-09-10
100764,Cliente 764,2022-02-03,2159.86,22.31,48,4194.49,580.0,Sí,En Mora,1964-03-17
100765,Cliente 765,2022-02-04,28709.54,19.35,48,7543.87,588.0,Sí,En Mora,1977-10-27
100766,Cliente 766,2022-02-05,38241.7,8.94,12,7767.99,495.0,No,Activo,1972-02-03
100767,Cliente 767,2022-02-06,43899.9,4.95,12,3968.06,690.0,No,En Mora,1984-08-28
100768,Cliente 768,2022-02-07,17433.05,9.26,36,9056.35,749.0,Sí,Pagado,1997-05-18
100769,Cliente 769,2022-02-08,41152.24,23.11,12,6927.65,667.0,Sí,Activo,1977-08-01
100770,Cliente 770,2022-02-09,5976.27,17.11,48,6977.46,729.0,No,Pagado,1982-02-11
100771,Cliente 771,2022-02-10,42399.39,19.0,36,5759.68,395.0,No,Activo,2003-03-07
100772,Cliente 772,2022-02-11,6810.69,9.03,12,745.48,560.0,Sí,Activo,1999-05-30
100773,Cliente 773,2022-02-12,20165.72,18.97,24,8070.38,811.0,No,Pagado,1968-07-10
100774,Cliente 774,2022-02-13,39966.12,4.1,60,5361.09,420.0,Sí,En Mora,1956-06-17
100775,Cliente 775,2022-02-14,7920.91,11.57,12,519.14,665.0,No,Pagado,1968-10-11
100776,Cliente 776,2022-02-15,11847.94,16.98,12,4965.18,631.0,Sí,Activo,1998-12-06
100777,Cliente 777,2022-02-16,36251.5,6.64,24,4540.11,351.0,Sí,Activo,1962-05-25
100778,Cliente 778,2022-02-17,36141.81,21.19,48,6205.0,695.0,No,Pagado,1979-04-07
100779,Cliente 779,2022-02-18,32236.81,8.55,24,2411.85,617.0,Sí,Pagado,1950-04-30
100780,Cliente 780,2022-02-19,34850.45,17.52,12,7861.42,576.0,No,Activo,1980-01-18
100781,Cliente 781,2022-02-20,27364.86,12.21,48,10540.39,493.0,Sí,Pagado,1952-03-18
100782,Cliente 782,2022-02-21,12964.05,16.31,36,9637.69,320.0,No,Pagado,1987-02-21
100783,Cliente 783,2022-02-22,17611.95,5.81,12,12154.45,698.0,Sí,En Mora,1952-03-07
100784,Cliente 784,2022-02-23,9489.09,3.86,24,7054.12,501.0,Sí,Activo,1948-11-30
100785,Cliente 785,2022-02-24,45468.3,23.06,36,8026.83,765.0,No,Pagado,1949-10-13
100786,Cliente 786,2022-02-25,29377.89,9.3,60,12250.83,450.0,No,Pagado,1976-01-08
100787,Cliente 787,2022-02-26,20342.15,21.12,36,6701.67,458.0,Sí,Activo,1964-08-22
100788,Cliente 788,2022-02-27,23369.29,24.99,24,10673.19,609.0,Sí,Pagado,1962-05-05
100789,Cliente 789,2022-02-28,47390.53,8.05,36,6801.73,803.0,Sí,En Mora,1997-09-05
100790,Cliente 790,2022-03-01,8090.89,9.2,24,6557.17,325.0,Sí,Activo,1986-09-06
100791,Cliente 791,2022-03-02,29518.38,17.75,12,11522.98,365.0,No,Pagado,1956-06-04
100792,Cliente 792,2022-03-03,25541.49,24.26,48,3035.14,562.0,Sí,Activo,1955-10-16
100793,Cliente 793,2022-03-04,30766.98,23.19,60,5409.5,771.0,No,En Mora,1981-05-24
100794,Cliente 794,2022-03-05,1396.45,14.31,48,3750.5,466.0,Sí,En Mora,2003-09-06
100795,Cliente 795,2022-03-06,43670.13,20.59,48,5707.09,453.0,Sí,En Mora,1951-08-30
100796,Cliente 796,2022-03-07,46639.85,6.42,48,3840.43,642.0,Sí,Activo,1973-07-26
100797,Cliente 797,2022-03-08,28474.09,24.51,24,8901.38,712.0,Sí,Activo,1957-01-04
100798,Cliente 798,2022-03-09,34984.22,24.23,24,12073.48,483.0,Sí,Pagado,1967-12-31
100799,Cliente 799,2022-03-10,46163.72,7.02,60,11905.89,493.0,Sí,Pagado,1958-12-06
100800,Cliente 800,2022-03-11,35508.31,9.94,24,5785.26,301.0,No,Pagado,1947-07-11
100801,Cliente 801,2022-03-12,8050.68,5.65,24,14837.03,514.0,Sí,Activo,1956-06-19
100802,Cliente 802,2022-03-13,29026.27,9.34,24,9110.89,782.0,No,Activo,1957-04-09
100803,Cliente 803,2022-03-14,30532.39,21.04,24,6291.3,331.0,No,Pagado,1981-05-29
100804,Cliente 804,2022-03-15,21494.47,11.63,12,12615.32,314.0,Sí,En Mora,2002-07-08
100805,Cliente 805,2022-03-16,36953.99,5.4,60,11083.17,617.0,No,Pagado,1992-10-13
100806,Cliente 806,2022-03-17,46751.17,10.86,24,11364.49,542.0,Sí,Activo,1974-05-22
100807,Cliente 807,2022-03-18,46315.64,24.6,60,3344.02,316.0,Sí,Pagado,1959-08-18
100808,Cliente 808,2022-03-19,22816.55,17.04,36,7290.7,833.0,Sí,En Mora,1993-08-06
100809,Cliente 809,2022-03-20,6105.28,12.45,12,12996.51,380.0,No,Pagado,1987-10-09
100810,Cliente 810,2022-03-21,49249.64,7.08,24,7808.55,735.0,No,Pagado,1993-08-08
100811,Cliente 811,2022-03-22,42025.46,24.7,12,10410.06,307.0,Sí,Pagado,1972-07-17
100812,Cliente 812,2022-03-23,6670.8,21.15,12,9025.04,586.0,Sí,En Mora,1957-07-29
100813,Cliente 813,2022-03-24,46081.67,9.55,36,12714.17,485.0,Sí,En Mora,1997-04-22
100814,Cliente 814,2022-03-25,43559.87,5.01,60,4626.13,823.0,Sí,Pagado,1999-08-30
100815,Cliente 815,2022-03-26,26182.48,4.72,12,8844.39,721.0,Sí,Pagado,1969-11-02
100816,Cliente 816,2022-03-27,29768.13,6.09,48,2286.9,765.0,No,En Mora,1950-06-29
100817,Cliente 817,2022-03-28,20250.63,15.99,36,10508.06,382.0,Sí,Activo,1989-02-03
100818,Cliente 818,2022-03-29,3210.7,23.47,48,11113.53,782.0,Sí,Activo,1988-10-08
100819,Cliente 819,2022-03-30,17092.26,14.18,36,1121.14,624.0,Sí,Activo,1975-01-08
100820,Cliente 820,2022-03-31,40241.25,21.62,48,10298.97,718.0,Sí,Pagado,1975-02-27
100821,Cliente 821,2022-04-01,729.29,13.09,48,6513.01,350.0,Sí,Activo,1986-09-26
100822,Cliente 822,2022-04-02,17008.21,18.73,12,2299.4,326.0,Sí,En Mora,1996-07-08
100823,Cliente 823,2022-04-03,20209.35,19.24,12,6588.66,844.0,No,Pagado,1976-12-08
100824,Cliente 824,2022-04-04,27101.08,7.24,36,3316.38,361.0,No,En Mora,1957-05-29
100825,Cliente 825,2022-04-05,46032.85,11.27,60,6525.61,470.0,Sí,Pagado,1967-08-27
100826,Cliente 826,2022-04-06,17644.13,17.2,12,6072.92,585.0,Sí,Pagado,1964-03-23
100827,Cliente 827,2022-04-07,17674.18,5.02,12,11206.68,416.0,Sí,Pagado,1975-08-28
100828,Cliente 828,2022-04-08,37006.31,11.27,24,11726.13,303.0,No,Pagado,1981-12-13
100829,Cliente 829,2022-04-09,22884.79,15.0,12,9301.92,365.0,Sí,Pagado,1978-05-25
100830,Cliente 830,2022-04-10,11617.94,24.92,60,828.96,359.0,No,Activo,2001-09-08
100831,Cliente 831,2022-04-11,22895.76,13.7,24,13999.82,801.0,No,En Mora,1981-08-29
100832,Cliente 832,2022-04-12,7472.42,21.05,48,10450.38,528.0,Sí,Activo,1984-02-19
100833,Cliente 833,2022-04-13,9231.16,12.79,48,995.83,399.0,No,Pagado,1954-10-28
100834,Cliente 834,2022-04-14,25169.2,20.62,24,12373.08,418.0,No,Pagado,1978-05-31
100835,Cliente 835,2022-04-15,21236.81,16.3,24,3403.86,368.0,Sí,Activo,1974-02-21
100836,Cliente 836,2022-04-16,45784.87,22.56,24,8898.71,520.0,Sí,En Mora,1987-09-08
100837,Cliente 837,2022-04-17,18438.5,12.34,36,7266.2,522.0,No,Activo,1955-12-29
100838,Cliente 838,2022-04-18,29239.12,16.49,60,6587.66,803.0,Sí,En Mora,1977-09-17
100839,Cliente 839,2022-04-19,31797.08,17.05,60,13400.85,510.0,Sí,En Mora,1954-09-17
100840,Cliente 840,2022-04-20,1148.18,12.47,48,6841.74,561.0,Sí,Pagado,1966-08-21
100841,Cliente 841,2022-04-21,33345.1,6.6,48,1592.49,817.0,Sí,Activo,1957-05-15
100842,Cliente 842,2022-04-22,9312.78,5.51,48,14226.26,547.0,No,Pagado,1952-02-26
100843,Cliente 843,2022-04-23,48072.98,3.86,12,13847.76,556.0,Sí,Pagado,1964-04-04
100844,Cliente 844,2022-04-24,7858.81,22.28,48,10424.27,362.0,No,Activo,1975-09-09
100845,Cliente 845,2022-04-25,21023.89,8.58,24,7284.44,691.0,Sí,En Mora,1948-09-23
100846,Cliente 846,2022-04-26,4724.81,8.05,48,1846.46,839.0,No,Activo,1951-03-05
100847,Cliente 847,2022-04-27,49845.28,19.32,24,11965.85,716.0,Sí,Pagado,1978-04-20
100848,Cliente 848,2022-04-28,25358.65,10.38,36,1594.43,352.0,Sí,Activo,2003-12-04
100849,Cliente 849,2022-04-29,29971.56,14.38,12,1494.71,337.0,Sí,En Mora,1966-07-07
100850,Cliente 850,2022-04-30,3820.29,6.99,12,8292.07,607.0,No,Pagado,1962-10-16
100851,Cliente 851,2022-05-01,37623.04,24.13,60,2821.86,352.0,Sí,Activo,1999-02-17
100852,Cliente 852,2022-05-02,10890.33,21.81,36,612.09,751.0,No,En Mora,1977-12-11
100853,Cliente 853,2022-05-03,44953.69,22.07,24,6635.14,760.0,Sí,En Mora,1963-03-09
100854,Cliente 854,2022-05-04,10654.41,12.25,36,2489.65,785.0,Sí,Activo,1964-06-19
100855,Cliente 855,2022-05-05,9939.04,19.89,12,2827.47,436.0,No,En Mora,1976-07-31
100856,Cliente 856,2022-05-06,2309.21,6.59,24,1615.2,671.0,Sí,Activo,1984-06-24
100857,Cliente 857,2022-05-07,23867.31,3.69,36,3473.86,555.0,Sí,Activo,1963-12-06
100858,Cliente 858,2022-05-08,28459.64,3.93,12,10874.52,694.0,Sí,Activo,1969-09-05
100859,Cliente 859,2022-05-09,3752.58,16.11,24,12229.45,336.0,Sí,Activo,1954-11-27
100860,Cliente 860,2022-05-10,38888.62,13.29,24,7061.74,446.0,No,Pagado,1967-11-10
100861,Cliente 861,2022-05-11,22937.8,14.64,12,7845.03,307.0,Sí,Activo,1975-07-13
100862,Cliente 862,2022-05-12,26457.32,3.66,24,973.5,550.0,No,Pagado,1952-12-16
100863,Cliente 863,2022-05-13,22317.76,12.59,12,1505.09,746.0,No,Activo,1971-02-21
100864,Cliente 864,2022-05-14,20337.77,18.94,48,4234.73,562.0,Sí,En Mora,1972-09-03
100865,Cliente 865,2022-05-15,28202.2,13.02,48,8386.53,738.0,Sí,Activo,1981-06-21
100866,Cliente 866,2022-05-16,8184.39,19.24,24,11223.49,558.0,No,Activo,1967-03-19
100867,Cliente 867,2022-05-17,9505.44,8.51,24,9272.54,622.0,No,En Mora,1990-06-28
100868,Cliente 868,2022-05-18,43158.39,20.98,12,6185.85,829.0,Sí,En Mora,1966-03-26
100869,Cliente 869,2022-05-19,47332.72,16.15,24,2215.7,600.0,Sí,Activo,2003-09-02
100870,Cliente 870,2022-05-20,18978.81,8.03,60,11821.21,784.0,Sí,Pagado,1994-06-16
100871,Cliente 871,2022-05-21,13901.86,8.59,48,5774.9,391.0,Sí,Pagado,1964-06-16
100872,Cliente 872,2022-05-22,32377.98,17.0,24,11172.78,463.0,No,En Mora,1951-04-20
100873,Cliente 873,2022-05-23,20732.34,21.34,9999,7938.19,634.0,Sí,En Mora,1987-03-04
100874,Cliente 874,2022-05-24,1756.62,12.44,36,11210.6,614.0,Sí,Pagado,2002-03-15
100875,Cliente 875,2022-05-25,8229.55,9.05,24,13655.7,537.0,No,Pagado,1985-08-22
100876,Cliente 876,2022-05-26,35940.63,22.14,60,13854.93,382.0,No,Pagado,1983-07-01
100877,Cliente 877,2022-05-27,33116.74,17.89,48,8259.05,408.0,No,Pagado,1980-11-30
100878,Cliente 878,2022-05-28,1841.25,13.13,36,7916.87,477.0,Sí,Pagado,1973-08-26
100879,Cliente 879,2022-05-29,11487.62,13.99,12,4352.34,549.0,Sí,Pagado,1974-02-08
100880,Cliente 880,2022-05-30,11938.2,7.89,12,14069.1,,Sí,Pagado,1991-12-30
100881,Cliente 881,2022-05-31,33758.69,16.98,48,7139.83,638.0,No,En Mora,1955-05-22
100882,Cliente 882,2022-06-01,1475.67,11.21,12,2350.07,468.0,No,Pagado,1954-04-11
100883,Cliente 883,2022-06-02,5653.37,24.91,60,6774.22,438.0,No,Activo,1990-05-05
100884,Cliente 884,2022-06-03,40095.85,13.82,24,2342.27,816.0,No,En Mora,1983-04-26
100885,Cliente 885,2022-06-04,9337.96,13.95,48,7786.71,483.0,Sí,Pagado,1995-02-01
100886,Cliente 886,2022-06-05,32810.93,15.67,36,8638.49,469.0,Sí,Pagado,1984-12-09
100887,Cliente 887,2022-06-06,12290.05,23.21,24,5397.46,661.0,Sí,Activo,1950-12-08
100888,Cliente 888,2022-06-07,5422.35,20.72,12,1538.93,543.0,No,Pagado,2000-12-24
100889,Cliente 889,2022-06-08,12537.02,13.2,12,14180.8,437.0,Sí,Activo,2002-06-06
100890,###Cliente??,2022-06-09,36252.21,18.95,36,11713.62,327.0,Sí,En Mora,1996-01-22
100891,Cliente 891,2022-06-10,42856.98,16.1,60,12663.78,818.0,Sí,En Mora,1961-02-13
100892,Cliente 892,2022-06-11,41595.88,14.09,36,5819.59,697.0,Sí,Activo,1966-04-04
100893,Cliente 893,2022-06-12,20160.58,7.63,48,11532.05,632.0,No,En Mora,1982-03-27
100894,Cliente 894,2022-06-13,33570.21,13.47,36,7537.91,616.0,Sí,Activo,1961-12-12
100895,Cliente 895,2022-06-14,10646.72,8.79,12,3415.71,725.0,No,Activo,1955-12-25
100896,Cliente 896,2022-06-15,15010.81,23.17,60,2304.14,435.0,Sí,Activo,1979-11-29
100897,Cliente 897,2022-06-16,44868.62,10.71,60,5503.24,566.0,Sí,Activo,1966-04-16
100898,Cliente 898,2022-06-17,1143.6,23.97,36,2494.51,406.0,Sí,Pagado,1952-07-06
100899,Cliente 899,2022-06-18,4732.67,14.96,48,14974.9,437.0,No,Pagado,2000-06-15
100900,Cliente 900,2022-06-19,10790.37,17.08,12,1213.24,346.0,Sí,Pagado,1971-10-05
100901,Cliente 901,2022-06-20,1813.34,15.17,24,6896.58,667.0,Sí,Activo,1991-02-14
100902,Cliente 902,2022-06-21,9481.05,6.28,60,7055.36,305.0,Sí,Pagado,1949-08-01
100903,Cliente 903,2022-06-22,29360.56,11.58,36,4859.16,822.0,Sí,Pagado,1955-04-26
100904,Cliente 904,2022-06-23,21360.52,5.63,48,8784.6,828.0,Sí,Activo,1983-05-02
100905,Cliente 905,2022-06-24,44687.25,16.89,48,2674.67,571.0,Sí,Pagado,1974-02-13
100906,Cliente 906,2022-06-25,40963.46,13.11,12,11866.73,365.0,No,Activo,1978-10-06
100907,Cliente 907,2022-06-26,17419.96,20.23,60,5320.49,719.0,No,Activo,1999-12-14
100908,Cliente 908,2022-06-27,13341.46,8.24,12,9074.47,638.0,Sí,En Mora,1963-09-19
100909,Cliente 909,2022-06-28,19294.77,7.04,24,10876.77,797.0,No,Activo,1970-07-06
100910,Cliente 910,2022-06-29,29719.6,12.24,24,13391.11,768.0,No,Activo,1947-09-17
100911,Cliente 911,2022-06-30,13769.15,23.42,24,12618.92,630.0,No,Activo,1999-07-16
100912,Cliente 912,2022-07-01,31395.37,18.77,48,9320.48,430.0,Sí,Pagado,1969-05-01
100913,Cliente 913,2022-07-02,20765.88,12.51,60,6131.7,829.0,Sí,En Mora,2003-01-29
100914,Cliente 914,2022-07-03,27826.34,14.62,12,7796.47,737.0,No,Pagado,1978-04-19
100915,Cliente 915,2022-07-04,22088.26,5.31,12,11646.65,542.0,No,Activo,1977-11-30
100916,Cliente 916,2022-07-05,15076.06,24.67,24,13224.41,762.0,Sí,En Mora,1978-03-03
100917,Cliente 917,2022-07-06,47448.44,17.83,60,2004.84,649.0,Sí,Pagado,1972-12-10
100918,Cliente 918,2022-07-07,38298.49,9.64,60,6080.42,316.0,Sí,En Mora,1979-07-15
100919,Cliente 919,2022-07-08,7435.6,16.09,36,11753.69,765.0,Sí,En Mora,1977-12-06
100920,Cliente 920,2022-07-09,43489.16,5.85,60,6758.95,662.0,Sí,Pagado,1953-04-19
100921,Cliente 921,2022-07-10,24627.84,24.27,60,5317.3,509.0,Sí,Pagado,1982-02-25
100922,Cliente 922,2022-07-11,44780.34,7.26,12,6464.18,824.0,Sí,Activo,1976-10-14
100923,Cliente 923,2022-07-12,40092.84,17.43,60,9241.25,719.0,Sí,Activo,1951-07-14
100924,Cliente 924,2022-07-13,21548.07,8.78,60,14997.17,432.0,Sí,En Mora,1994-02-01
100925,Cliente 925,2022-07-14,1612.23,18.93,12,7648.39,313.0,Sí,Activo,2003-06-18
100926,Cliente 926,2022-07-15,13799.53,20.2,60,3523.17,343.0,Sí,En Mora,1981-02-28
100927,Cliente 927,2022-07-16,27310.89,17.98,12,2861.28,676.0,Sí,Activo,1952-05-26
100928,Cliente 928,2022-07-17,31857.17,16.71,36,1114.07,594.0,Sí,Pagado,1991-06-12
100929,Cliente 929,2022-07-18,13265.44,22.69,48,8602.85,695.0,Sí,Activo,1955-02-10
100930,Cliente 930,2022-07-19,7398.13,5.19,12,8396.3,403.0,Sí,En Mora,1978-07-14
100931,Cliente 931,2022-07-20,41829.05,10.61,12,3475.89,744.0,Sí,En Mora,1983-01-13
100932,Cliente 932,2022-07-21,49227.91,8.84,60,10582.28,361.0,Sí,Activo,1968-11-27
100933,Cliente 933,2022-07-22,26521.66,24.74,12,11246.05,711.0,Sí,Pagado,1977-10-16
100934,Cliente 934,2022-07-23,8998.12,11.87,24,4256.92,620.0,No,Activo,1980-01-27
100935,Cliente 935,2022-07-24,13979.21,19.25,24,5489.45,430.0,Sí,Pagado,1977-05-28
100936,Cliente 936,2022-07-25,1410.34,18.22,36,14861.84,498.0,No,Pagado,1995-10-27
100937,Cliente 937,2022-07-26,45757.79,8.06,12,5926.83,335.0,Sí,Activo,1971-08-01
100938,Cliente 938,2022-07-27,6328.68,8.64,60,,515.0,No,Pagado,1964-07-05
100939,Cliente 939,2022-07-28,29037.57,9.55,60,7064.52,605.0,Sí,Pagado,1952-01-27
100940,Cliente 940,2022-07-29,14065.73,12.34,48,12003.5,311.0,Sí,Activo,1951-07-16
100941,Cliente 941,2022-07-30,27931.81,8.54,36,11650.84,382.0,Sí,Activo,1992-06-26
100942,Cliente 942,2022-07-31,32745.31,3.92,60,10182.46,331.0,No,Activo,1983-09-21
100943,Cliente 943,2022-08-01,41572.22,22.41,48,12894.29,707.0,Sí,Activo,1973-05-28
100944,Cliente 944,2022-08-02,10717.85,24.26,60,14118.67,385.0,No,Activo,1975-08-15
100945,Cliente 945,2022-08-03,1044.29,10.84,48,8909.76,710.0,Sí,Activo,1973-09-21
100946,Cliente 946,2022-08-04,7275.84,10.78,24,3943.3,555.0,No,Activo,1971-07-02
100947,Cliente 947,2022-08-05,45050.92,3.65,24,6280.12,540.0,No,Pagado,1993-12-06
100948,Cliente 948,2022-08-06,43757.56,18.13,60,11495.43,751.0,No,Activo,1972-09-25
100949,Cliente 949,2022-08-07,30071.95,21.25,36,9937.81,300.0,No,Pagado,1995-04-13
100950,Cliente 950,2022-08-08,30225.58,6.65,12,3078.08,581.0,Sí,Activo,1981-02-18
100951,Cliente 951,2022-08-09,33419.32,6.93,36,1242.97,813.0,Sí,Activo,1989-12-10
100952,Cliente 952,2022-08-10,9180.88,20.49,36,10402.94,418.0,Sí,En Mora,1958-10-27
100953,Cliente 953,2022-08-11,45763.39,16.75,12,4140.65,804.0,Sí,Activo,1969-03-25
100954,Cliente 954,2022-08-12,21229.14,4.46,24,7745.22,379.0,Sí,Activo,1956-11-11
100955,Cliente 955,2022-08-13,19465.36,16.88,24,11327.83,518.0,Sí,Activo,1964-07-26
100956,Cliente 956,2022-08-14,26186.43,10.14,12,8658.67,816.0,No,Pagado,1975-09-11
100957,Cliente 957,2022-08-15,2824.82,11.43,48,1707.89,765.0,Sí,Activo,1958-09-01
100958,Cliente 958,2022-08-16,8731.03,20.05,36,3190.91,817.0,Sí,Pagado,1998-08-01
100959,Cliente 959,2022-08-17,37032.66,20.94,60,3680.26,801.0,Sí,Activo,1989-05-26
100960,###Cliente??,2022-08-18,4598.53,12.11,24,4239.03,357.0,No,Pagado,1975-12-24
100961,Cliente 961,2022-08-19,30356.03,23.86,60,8698.35,636.0,Sí,Pagado,1950-12-04
100962,Cliente 962,2022-08-20,12644.78,12.24,12,7807.5,809.0,Sí,Pagado,2002-12-18
100963,Cliente 963,2022-08-21,19770.13,20.09,60,3445.82,725.0,No,En Mora,2002-11-18
100964,Cliente 964,2022-08-22,14790.34,13.9,60,1479.55,669.0,Sí,Activo,1987-01-06
100965,Cliente 965,2022-08-23,18105.8,22.8,36,2985.77,710.0,No,Pagado,1980-12-26
100966,Cliente 966,2022-08-24,36092.77,23.02,12,14773.53,731.0,No,Activo,1965-07-03
100967,Cliente 967,2022-08-25,15207.52,5.38,60,7293.93,495.0,Sí,Activo,1990-03-04
100968,Cliente 968,2022-08-26,28537.03,23.63,24,13076.51,676.0,No,Activo,1986-04-13
100969,Cliente 969,2022-08-27,24064.49,21.25,12,12806.91,664.0,No,En Mora,1975-05-10
100970,Cliente 970,2022-08-28,33351.72,20.51,24,7917.03,704.0,Sí,En Mora,1948-03-04
100971,Cliente 971,2022-08-29,46873.07,7.82,48,10746.97,791.0,Sí,Pagado,1975-07-06
100972,Cliente 972,2022-08-30,36762.32,20.81,60,3294.9,365.0,Sí,Pagado,1964-09-26
100973,Cliente 973,2022-08-31,11139.55,21.78,12,10481.75,690.0,No,Activo,1956-09-14
100974,Cliente 974,2022-09-01,2043.57,9.72,24,4449.58,382.0,Sí,Pagado,1982-08-15
100975,Cliente 975,2022-09-02,13482.07,23.97,60,12564.9,780.0,No,Activo,1953-07-22
100976,Cliente 976,2022-09-03,29956.36,4.57,36,1714.0,528.0,Sí,Pagado,1991-01-21
100977,Cliente 977,2022-09-04,3045.58,6.72,24,11710.51,524.0,No,Pagado,1952-03-09
100978,Cliente 978,2022-09-05,25070.13,15.06,24,1949.09,412.0,Sí,Pagado,2002-05-21
100979,Cliente 979,2022-09-06,30043.72,15.88,48,13277.24,484.0,Sí,Activo,1973-11-27
100980,Cliente 980,2022-09-07,17045.07,17.37,36,4910.97,811.0,Sí,En Mora,1988-01-25
100981,Cliente 981,2022-09-08,38660.15,3.86,48,9988.7,472.0,No,Pagado,2001-03-20
100982,Cliente 982,2022-09-09,5776.61,24.15,36,7568.78,822.0,Sí,Activo,1992-10-07
100983,Cliente 983,2022-09-10,4219.32,4.46,24,5811.4,504.0,No,Activo,1979-03-18
100984,Cliente 984,2022-09-11,36545.34,6.58,48,9858.91,837.0,Sí,En Mora,1948-03-30
100985,Cliente 985,2022-09-12,25026.82,3.8,60,14239.08,618.0,No,Pagado,1984-08-16
100986,Cliente 986,2022-09-13,34575.92,15.69,36,1098.41,458.0,No,Pagado,1984-10-16
100987,Cliente 987,2022-09-14,22023.95,23.54,24,13823.37,577.0,Sí,Activo,1951-07-24
100988,Cliente 988,2022-09-15,12696.9,17.82,12,9331.68,447.0,No,Activo,1952-09-15
100989,Cliente 989,2022-09-16,41045.56,21.19,36,12206.06,382.0,Sí,Activo,2001-10-24
100990,Cliente 990,2022-09-17,40071.09,3.79,36,6066.19,718.0,No,En Mora,1988-07-27
100991,Cliente 991,2022-09-18,34887.48,15.15,60,7341.72,837.0,Sí,Pagado,1992-10-03
100992,Cliente 992,2022-09-19,13971.18,13.38,36,13098.34,848.0,Sí,En Mora,1973-12-25
100993,Cliente 993,2022-09-20,29716.42,14.23,36,6515.3,691.0,No,Activo,1995-08-30
100994,Cliente 994,2022-09-21,18368.21,5.05,60,8252.56,432.0,No,Pagado,1982-01-11
100995,Cliente 995,2022-09-22,5033.31,18.22,60,792.83,541.0,Sí,Activo,1950-12-03
100996,Cliente 996,2022-09-23,45907.02,14.32,48,2799.67,750.0,No,En Mora,1981-10-04
100997,Cliente 997,2022-09-24,7272.52,19.95,24,9804.45,499.0,Sí,En Mora,1956-10-12
100998,Cliente 998,2022-09-25,47536.75,13.93,24,10896.17,416.0,No,Pagado,1979-06-24
100999,Cliente 999,2022-09-26,22577.29,6.71,48,8947.71,518.0,Sí,Pagado,1955-11-17
101000,Cliente 1000,2022-09-27,9664.08,17.44,24,2578.0,604.0,Sí,Activo,2001-08-22
101001,Cliente 1001,2022-09-28,27324.1,7.21,36,6958.38,542.0,Sí,En Mora,1987-01-24
101002,Cliente 1002,2022-09-29,43710.82,22.26,48,5648.87,591.0,No,Pagado,1978-07-17
101003,Cliente 1003,2022-09-30,36745.13,16.68,48,7687.09,600.0,Sí,Pagado,1982-10-07
101004,Cliente 1004,2022-10-01,40424.78,6.88,24,13119.77,687.0,No,Activo,1962-04-27
101005,Cliente 1005,2022-10-02,33109.78,24.19,12,11749.99,508.0,No,Activo,1952-10-22
101006,Cliente 1006,2022-10-03,34767.69,14.64,24,1717.85,613.0,Sí,Pagado,1961-11-09
101007,Cliente 1007,2022-10-04,42535.18,5.07,12,13409.48,325.0,Sí,Activo,1959-08-01
101008,Cliente 1008,2022-10-05,12858.57,16.98,48,7340.62,378.0,Sí,Pagado,1996-11-06
101009,Cliente 1009,2022-10-06,24726.54,8.94,12,11286.0,427.0,Sí,Activo,1998-01-01
101010,Cliente 1010,2022-10-07,11449.87,20.78,36,2530.57,712.0,Sí,Activo,1989-11-04
101011,Cliente 1011,2022-10-08,49389.57,21.08,60,10225.43,436.0,No,Pagado,1984-08-07
101012,Cliente 1012,2022-10-09,47230.94,24.55,12,3926.73,633.0,Sí,Activo,1968-12-28
101013,Cliente 1013,2022-10-10,2451.63,14.29,60,6856.52,847.0,No,Pagado,1988-05-26
101014,Cliente 1014,2022-10-11,35425.97,13.28,36,744.51,687.0,Sí,Pagado,1977-03-11
101015,Cliente 1015,2022-10-12,46299.79,19.7,60,2698.35,529.0,Sí,En Mora,1961-09-17
101016,Cliente 1016,2022-10-13,9438.48,6.35,36,1835.17,720.0,Sí,En Mora,1993-11-05
101017,Cliente 1017,2022-10-14,28613.29,15.26,60,3976.29,423.0,No,Activo,1960-12-28
101018,Cliente 1018,2022-10-15,45816.67,15.24,60,1950.26,387.0,Sí,Pagado,1970-05-16
101019,Cliente 1019,2022-10-16,2180.33,5.42,24,10532.7,440.0,No,Activo,2001-06-17
101020,Cliente 1020,2022-10-17,35022.3,12.49,12,921.08,350.0,Sí,Pagado,1994-10-31
101021,Cliente 1021,2022-10-18,15218.78,21.85,60,9457.24,704.0,No,Pagado,1968-01-27
101022,Cliente 1022,2022-10-19,46257.61,21.91,48,2540.26,636.0,No,En Mora,1985-07-03
101023,Cliente 1023,2022-10-20,48567.38,5.63,24,14204.84,665.0,No,En Mora,1997-06-13
101024,Cliente 1024,2022-10-21,47241.19,5.45,12,14029.86,557.0,Sí,Activo,1963-03-04
101025,Cliente 1025,2022-10-22,23973.6,9.15,24,3769.79,687.0,Sí,En Mora,1984-11-23
101026,Cliente 1026,2022-10-23,43171.11,22.31,12,9409.11,344.0,No,Pagado,1972-01-25
101027,Cliente 1027,2022-10-24,42305.2,6.27,36,906.08,568.0,Sí,Activo,1985-08-09
101028,Cliente 1028,2022-10-25,16295.47,18.98,60,14010.93,610.0,No,Pagado,2004-05-16
101029,Cliente 1029,2022-10-26,41531.32,5.68,48,8083.32,577.0,No,Pagado,1978-09-18
101030,Cliente 1030,2022-10-27,2331.88,16.9,24,1126.74,774.0,Sí,En Mora,1993-03-25
101031,Cliente 1031,2022-10-28,30015.36,11.16,24,5466.25,444.0,Sí,Activo,1961-01-25
101032,Cliente 1032,2022-10-29,11885.44,20.46,24,1614.32,534.0,Sí,Activo,1979-12-24
101033,Cliente 1033,2022-10-30,6468.06,8.52,24,6197.69,435.0,Sí,Activo,1980-03-31
101034,Cliente 1034,2022-10-31,4309.18,17.24,60,10213.93,744.0,No,Activo,1986-03-28
101035,Cliente 1035,2022-11-01,34966.29,8.57,12,7313.4,652.0,No,Activo,1991-01-23
101036,Cliente 1036,2022-11-02,17323.81,18.84,60,6063.97,693.0,Sí,Activo,1984-07-15
101037,Cliente 1037,2022-11-03,36375.96,22.28,36,2227.78,574.0,No,Pagado,2002-11-12
101038,Cliente 1038,2022-11-04,3735.14,6.23,60,4051.62,683.0,Sí,Pagado,1984-07-12
101039,Cliente 1039,2022-11-05,16106.87,22.13,60,1952.08,622.0,Sí,Pagado,1978-07-26
101040,Cliente 1040,2022-11-06,27204.82,16.26,36,12208.73,482.0,Sí,Activo,1948-06-21
101041,Cliente 1041,2022-11-07,39640.8,6.23,60,2460.98,739.0,No,Activo,1996-08-31
101042,Cliente 1042,2022-11-08,16278.25,12.69,12,9132.91,362.0,No,En Mora,1979-10-31
101043,Cliente 1043,2022-11-09,31481.62,6.96,48,5469.74,333.0,Sí,Pagado,1996-10-29
101044,Cliente 1044,2022-11-10,44355.9,18.56,36,3776.69,776.0,Sí,Pagado,1983-05-07
101045,Cliente 1045,2022-11-11,30985.23,19.82,24,9772.29,386.0,Sí,Activo,1981-08-29
101046,Cliente 1046,2022-11-12,12031.49,5.77,12,7126.53,509.0,No,Pagado,1970-05-01
101047,Cliente 1047,2022-11-13,1707.84,14.38,48,6302.11,761.0,Sí,Activo,1977-06-30
101048,Cliente 1048,2022-11-14,43569.89,21.01,12,9096.35,380.0,Sí,Pagado,1951-01-23
101049,Cliente 1049,2022-11-15,1552.84,23.63,12,7623.38,621.0,No,Activo,1974-07-01
101050,Cliente 1050,2022-11-16,43797.73,14.54,24,4900.52,714.0,Sí,Activo,1976-04-16
101051,Cliente 1051,2022-11-17,26682.39,23.93,48,8606.39,489.0,Sí,Activo,1979-02-17
101052,Cliente 1052,2022-11-18,46983.85,15.02,12,10207.73,532.0,Sí,En Mora,1982-07-13
101053,Cliente 1053,2022-11-19,40039.77,11.98,24,887.05,691.0,No,Activo,1997-07-10
101054,Cliente 1054,2022-11-20,49897.74,21.74,36,7255.14,468.0,No,En Mora,1972-10-06
101055,Cliente 1055,2022-11-21,17860.23,14.1,24,1336.41,742.0,Sí,Activo,1993-04-22
101056,Cliente 1056,2022-11-22,38475.82,13.65,60,3202.88,467.0,Sí,En Mora,1984-11-11
101057,Cliente 1057,2022-11-23,20395.58,14.04,24,8627.38,530.0,Sí,Pagado,1959-06-16
101058,Cliente 1058,2022-11-24,24253.84,21.71,24,13059.74,449.0,Sí,Activo,1971-08-10
101059,Cliente 1059,2022-11-25,31561.52,21.39,24,13300.68,849.0,Sí,En Mora,1958-03-21
101060,Cliente 1060,2022-11-26,43747.02,12.18,12,1514.19,685.0,Sí,Activo,1976-10-25
101061,Cliente 1061,2022-11-27,49212.13,10.67,48,6577.02,680.0,Sí,Pagado,1951-02-27
101062,Cliente 1062,2022-11-28,38529.53,14.08,24,8953.59,574.0,No,Pagado,1974-03-04
101063,Cliente 1063,2022-11-29,21179.46,15.81,24,2632.51,361.0,Sí,Activo,1948-08-20
101064,Cliente 1064,2022-11-30,21357.17,8.62,60,11598.77,766.0,No,Activo,1978-09-11
101065,Cliente 1065,2022-12-01,37010.32,20.57,60,11291.41,827.0,Sí,En Mora,1951-09-22
101066,Cliente 1066,2022-12-02,12319.47,13.96,36,13598.44,449.0,Sí,Pagado,1988-11-05
101067,Cliente 1067,2022-12-03,5968.47,10.68,36,623.05,441.0,Sí,Pagado,1954-05-07
101068,Cliente 1068,2022-12-04,18053.8,5.8,60,3641.92,415.0,Sí,Pagado,1975-09-20
101069,Cliente 1069,2022-12-05,14718.33,8.64,48,12494.21,364.0,No,En Mora,1959-09-13
101070,Cliente 1070,2022-12-06,15167.25,23.91,36,10223.41,728.0,No,Pagado,1966-02-28
101071,Cliente 1071,2022-12-07,12063.58,10.06,48,13468.65,609.0,Sí,Activo,1975-01-14
101072,Cliente 1072,2022-12-08,2583.61,7.13,60,1329.1,729.0,No,Pagado,1951-08-14
101073,Cliente 1073,2022-12-09,1384.76,13.4,36,9155.98,460.0,No,Activo,1966-09-24
101074,Cliente 1074,2022-12-10,49392.26,10.1,24,8751.18,605.0,Sí,Activo,1982-12-05
101075,Cliente 1075,2022-12-11,21674.77,4.26,60,1017.28,660.0,Sí,Activo,1975-05-10
101076,Cliente 1076,2022-12-12,19524.17,10.45,36,7946.07,577.0,Sí,En Mora,1961-01-11
101077,Cliente 1077,2022-12-13,34142.54,15.2,48,9338.04,595.0,No,Activo,1948-07-24
101078,Cliente 1078,2022-12-14,11303.57,15.36,48,3273.75,468.0,Sí,Activo,1961-01-17
101079,Cliente 1079,2022-12-15,47523.08,11.17,36,4463.28,758.0,Sí,Activo,1950-04-13
101080,Cliente 1080,2022-12-16,39424.08,13.12,48,9785.04,306.0,Sí,Pagado,1972-07-30
101081,Cliente 1081,2022-12-17,4925.84,24.26,36,7290.36,431.0,Sí,Pagado,1985-04-04
101082,Cliente 1082,2022-12-18,21170.25,11.61,36,12941.2,646.0,No,Activo,1950-09-26
101083,Cliente 1083,2022-12-19,44016.36,9.05,48,5464.54,552.0,Sí,En Mora,1954-03-25
101084,Cliente 1084,2022-12-20,47264.24,8.73,12,4366.57,709.0,Sí,Activo,1990-06-09
101085,Cliente 1085,2022-12-21,23636.37,13.34,24,14780.56,842.0,No,En Mora,1984-09-30
101086,Cliente 1086,2022-12-22,30863.86,19.83,60,13711.47,654.0,Sí,Pagado,1983-01-08
101087,Cliente 1087,2022-12-23,8768.18,7.93,24,920.39,667.0,Sí,En Mora,1992-10-01
101088,Cliente 1088,2022-12-24,49562.85,18.75,60,11675.56,810.0,No,En Mora,1990-07-09
101089,Cliente 1089,2022-12-25,11967.75,3.95,60,2099.85,832.0,No,En Mora,1989-12-10
101090,Cliente 1090,2022-12-26,47165.22,12.51,24,898.54,827.0,Sí,Activo,1966-10-29
101091,Cliente 1091,2022-12-27,32657.51,20.18,36,4468.58,827.0,Sí,Activo,1967-10-22
101092,Cliente 1092,2022-12-28,30582.97,10.78,48,4405.52,701.0,No,Pagado,1998-08-02
101093,Cliente 1093,2022-12-29,25878.08,15.62,12,12380.12,474.0,Sí,Activo,1994-06-10
101094,Cliente 1094,2022-12-30,11918.16,7.91,12,10804.68,377.0,No,En Mora,1978-08-29
101095,Cliente 1095,2022-12-31,9238.14,19.45,12,14733.34,739.0,No,En Mora,1992-11-23
101096,Cliente 1096,2023-01-01,11414.07,4.62,24,10816.94,848.0,Sí,Activo,1952-10-12
101097,Cliente 1097,2023-01-02,9728.69,21.83,24,6564.71,531.0,No,En Mora,1952-05-07
101098,Cliente 1098,2023-01-03,39089.43,7.76,36,10634.45,699.0,Sí,En Mora,1988-08-24
101099,Cliente 1099,2023-01-04,17831.2,22.3,12,14992.16,512.0,No,Activo,1954-06-24
101100,Cliente 1100,2023-01-05,3363.21,11.08,36,10797.06,492.0,No,Activo,1983-01-26
101101,Cliente 1101,2023-01-06,48470.58,19.04,12,11544.38,566.0,Sí,Pagado,1976-02-09
101102,Cliente 1102,2023-01-07,44247.4,10.36,24,14106.29,425.0,Sí,En Mora,1979-04-13
101103,Cliente 1103,2023-01-08,46423.74,22.98,48,2147.94,681.0,Sí,En Mora,1986-05-31
101104,Cliente 1104,2023-01-09,49747.94,6.22,48,10719.37,843.0,Sí,Pagado,1979-03-26
101105,Cliente 1105,2023-01-10,9107.81,7.34,48,12836.69,801.0,Sí,Activo,1965-01-11
101106,Cliente 1106,2023-01-11,20113.98,14.1,48,14338.49,702.0,No,Pagado,1968-06-14
101107,Cliente 1107,2023-01-12,38032.8,5.26,60,3559.05,560.0,Sí,Pagado,1999-01-18
101108,Cliente 1108,2023-01-13,34953.02,7.71,12,7806.97,686.0,Sí,En Mora,1988-08-19
101109,Cliente 1109,2023-01-14,8117.85,23.79,48,10368.05,711.0,No,Pagado,1968-12-22
101110,Cliente 1110,2023-01-15,40883.74,24.49,60,4088.28,645.0,Sí,Activo,2000-05-05
101111,Cliente 1111,2023-01-16,11609.81,11.59,60,9206.86,393.0,No,En Mora,2000-05-02
101112,Cliente 1112,2023-01-17,11578.97,23.35,60,4234.89,627.0,Sí,Pagado,2000-10-22
101113,Cliente 1113,2023-01-18,27080.23,15.21,36,5335.13,,Sí,Activo,1992-05-02
101114,Cliente 1114,2023-01-19,29850.53,9.3,36,6902.02,760.0,Sí,Pagado,1970-03-25
101115,Cliente 1115,2023-01-20,29214.27,18.6,60,8173.26,614.0,No,En Mora,1949-07-17
101116,Cliente 1116,2023-01-21,5028.6,17.67,48,7015.81,324.0,Sí,Activo,1982-08-07
101117,Cliente 1117,2023-01-22,43934.31,24.77,12,7651.34,793.0,Sí,En Mora,1964-11-07
101118,Cliente 1118,2023-01-23,13647.2,9.2,24,4829.54,652.0,Sí,Activo,2004-04-17
101119,Cliente 1119,2023-01-24,6910.99,17.95,36,2804.99,416.0,No,Activo,1994-11-21
101120,Cliente 1120,2023-01-25,44493.03,4.62,48,1186.57,498.0,Sí,Activo,1974-07-08
101121,Cliente 1121,2023-01-26,47804.75,5.94,48,3341.69,578.0,No,Pagado,1965-09-28
101122,Cliente 1122,2023-01-27,43175.32,3.58,24,8938.18,378.0,No,En Mora,1980-09-20
101123,Cliente 1123,2023-01-28,40571.05,24.99,24,11898.67,723.0,Sí,Activo,2002-05-18
101124,Cliente 1124,2023-01-29,32934.48,20.75,48,2954.09,653.0,Sí,Activo,2003-09-28
101125,Cliente 1125,2023-01-30,27767.44,20.41,24,2074.05,825.0,Sí,Activo,1996-09-01
101126,Cliente 1126,2023-01-31,4805.84,14.46,48,11364.71,840.0,Sí,Activo,1984-08-30
101127,Cliente 1127,2023-02-01,20718.43,9.95,24,4924.8,776.0,Sí,Activo,1980-03-25
101128,Cliente 1128,2023-02-02,18948.08,6.75,24,14296.74,309.0,Sí,Pagado,1948-08-18
101129,Cliente 1129,2023-02-03,13357.81,9.62,48,10857.61,802.0,Sí,Pagado,1948-03-28
101130,Cliente 1130,2023-02-04,36309.3,11.58,60,5237.96,559.0,Sí,Pagado,1953-11-11
101131,Cliente 1131,2023-02-05,25045.85,19.76,48,4698.37,823.0,Sí,Pagado,1997-02-27
101132,Cliente 1132,2023-02-06,4511.79,15.1,12,8093.63,305.0,Sí,Pagado,1980-07-07
101133,Cliente 1133,2023-02-07,11399.07,5.17,24,1647.6,334.0,No,Pagado,1954-04-05
101134,Cliente 1134,2023-02-08,34321.31,3.89,36,2206.31,474.0,Sí,Pagado,1970-11-20
101135,Cliente 1135,2023-02-09,4268.48,5.7,24,3049.94,741.0,Sí,Activo,1968-12-01
101136,Cliente 1136,2023-02-10,42634.74,12.33,12,11733.49,446.0,Sí,Pagado,1951-04-21
101137,Cliente 1137,2023-02-11,25009.75,23.56,36,7950.93,492.0,Sí,Pagado,1990-07-20
101138,Cliente 1138,2023-02-12,24289.04,17.2,36,653.22,312.0,Sí,Activo,1952-11-09
101139,Cliente 1139,2023-02-13,29824.19,20.74,48,10265.99,829.0,Sí,Activo,1949-12-17
101140,Cliente 1140,2023-02-14,41321.71,13.53,60,6643.51,545.0,Sí,Pagado,1969-10-05
101141,Cliente 1141,2023-02-15,17716.56,11.28,48,7907.36,413.0,No,Pagado,1987-07-01
101142,Cliente 1142,2023-02-16,34061.8,5.83,36,3604.69,532.0,No,Pagado,1993-12-31
101143,Cliente 1143,2023-02-17,28503.73,22.33,36,8500.84,621.0,Sí,Pagado,1992-03-27
101144,Cliente 1144,2023-02-18,13717.9,20.34,60,14697.72,837.0,No,Pagado,1996-09-22
101145,Cliente 1145,2023-02-19,43992.18,7.11,24,1564.95,425.0,Sí,Activo,1951-07-27
101146,Cliente 1146,2023-02-20,39972.59,14.51,60,4616.8,612.0,Sí,Activo,1977-03-12
101147,Cliente 1147,2023-02-21,33093.37,13.98,48,4023.47,810.0,Sí,Activo,1990-12-14
101148,Cliente 1148,2023-02-22,42603.8,16.94,24,4103.97,783.0,Sí,En Mora,1961-03-16
101149,Cliente 1149,2023-02-23,43431.06,23.84,48,5991.24,580.0,Sí,Pagado,1954-09-27
101150,Cliente 1150,2023-02-24,35563.97,15.97,60,12362.59,582.0,No,En Mora,1995-01-11
101151,Cliente 1151,2023-02-25,41932.16,15.11,24,13736.45,691.0,Sí,En Mora,1972-04-20
101152,Cliente 1152,2023-02-26,35024.84,4.58,60,3432.12,822.0,Sí,Activo,1961-03-22
101153,Cliente 1153,2023-02-27,34166.97,4.85,12,8372.77,681.0,Sí,Activo,1974-07-07
101154,Cliente 1154,2023-02-28,31121.26,7.53,36,9735.04,515.0,Sí,Pagado,1989-06-02
101155,Cliente 1155,2023-03-01,37759.47,4.2,24,8066.5,841.0,Sí,Activo,1970-10-23
101156,Cliente 1156,2023-03-02,8350.95,19.48,36,6794.11,415.0,Sí,Activo,1966-09-24
101157,Cliente 1157,2023-03-03,44103.1,19.05,12,3283.64,808.0,Sí,Pagado,1955-07-02
101158,Cliente 1158,2023-03-04,43656.25,6.43,24,7579.18,799.0,Sí,Pagado,1967-06-08
101159,Cliente 1159,2023-03-05,1947.74,21.48,36,6317.62,570.0,Sí,Pagado,1997-12-20
101160,Cliente 1160,2023-03-06,41377.93,6.83,36,12035.67,739.0,Sí,En Mora,1982-02-03
101161,Cliente 1161,2023-03-07,6879.06,9.98,24,11572.26,590.0,Sí,Pagado,1951-01-19
101162,Cliente 1162,2023-03-08,17088.38,8.85,36,2442.98,338.0,Sí,Pagado,1970-11-14
101163,Cliente 1163,2023-03-09,37303.66,11.5,36,1783.53,323.0,Sí,Activo,1995-10-16
101164,Cliente 1164,2023-03-10,8457.61,8.98,24,13668.23,342.0,Sí,Pagado,1986-06-04
101165,Cliente 1165,2023-03-11,40989.37,14.01,36,8264.87,469.0,Sí,Pagado,1956-03-02
101166,Cliente 1166,2023-03-12,41690.64,12.26,36,12938.11,639.0,Sí,Activo,1985-08-25
101167,Cliente 1167,2023-03-13,25619.65,24.71,48,1343.19,468.0,No,Activo,1966-09-12
101168,Cliente 1168,2023-03-14,816.1,4.7,48,8134.48,837.0,Sí,Pagado,1971-03-22
101169,Cliente 1169,2023-03-15,14708.39,6.56,12,8321.68,771.0,No,Pagado,1983-04-14
101170,Cliente 1170,2023-03-16,31037.88,4.64,48,12980.18,442.0,Sí,Activo,1996-04-29
101171,Cliente 1171,2023-03-17,49068.72,16.96,48,1915.34,400.0,No,Activo,1966-11-20
101172,Cliente 1172,2023-03-18,31774.77,4.67,12,3986.46,774.0,No,Activo,1997-03-19
101173,Cliente 1173,2023-03-19,13360.28,21.48,36,6394.81,610.0,No,Pagado,1975-12-25
101174,Cliente 1174,2023-03-20,31883.28,14.51,36,13054.7,359.0,No,Activo,1993-06-22
101175,Cliente 1175,2023-03-21,27229.28,14.83,48,14113.81,328.0,Sí,En Mora,2001-11-04
101176,Cliente 1176,2023-03-22,39102.35,15.57,12,14894.51,830.0,Sí,Activo,1956-10-02
101177,Cliente 1177,2023-03-23,5795.54,7.17,36,14408.31,372.0,Sí,En Mora,1992-10-24
101178,Cliente 1178,2023-03-24,38170.88,7.75,60,586.16,693.0,Sí,En Mora,1971-07-13
101179,Cliente 1179,2023-03-25,27292.7,10.35,24,1191.77,693.0,No,Pagado,1954-02-28
101180,Cliente 1180,2023-03-26,48168.1,16.26,24,2640.3,780.0,Sí,Pagado,2003-01-24
101181,Cliente 1181,2023-03-27,17422.67,8.02,24,5558.5,772.0,No,En Mora,1972-11-27
101182,Cliente 1182,2023-03-28,31814.78,6.0,48,12533.81,612.0,Sí,Pagado,1971-05-15
101183,Cliente 1183,2023-03-29,46635.39,24.36,24,13443.51,737.0,Sí,En Mora,1966-12-01
101184,Cliente 1184,2023-03-30,5574.23,3.97,24,3209.1,623.0,No,Pagado,1956-01-02
101185,Cliente 1185,2023-03-31,46892.81,20.76,60,9485.13,386.0,Sí,Activo,1949-09-27
101186,Cliente 1186,2023-04-01,34550.34,20.44,36,13801.75,658.0,Sí,Pagado,1966-01-08
101187,Cliente 1187,2023-04-02,3857.93,9.89,60,7224.11,496.0,Sí,Activo,1981-10-02
101188,Cliente 1188,2023-04-03,15397.7,6.42,48,2001.38,684.0,No,Activo,1997-04-10
101189,Cliente 1189,2023-04-04,35554.52,6.63,24,7138.3,417.0,No,Pagado,1953-07-14
101190,Cliente 1190,2023-04-05,3833.85,18.49,36,5949.03,797.0,No,Pagado,1982-12-09
101191,Cliente 1191,2023-04-06,29317.44,17.32,24,8876.04,761.0,Sí,Activo,1988-03-31
101192,Cliente 1192,2023-04-07,17621.21,20.33,24,6860.55,795.0,Sí,Pagado,1981-03-19
101193,Cliente 1193,2023-04-08,31235.32,23.66,48,751.52,546.0,Sí,Pagado,2004-10-09
101194,Cliente 1194,2023-04-09,2764.23,18.38,24,14912.97,533.0,Sí,Pagado,1982-04-29
101195,Cliente 1195,2023-04-10,43641.07,6.85,12,8381.33,716.0,Sí,En Mora,1987-04-19
101196,Cliente 1196,2023-04-11,48687.7,8.73,36,7367.65,766.0,Sí,Pagado,1976-01-01
101197,Cliente 1197,2023-04-12,48459.45,21.61,36,14341.95,781.0,Sí,Activo,1955-03-02
101198,Cliente 1198,2023-04-13,37607.77,8.0,12,2759.98,664.0,Sí,Activo,1965-09-19
101199,Cliente 1199,2023-04-14,6939.27,5.06,48,3243.95,452.0,Sí,Activo,1989-06-21
101200,Cliente 1200,2023-04-15,38034.03,18.62,24,12216.21,571.0,Sí,Pagado,2005-02-03
101201,Cliente 1201,2023-04-16,1717.05,12.15,24,4282.05,691.0,Sí,Activo,1977-03-18
101202,Cliente 1202,2023-04-17,1595.12,23.28,36,12088.79,846.0,Sí,Activo,1964-03-17
101203,Cliente 1203,2023-04-18,16518.71,17.48,48,4437.24,729.0,Sí,Activo,1953-04-05
101204,Cliente 1204,2023-04-19,24687.84,5.44,48,981.22,488.0,No,En Mora,2000-12-31
101205,Cliente 1205,2023-04-20,38635.17,23.88,48,7996.71,551.0,Sí,Pagado,1991-06-22
101206,Cliente 1206,2023-04-21,34323.12,9.06,24,3351.95,694.0,No,Activo,1963-03-24
101207,Cliente 1207,2023-04-22,22572.18,10.75,48,11488.77,518.0,Sí,En Mora,1968-09-21
101208,Cliente 1208,2023-04-23,14044.52,12.15,12,9797.39,489.0,Sí,Activo,1985-12-23
101209,Cliente 1209,2023-04-24,49857.66,4.6,60,13892.24,533.0,Sí,Pagado,1974-04-14
101210,Cliente 1210,2023-04-25,21595.97,14.18,48,11853.33,531.0,Sí,Activo,1966-10-02
101211,Cliente 1211,2023-04-26,22843.66,6.15,60,3121.25,657.0,Sí,Pagado,1973-07-28
101212,Cliente 1212,2023-04-27,8599.38,12.12,24,12102.29,777.0,Sí,Pagado,1994-09-03
101213,Cliente 1213,2023-04-28,39843.07,11.04,48,9805.19,728.0,No,En Mora,1987-05-25
101214,Cliente 1214,2023-04-29,34837.27,20.12,36,10199.8,536.0,Sí,Activo,1982-04-27
101215,Cliente 1215,2023-04-30,11428.1,20.77,24,12567.81,332.0,Sí,Activo,1980-06-07
101216,Cliente 1216,2023-05-01,4577.86,6.8,12,8820.45,512.0,Sí,En Mora,1979-06-15
101217,Cliente 1217,2023-05-02,34184.72,11.38,12,7257.05,678.0,Sí,Pagado,1998-12-28
101218,Cliente 1218,2023-05-03,32898.31,11.53,60,9731.3,301.0,No,En Mora,1971-02-17
101219,Cliente 1219,2023-05-04,14026.35,6.76,60,4820.38,749.0,Sí,Pagado,1965-11-14
101220,Cliente 1220,2023-05-05,47567.75,20.67,36,3147.66,726.0,Sí,Activo,1958-06-20
101221,Cliente 1221,2023-05-06,7977.37,18.71,36,9440.52,578.0,Sí,Pagado,2002-10-03
101222,Cliente 1222,2023-05-07,21900.57,7.59,12,3890.8,513.0,Sí,Pagado,1972-08-31
101223,Cliente 1223,2023-05-08,47208.99,11.38,48,1658.77,584.0,Sí,Activo,1970-04-23
101224,Cliente 1224,2023-05-09,21276.5,5.77,12,508.04,842.0,Sí,Pagado,1962-09-26
101225,Cliente 1225,2023-05-10,32107.03,17.01,12,9320.63,573.0,No,Activo,1999-10-23
101226,Cliente 1226,2023-05-11,20180.92,6.11,36,5751.16,310.0,Sí,Pagado,1969-10-06
101227,Cliente 1227,2023-05-12,14073.65,24.7,60,11408.51,346.0,Sí,Pagado,1961-12-20
101228,Cliente 1228,2023-05-13,49206.89,20.28,36,5940.06,814.0,No,Activo,1996-12-29
101229,Cliente 1229,2023-05-14,20762.03,11.89,36,7547.05,737.0,Sí,En Mora,1957-07-05
101230,Cliente 1230,2023-05-15,44757.91,15.94,36,6402.73,726.0,Sí,En Mora,2002-02-25
101231,Cliente 1231,2023-05-16,11882.75,23.09,12,9933.33,731.0,No,Activo,1999-08-14
101232,Cliente 1232,2023-05-17,11048.68,15.41,48,5664.02,429.0,Sí,Activo,1973-03-08
101233,Cliente 1233,2023-05-18,2041.14,7.25,12,14474.63,321.0,Sí,Activo,1963-09-10
101234,Cliente 1234,2023-05-19,32757.51,11.64,24,14074.13,688.0,Sí,Activo,1998-01-20
101235,Cliente 1235,2023-05-20,18742.05,21.63,36,12796.4,434.0,No,En Mora,1971-05-11
101236,Cliente 1236,2023-05-21,43285.73,17.35,36,13844.35,831.0,Sí,En Mora,1968-06-13
101237,Cliente 1237,2023-05-22,23923.89,17.49,24,7012.53,519.0,No,Activo,1972-07-04
101238,Cliente 1238,2023-05-23,48425.57,22.14,36,8278.24,632.0,Sí,En Mora,1954-08-13
101239,Cliente 1239,2023-05-24,9683.51,22.72,36,11260.34,429.0,Sí,Pagado,1971-04-25
101240,Cliente 1240,2023-05-25,43496.85,23.28,36,10594.12,331.0,Sí,Pagado,1954-02-02
101241,Cliente 1241,2023-05-26,38941.54,5.54,24,13414.84,724.0,Sí,Pagado,1974-08-17
101242,Cliente 1242,2023-05-27,38660.63,15.2,12,10886.8,597.0,No,Pagado,1983-10-25
101243,Cliente 1243,2023-05-28,42316.77,19.42,36,14969.33,803.0,No,Pagado,1987-06-27
101244,Cliente 1244,2023-05-29,38170.69,19.77,48,5553.33,656.0,Sí,Activo,1976-01-25
101245,Cliente 1245,2023-05-30,31497.91,16.54,24,12578.47,754.0,Sí,Pagado,1949-06-04
101246,Cliente 1246,2023-05-31,6996.62,7.09,60,10615.7,700.0,Sí,Activo,1996-11-01
101247,Cliente 1247,2023-06-01,2110.05,20.64,24,10525.1,754.0,Sí,Activo,1967-01-21
101248,Cliente 1248,2023-06-02,46081.97,18.98,12,5224.62,333.0,Sí,Pagado,1978-07-25
101249,Cliente 1249,2023-06-03,31024.19,5.35,24,11891.23,547.0,No,Pagado,1999-07-14
101250,Cliente 1250,2023-06-04,39928.6,13.47,60,13555.45,341.0,Sí,Pagado,1954-03-09
101251,Cliente 1251,2023-06-05,24335.36,7.24,48,3668.95,422.0,Sí,En Mora,1973-05-12
101252,Cliente 1252,2023-06-06,6306.76,10.76,60,9569.7,326.0,No,Activo,1958-12-01
101253,Cliente 1253,2023-06-07,6696.7,3.89,24,6185.96,761.0,Sí,En Mora,1950-05-02
101254,Cliente 1254,2023-06-08,34435.48,12.11,60,14848.45,446.0,No,Pagado,1981-06-18
101255,Cliente 1255,2023-06-09,21800.14,15.32,24,7443.08,795.0,No,En Mora,1981-09-14
101256,Cliente 1256,2023-06-10,10425.97,16.82,48,3810.64,785.0,Sí,Activo,1986-03-31
101257,Cliente 1257,2023-06-11,24833.93,17.77,48,6036.94,759.0,Sí,Pagado,1997-06-22
101258,Cliente 1258,2023-06-12,3678.34,21.48,12,9980.66,427.0,Sí,Activo,1956-01-20
101259,Cliente 1259,2023-06-13,29307.58,8.13,48,1603.3,675.0,No,Activo,1976-12-21
101260,Cliente 1260,2023-06-14,13815.17,6.09,36,9252.23,382.0,Sí,Pagado,1984-03-18
101261,Cliente 1261,2023-06-15,39979.18,21.81,60,14002.76,834.0,No,En Mora,1967-03-03
101262,Cliente 1262,2023-06-16,15862.92,6.87,60,12830.26,822.0,Sí,Pagado,1963-05-24
101263,Cliente 1263,2023-06-17,23033.4,24.46,24,1481.27,402.0,Sí,Pagado,1973-10-07
101264,Cliente 1264,2023-06-18,1075.22,21.61,48,14904.15,818.0,No,Pagado,1995-11-14
101265,Cliente 1265,2023-06-19,4086.12,14.27,12,10631.54,661.0,Sí,Pagado,1957-05-27
101266,Cliente 1266,2023-06-20,19928.43,24.6,12,2853.07,555.0,No,Pagado,1979-07-29
101267,Cliente 1267,2023-06-21,24256.97,5.59,12,680.03,546.0,Sí,Activo,1987-05-27
101268,Cliente 1268,2023-06-22,30201.02,10.02,36,2983.6,491.0,Sí,Activo,1998-09-26
101269,Cliente 1269,2023-06-23,14937.3,17.22,48,12653.55,834.0,Sí,Activo,1954-09-05
101270,###Cliente??,2023-06-24,34901.6,11.03,12,813.77,613.0,No,En Mora,2005-03-22
101271,Cliente 1271,2023-06-25,43076.06,23.46,36,3880.64,575.0,No,Activo,1957-03-10
101272,Cliente 1272,2023-06-26,39102.62,4.91,60,11480.93,672.0,No,Pagado,2002-05-29
101273,Cliente 1273,2023-06-27,2461.13,15.31,24,8998.6,743.0,Sí,Pagado,1956-06-21
101274,Cliente 1274,2023-06-28,24285.09,16.2,48,11849.67,494.0,Sí,En Mora,1956-03-28
101275,Cliente 1275,2023-06-29,5694.04,17.53,48,11319.18,557.0,Sí,En Mora,1974-02-09
101276,Cliente 1276,2023-06-30,12481.23,9.0,60,1233.72,659.0,Sí,Pagado,1966-03-17
101277,Cliente 1277,2023-07-01,49339.8,11.34,48,13441.42,847.0,No,Activo,1996-04-11
101278,Cliente 1278,2023-07-02,7553.53,21.64,48,3791.96,407.0,No,Pagado,1986-06-28
101279,Cliente 1279,2023-07-03,25194.96,7.69,48,8524.19,323.0,Sí,En Mora,1990-03-31
101280,Cliente 1280,2023-07-04,31098.71,21.28,48,9842.18,764.0,No,En Mora,2001-08-04
101281,Cliente 1281,2023-07-05,35272.02,15.6,36,2945.11,321.0,No,Activo,1956-01-20
101282,Cliente 1282,2023-07-06,28202.61,19.89,36,14655.35,801.0,No,Activo,1953-09-17
101283,Cliente 1283,2023-07-07,983.66,18.84,24,7578.26,800.0,Sí,Activo,1985-09-06
101284,Cliente 1284,2023-07-08,16659.83,7.96,48,1335.82,706.0,No,Pagado,2002-06-10
101285,Cliente 1285,2023-07-09,26126.73,15.73,60,14090.3,629.0,Sí,Activo,2005-07-01
101286,Cliente 1286,2023-07-10,4849.39,22.16,12,9000.88,585.0,Sí,Pagado,1983-08-01
101287,Cliente 1287,2023-07-11,17856.03,12.79,24,10638.3,446.0,Sí,Activo,1972-08-24
101288,Cliente 1288,2023-07-12,2143.55,24.28,12,8115.05,683.0,Sí,Activo,1982-05-09
101289,Cliente 1289,2023-07-13,4389.64,13.22,12,12603.7,310.0,Sí,En Mora,2001-11-13
101290,Cliente 1290,2023-07-14,20147.7,6.57,48,980.44,575.0,Sí,Activo,1997-08-17
101291,Cliente 1291,2023-07-15,7069.43,11.87,60,4391.49,602.0,No,En Mora,1995-02-03
101292,Cliente 1292,2023-07-16,28593.27,23.96,12,7309.9,503.0,Sí,Pagado,1987-12-18
101293,Cliente 1293,2023-07-17,34628.52,10.37,12,1610.75,644.0,Sí,Activo,1987-12-28
101294,Cliente 1294,2023-07-18,40129.04,22.16,24,10735.65,565.0,Sí,En Mora,1977-05-09
101295,Cliente 1295,2023-07-19,10407.44,22.45,60,6208.12,321.0,Sí,Activo,1949-09-15
101296,Cliente 1296,2023-07-20,8790.39,11.03,60,4453.69,835.0,Sí,Pagado,1996-01-07
101297,Cliente 1297,2023-07-21,5676.11,5.29,12,548.99,395.0,Sí,Activo,2004-06-17
101298,Cliente 1298,2023-07-22,32003.3,19.08,60,10937.54,744.0,No,Activo,1986-06-16
101299,Cliente 1299,2023-07-23,35470.55,10.2,24,12590.23,562.0,No,Activo,1975-02-03
101300,Cliente 1300,2023-07-24,2063.51,20.33,24,6228.09,682.0,Sí,Pagado,2003-05-25
101301,Cliente 1301,2023-07-25,46842.51,13.02,24,8681.16,849.0,Sí,En Mora,2003-03-26
101302,Cliente 1302,2023-07-26,3072.58,13.93,48,3801.46,691.0,Sí,Activo,1958-06-13
101303,Cliente 1303,2023-07-27,27294.17,20.23,12,9521.87,839.0,Sí,Activo,1965-10-28
101304,Cliente 1304,2023-07-28,35598.5,11.72,60,675.99,391.0,Sí,Pagado,1981-05-05
101305,Cliente 1305,2023-07-29,43612.97,13.03,24,7585.34,458.0,No,En Mora,1957-09-22
101306,Cliente 1306,2023-07-30,35847.3,11.59,12,9840.98,527.0,Sí,Activo,1973-07-31
101307,Cliente 1307,2023-07-31,40185.54,11.4,12,13813.78,772.0,No,Activo,1996-11-16
101308,Cliente 1308,2023-08-01,17302.78,14.81,48,6029.37,671.0,Sí,Activo,1986-11-22
101309,Cliente 1309,2023-08-02,40833.84,20.89,60,11595.26,675.0,Sí,Activo,1995-08-30
101310,Cliente 1310,2023-08-03,4465.68,11.28,60,9166.46,336.0,Sí,En Mora,1953-10-27
101311,Cliente 1311,2023-08-04,44793.42,14.77,24,13941.68,336.0,Sí,Activo,1956-06-27
101312,Cliente 1312,2023-08-05,27605.82,17.92,24,6276.48,400.0,Sí,En Mora,1956-02-29
101313,Cliente 1313,2023-08-06,40956.24,9.29,12,5126.88,842.0,Sí,Pagado,1991-12-28
101314,Cliente 1314,2023-08-07,22889.76,9.47,60,13363.56,489.0,Sí,Pagado,1993-09-07
101315,Cliente 1315,2023-08-08,32357.1,23.57,60,1214.04,811.0,Sí,Pagado,1984-07-12
101316,Cliente 1316,2023-08-09,26556.93,19.06,24,2477.59,389.0,Sí,En Mora,1991-06-24
101317,Cliente 1317,2023-08-10,36713.68,15.91,36,1694.86,305.0,Sí,Activo,1979-09-10
101318,Cliente 1318,2023-08-11,4540.68,17.43,12,12725.09,438.0,Sí,Activo,1980-10-19
101319,Cliente 1319,2023-08-12,3487.43,4.13,60,653.81,394.0,Sí,Activo,1975-11-28
101320,Cliente 1320,2023-08-13,12731.61,16.79,48,12994.03,685.0,Sí,Pagado,1970-09-04
101321,Cliente 1321,2023-08-14,8397.46,14.45,48,7043.38,422.0,Sí,Activo,1950-04-16
101322,Cliente 1322,2023-08-15,43653.29,15.23,36,558.37,584.0,No,Activo,1962-11-11
101323,Cliente 1323,2023-08-16,11351.09,11.23,24,6323.86,665.0,No,Pagado,1977-01-19
101324,Cliente 1324,2023-08-17,48805.33,5.25,24,3208.61,789.0,No,En Mora,1999-02-18
101325,Cliente 1325,2023-08-18,17176.34,7.66,24,9553.81,624.0,Sí,Pagado,1992-06-12
101326,Cliente 1326,2023-08-19,9514.84,23.94,48,10350.7,706.0,Sí,Pagado,1971-09-12
101327,Cliente 1327,2023-08-20,39590.08,12.29,24,7569.15,818.0,No,Pagado,1995-04-09
101328,Cliente 1328,2023-08-21,33106.03,13.53,48,1087.53,376.0,Sí,Activo,1948-12-26
101329,Cliente 1329,2023-08-22,25160.69,4.63,36,10013.87,533.0,Sí,Activo,1972-08-26
101330,Cliente 1330,2023-08-23,27990.5,4.31,12,12709.56,783.0,Sí,Activo,1992-01-22
101331,Cliente 1331,2023-08-24,36100.49,18.92,60,10944.7,763.0,Sí,Activo,1954-06-28
101332,Cliente 1332,2023-08-25,11808.51,15.07,36,12534.39,570.0,Sí,Pagado,2003-06-20
101333,Cliente 1333,2023-08-26,49818.53,14.44,48,3407.39,766.0,Sí,Pagado,1950-05-10
101334,Cliente 1334,2023-08-27,48752.26,8.73,36,13388.88,768.0,Sí,Pagado,1967-12-09
101335,Cliente 1335,2023-08-28,32691.12,19.51,60,5171.81,846.0,No,Pagado,1964-03-16
101336,Cliente 1336,2023-08-29,10377.35,7.12,12,694.37,569.0,Sí,Activo,1972-10-29
101337,Cliente 1337,2023-08-30,34171.3,7.58,60,12729.18,677.0,Sí,Activo,1983-06-15
101338,Cliente 1338,2023-08-31,4073.82,13.41,48,14156.41,476.0,No,Pagado,1992-09-14
101339,Cliente 1339,2023-09-01,2017.3,9.66,60,10005.59,573.0,Sí,Pagado,2004-12-01
101340,Cliente 1340,2023-09-02,13255.3,8.82,36,3855.83,326.0,No,Activo,1963-08-07
101341,Cliente 1341,2023-09-03,23399.84,17.37,24,4150.29,359.0,Sí,Activo,1977-01-07
101342,Cliente 1342,2023-09-04,43479.49,17.5,36,7265.6,516.0,Sí,Activo,1984-11-10
101343,Cliente 1343,2023-09-05,36494.87,21.23,48,13518.55,569.0,No,Pagado,1996-09-21
101344,Cliente 1344,2023-09-06,37263.97,12.48,12,2669.17,415.0,Sí,En Mora,1977-02-24
101345,Cliente 1345,2023-09-07,21561.92,5.07,60,12476.62,544.0,Sí,Pagado,1997-05-09
101346,Cliente 1346,2023-09-08,17623.78,9.38,12,4723.89,384.0,Sí,Activo,1967-08-31
101347,Cliente 1347,2023-09-09,18866.42,24.57,48,12224.5,749.0,Sí,Pagado,1981-10-02
101348,Cliente 1348,2023-09-10,49388.65,16.32,60,13843.93,835.0,No,Pagado,1989-12-21
101349,Cliente 1349,2023-09-11,2485.4,18.76,36,6698.66,388.0,Sí,Activo,1965-08-20
101350,Cliente 1350,2023-09-12,43418.06,3.66,36,5793.23,848.0,Sí,Pagado,2001-02-12
101351,Cliente 1351,2023-09-13,29144.43,14.64,48,12132.21,806.0,No,Activo,1967-05-10
101352,Cliente 1352,2023-09-14,22211.46,4.31,60,8177.5,707.0,Sí,Pagado,1973-01-23
101353,Cliente 1353,2023-09-15,36400.25,15.74,36,10424.51,570.0,No,Pagado,1973-06-26
101354,Cliente 1354,2023-09-16,24590.11,23.3,48,9531.02,823.0,Sí,Activo,1972-12-28
101355,Cliente 1355,2023-09-17,43734.45,24.32,48,2716.89,793.0,Sí,Pagado,1999-02-17
101356,Cliente 1356,2023-09-18,45084.74,15.12,12,12749.46,747.0,Sí,Pagado,2004-06-01
101357,Cliente 1357,2023-09-19,21375.19,13.35,36,3338.74,842.0,No,Pagado,1967-07-19
101358,Cliente 1358,2023-09-20,14202.98,23.82,60,14018.09,649.0,Sí,Activo,1972-12-25
101359,Cliente 1359,2023-09-21,29821.34,17.98,36,4133.28,627.0,Sí,Activo,1979-02-20
101360,Cliente 1360,2023-09-22,45661.99,4.9,36,11141.27,585.0,Sí,Activo,1960-02-23
101361,Cliente 1361,2023-09-23,10927.78,13.51,36,4627.5,334.0,Sí,Activo,2005-05-09
101362,Cliente 1362,2023-09-24,31336.85,8.67,48,5107.89,832.0,Sí,Activo,1972-02-01
101363,Cliente 1363,2023-09-25,31762.23,13.6,24,4995.03,787.0,No,En Mora,1991-12-13
101364,Cliente 1364,2023-09-26,36789.09,13.29,24,11344.44,786.0,Sí,Activo,1961-01-02
101365,Cliente 1365,2023-09-27,7012.6,16.02,12,8573.82,444.0,Sí,En Mora,1998-02-15
101366,Cliente 1366,2023-09-28,35933.34,11.17,36,13302.81,823.0,Sí,Activo,1982-01-23
101367,Cliente 1367,2023-09-29,45497.11,7.03,24,4956.9,445.0,Sí,Activo,1981-11-16
101368,Cliente 1368,2023-09-30,9394.31,14.33,12,10533.89,802.0,No,Activo,2005-03-16
101369,Cliente 1369,2023-10-01,12258.39,21.35,48,11417.75,826.0,Sí,Pagado,1954-09-04
101370,Cliente 1370,2023-10-02,48584.06,17.78,36,2696.49,571.0,No,Activo,2001-01-12
101371,Cliente 1371,2023-10-03,9458.36,10.77,60,6308.55,833.0,Sí,En Mora,1977-11-19
101372,Cliente 1372,2023-10-04,42792.06,23.61,48,7500.85,394.0,No,En Mora,1992-04-02
101373,Cliente 1373,2023-10-05,24867.75,23.11,12,5657.47,746.0,Sí,Activo,1952-08-23
101374,Cliente 1374,2023-10-06,12737.94,8.0,48,5170.63,714.0,No,En Mora,1971-06-03
101375,Cliente 1375,2023-10-07,43602.12,4.35,60,10453.09,556.0,Sí,Pagado,1972-06-19
101376,Cliente 1376,2023-10-08,22542.61,19.44,48,3630.06,561.0,No,Activo,1981-04-16
101377,Cliente 1377,2023-10-09,25983.46,21.29,12,10786.17,386.0,Sí,Activo,1954-11-20
101378,Cliente 1378,2023-10-10,18282.05,24.31,60,14058.14,735.0,Sí,Activo,1978-11-06
101379,Cliente 1379,2023-10-11,29851.07,22.63,60,8695.36,407.0,Sí,Activo,1961-01-25
101380,Cliente 1380,2023-10-12,8594.43,16.41,48,9365.8,318.0,No,Pagado,1977-04-13
101381,Cliente 1381,2023-10-13,19858.54,14.9,60,1499.52,664.0,Sí,Pagado,1977-09-07
101382,Cliente 1382,2023-10-14,48485.91,4.1,48,13034.92,678.0,No,Pagado,1981-09-27
101383,Cliente 1383,2023-10-15,13277.6,8.8,36,4638.99,459.0,Sí,Pagado,1949-12-06
101384,Cliente 1384,XX/YY/ZZZZ,33008.46,13.38,60,9418.24,399.0,No,Activo,1954-01-01
101385,Cliente 1385,2023-10-17,16596.91,17.01,48,14697.13,564.0,Sí,Pagado,1993-12-04
101386,Cliente 1386,2023-10-18,38786.92,15.48,36,9134.79,348.0,Sí,Pagado,1980-10-09
101387,Cliente 1387,2023-10-19,6978.25,19.47,60,11008.29,714.0,Sí,Activo,1973-03-15
101388,Cliente 1388,2023-10-20,48506.14,9.51,36,6957.13,358.0,Sí,En Mora,1975-05-14
101389,Cliente 1389,2023-10-21,22962.58,15.65,60,1375.3,482.0,Sí,Pagado,1978-12-26
101390,Cliente 1390,2023-10-22,12184.5,5.4,12,12065.19,746.0,Sí,En Mora,1958-11-28
101391,Cliente 1391,2023-10-23,4138.09,12.39,12,1007.48,600.0,No,Pagado,1998-12-04
101392,Cliente 1392,2023-10-24,8903.02,19.63,48,10659.54,653.0,No,En Mora,2005-01-21
101393,Cliente 1393,2023-10-25,26228.81,18.41,24,832.36,512.0,Sí,Activo,1999-07-04
101394,Cliente 1394,2023-10-26,17181.66,24.8,12,13003.43,488.0,Sí,Activo,1952-08-30
101395,Cliente 1395,2023-10-27,41529.73,9.47,24,2785.72,646.0,Sí,Pagado,1987-07-10
101396,Cliente 1396,2023-10-28,21828.93,14.21,36,7956.94,436.0,Sí,Pagado,1966-08-07
101397,Cliente 1397,2023-10-29,12811.36,10.58,36,9158.69,329.0,Sí,Activo,1953-10-05
101398,Cliente 1398,2023-10-30,31048.68,12.97,24,7134.41,445.0,No,Pagado,2004-02-28
101399,Cliente 1399,2023-10-31,35485.47,21.92,48,5441.07,767.0,No,En Mora,1972-10-18
101400,Cliente 1400,2023-11-01,8768.57,18.21,60,7283.31,802.0,Sí,Pagado,1979-07-20
101401,Cliente 1401,2023-11-02,8797.15,22.47,24,5015.53,490.0,Sí,Activo,1981-07-23
101402,Cliente 1402,2023-11-03,2315.24,7.88,24,6852.77,770.0,Sí,Activo,1985-10-14
101403,Cliente 1403,2023-11-04,36951.9,22.28,24,5704.24,644.0,No,Activo,1971-01-05
101404,Cliente 1404,2023-11-05,33358.32,4.78,24,8709.97,300.0,Sí,Activo,1970-04-16
101405,Cliente 1405,2023-11-06,23994.23,22.6,24,3949.9,409.0,Sí,Pagado,1995-06-03
101406,Cliente 1406,2023-11-07,42286.44,10.58,48,14835.52,363.0,No,Activo,1989-03-05
101407,Cliente 1407,2023-11-08,40380.67,10.26,12,7762.61,352.0,Sí,En Mora,1976-08-03
101408,Cliente 1408,2023-11-09,29475.04,14.51,60,3315.35,561.0,Sí,Activo,1952-07-24
101409,Cliente 1409,2023-11-10,43479.43,23.72,12,7417.47,828.0,Sí,Activo,1961-07-25
101410,Cliente 1410,2023-11-11,10689.14,4.53,24,13063.02,601.0,No,Activo,1970-07-28
101411,Cliente 1411,2023-11-12,6040.02,11.07,12,816.2,533.0,Sí,Activo,1969-01-18
101412,Cliente 1412,2023-11-13,13852.61,21.92,48,10353.53,372.0,No,En Mora,1982-05-27
101413,Cliente 1413,2023-11-14,3325.8,12.02,36,8445.53,656.0,No,Activo,1963-07-14
101414,Cliente 1414,2023-11-15,26792.89,7.78,12,2958.59,783.0,No,Activo,1977-01-01
101415,Cliente 1415,2023-11-16,46861.98,12.63,60,12353.41,305.0,Sí,En Mora,1955-06-04
101416,Cliente 1416,2023-11-17,2447.51,11.79,48,5848.83,436.0,No,Activo,1978-01-16
101417,Cliente 1417,2023-11-18,6544.44,-23.18,36,4760.13,703.0,Sí,Activo,1972-06-19
101418,Cliente 1418,2023-11-19,22883.85,19.88,48,12507.82,505.0,Sí,En Mora,1949-10-17
101419,Cliente 1419,2023-11-20,46726.81,14.36,24,9758.61,709.0,Sí,Pagado,1955-06-27
101420,Cliente 1420,2023-11-21,16149.73,24.75,36,13524.76,335.0,Sí,Pagado,1955-10-03
101421,Cliente 1421,2023-11-22,25608.12,13.5,60,9633.31,529.0,No,Pagado,1954-11-03
101422,Cliente 1422,2023-11-23,2557.86,4.75,36,11241.86,526.0,No,En Mora,1967-01-06
101423,Cliente 1423,2023-11-24,7842.99,9.14,60,12628.47,561.0,Sí,En Mora,1999-10-01
101424,Cliente 1424,2023-11-25,49338.19,12.88,24,1293.72,430.0,No,Activo,1971-03-20
101425,Cliente 1425,2023-11-26,48273.38,6.87,60,11752.71,747.0,No,En Mora,1974-06-15
101426,Cliente 1426,2023-11-27,744.53,23.87,48,9398.74,485.0,No,Activo,1996-10-27
101427,Cliente 1427,2023-11-28,47614.68,19.99,12,1507.86,485.0,Sí,Pagado,1979-12-03
101428,Cliente 1428,2023-11-29,32136.44,9.27,48,7874.38,573.0,Sí,Activo,1969-04-23
101429,Cliente 1429,2023-11-30,43461.96,16.2,48,1695.64,651.0,Sí,Pagado,1984-06-23
101430,Cliente 1430,2023-12-01,23009.62,19.01,36,11171.23,712.0,Sí,Activo,1957-06-18
101431,Cliente 1431,2023-12-02,26022.0,23.74,24,8424.27,450.0,Sí,Activo,1984-04-21
101432,Cliente 1432,2023-12-03,24697.91,22.46,12,14326.82,683.0,No,Activo,1973-09-06
101433,Cliente 1433,2023-12-04,33509.78,14.58,60,3155.46,335.0,No,En Mora,1964-01-30
101434,Cliente 1434,2023-12-05,7412.74,20.16,36,9287.49,625.0,Sí,Pagado,1984-08-08
101435,Cliente 1435,2023-12-06,1983.69,15.59,24,3567.94,764.0,Sí,Pagado,1982-09-12
101436,Cliente 1436,2023-12-07,15742.53,15.38,12,9403.94,765.0,Sí,Pagado,1957-06-04
101437,Cliente 1437,2023-12-08,35381.7,5.97,48,10978.42,394.0,Sí,En Mora,1992-04-16
101438,Cliente 1438,2023-12-09,10491.75,6.21,24,10973.41,433.0,Sí,En Mora,1983-12-13
101439,Cliente 1439,2023-12-10,33834.91,14.88,24,12318.57,461.0,No,Activo,1983-03-04
101440,Cliente 1440,2023-12-11,48510.65,9.28,24,12876.48,599.0,Sí,Activo,1967-12-31
101441,Cliente 1441,2023-12-12,5148.09,3.95,48,1620.44,655.0,Sí,Activo,1964-11-12
101442,Cliente 1442,2023-12-13,33793.8,19.04,60,5477.37,539.0,Sí,En Mora,1995-03-24
101443,Cliente 1443,2023-12-14,22465.64,4.2,36,10463.28,466.0,Sí,Pagado,1985-12-08
101444,Cliente 1444,2023-12-15,43473.04,16.3,60,7729.5,439.0,No,Activo,1972-04-10
101445,Cliente 1445,2023-12-16,9268.91,15.09,12,3264.8,438.0,No,En Mora,1951-01-24
101446,Cliente 1446,2023-12-17,34784.98,24.33,36,8514.29,534.0,Sí,En Mora,1967-07-13
101447,Cliente 1447,2023-12-18,41986.71,13.91,12,6407.82,302.0,No,En Mora,1962-05-25
101448,Cliente 1448,2023-12-19,47258.4,4.87,48,6155.56,555.0,Sí,Activo,1979-06-13
101449,Cliente 1449,2023-12-20,34320.78,15.36,60,12241.43,670.0,Sí,Activo,1952-12-23
101450,Cliente 1450,2023-12-21,25110.15,21.58,24,6410.18,577.0,Sí,Activo,1951-01-28
101451,Cliente 1451,2023-12-22,31083.44,24.93,36,883.59,815.0,Sí,Activo,1971-01-12
101452,Cliente 1452,2023-12-23,43510.8,12.75,24,1341.92,511.0,Sí,Activo,1997-08-10
101453,Cliente 1453,2023-12-24,28745.18,10.39,12,12915.54,515.0,Sí,Activo,1973-08-04
101454,Cliente 1454,2023-12-25,2004.16,22.99,24,14428.71,569.0,Sí,Pagado,1999-10-30
101455,Cliente 1455,2023-12-26,46581.96,7.61,24,10481.94,775.0,Sí,Activo,1998-06-03
101456,Cliente 1456,2023-12-27,34631.57,16.73,48,5783.34,827.0,No,Pagado,1987-07-10
101457,Cliente 1457,2023-12-28,33987.41,12.22,48,14109.7,363.0,Sí,Activo,1958-09-15
101458,Cliente 1458,2023-12-29,11175.92,4.38,60,10110.64,759.0,No,Pagado,1956-10-24
101459,Cliente 1459,2023-12-30,33114.83,10.97,12,12742.84,315.0,Sí,Pagado,1965-10-04
101460,Cliente 1460,2023-12-31,19996.29,9.2,48,11604.86,318.0,No,Pagado,1960-06-16
101461,Cliente 1461,2024-01-01,32736.03,18.25,48,5997.52,624.0,Sí,En Mora,1999-11-02
101462,Cliente 1462,2024-01-02,5776.36,23.9,60,7441.18,392.0,Sí,En Mora,1966-03-01
101463,Cliente 1463,2024-01-03,33063.34,9.26,36,3198.92,316.0,Sí,Pagado,1954-02-04
101464,Cliente 1464,2024-01-04,49970.98,20.95,60,4734.2,787.0,Sí,Activo,1952-06-05
101465,Cliente 1465,2024-01-05,2886.5,4.69,24,11782.82,393.0,No,Activo,2001-10-13
101466,Cliente 1466,2024-01-06,48870.12,15.07,24,13462.69,309.0,No,Activo,2000-03-04
101467,Cliente 1467,2024-01-07,20641.94,5.02,48,11004.68,827.0,Sí,Activo,1971-08-22
101468,Cliente 1468,2024-01-08,43602.3,23.58,48,7245.02,788.0,Sí,Activo,1979-01-15
101469,Cliente 1469,2024-01-09,39228.08,19.98,60,1754.38,443.0,Sí,Activo,1991-05-07
101470,Cliente 1470,2024-01-10,28567.3,17.65,60,1325.75,814.0,Sí,En Mora,1965-12-31
101471,Cliente 1471,2024-01-11,37053.24,21.21,12,5927.72,769.0,No,En Mora,1982-02-01
101472,Cliente 1472,2024-01-12,43986.52,17.42,24,7225.41,676.0,Sí,Activo,1960-01-29
101473,Cliente 1473,2024-01-13,20504.95,24.33,60,9332.25,793.0,Sí,Pagado,1977-06-11
101474,Cliente 1474,2024-01-14,16688.14,18.85,36,594.1,783.0,Sí,Pagado,1955-06-09
101475,Cliente 1475,2024-01-15,33545.87,23.38,12,14850.98,751.0,Sí,Activo,1960-05-20
101476,Cliente 1476,2024-01-16,40488.37,14.62,60,5777.11,835.0,No,Pagado,1982-09-15
101477,Cliente 1477,2024-01-17,38233.11,6.02,48,12797.37,374.0,Sí,En Mora,1972-01-06
101478,Cliente 1478,2024-01-18,39991.78,14.86,60,8257.02,339.0,Sí,Pagado,1963-12-01
101479,Cliente 1479,2024-01-19,22061.37,6.23,48,2391.37,601.0,Sí,Activo,1950-05-24
101480,Cliente 1480,2024-01-20,40982.79,16.24,48,12064.7,361.0,Sí,Activo,1974-02-27
101481,Cliente 1481,2024-01-21,6450.35,13.87,24,10792.49,802.0,Sí,Pagado,1982-10-08
101482,Cliente 1482,2024-01-22,27452.21,16.89,24,8147.82,544.0,No,Pagado,1967-12-23
101483,Cliente 1483,2024-01-23,785.05,3.72,60,7961.02,317.0,No,Pagado,1964-02-05
101484,Cliente 1484,2024-01-24,16567.0,7.69,60,1768.45,697.0,No,Activo,1967-08-24
101485,Cliente 1485,2024-01-25,18639.85,14.06,36,10009.81,488.0,No,En Mora,1997-12-27
101486,Cliente 1486,2024-01-26,20110.55,23.94,12,13713.05,403.0,Sí,En Mora,1980-04-08
101487,Cliente 1487,2024-01-27,34925.63,11.75,12,1852.05,643.0,Sí,Pagado,1999-04-21
101488,Cliente 1488,2024-01-28,19733.63,12.62,60,4320.92,670.0,Sí,En Mora,1973-04-15
101489,Cliente 1489,2024-01-29,22710.33,18.87,24,13583.47,332.0,No,Pagado,1981-11-06
101490,Cliente 1490,2024-01-30,12258.43,16.48,36,4622.99,673.0,No,Activo,1968-05-30
101491,Cliente 1491,2024-01-31,18975.96,9.93,12,9982.18,477.0,Sí,Pagado,1964-10-20
101492,Cliente 1492,2024-02-01,11749.85,12.33,60,8254.86,311.0,No,Activo,1951-10-10
101493,Cliente 1493,2024-02-02,4123.2,8.18,24,9146.75,755.0,Sí,Pagado,1981-07-02
101494,Cliente 1494,2024-02-03,30370.71,24.27,24,6528.94,548.0,Sí,Pagado,1995-07-27
101495,Cliente 1495,2024-02-04,33576.53,6.31,24,4849.88,747.0,Sí,Pagado,1967-05-10
101496,Cliente 1496,2024-02-05,31164.77,11.49,48,1203.74,303.0,Sí,Activo,1951-08-31
101497,Cliente 1497,2024-02-06,23442.96,4.06,24,11292.07,535.0,Sí,En Mora,1979-11-24
101498,Cliente 1498,2024-02-07,19299.4,8.27,60,11318.36,472.0,Sí,Activo,1956-03-21
101499,Cliente 1499,2024-02-08,43235.02,20.28,36,10225.52,621.0,No,Pagado,1984-04-25
101500,Cliente 1500,2024-02-09,26194.55,7.83,60,9832.69,670.0,Sí,Pagado,2001-05-29
101501,Cliente 1501,2024-02-10,24219.5,5.22,24,4033.9,847.0,No,Pagado,1952-06-02
101502,Cliente 1502,2024-02-11,1769.28,13.7,36,824.0,595.0,Sí,Pagado,1971-04-19
101503,Cliente 1503,2024-02-12,17391.77,3.71,12,12226.37,699.0,No,Pagado,1962-10-09
101504,Cliente 1504,2024-02-13,19319.68,5.32,12,7621.51,357.0,No,Pagado,1971-05-23
101505,Cliente 1505,2024-02-14,20241.73,20.86,60,4949.15,829.0,No,En Mora,1981-05-24
101506,Cliente 1506,2024-02-15,29218.53,20.09,36,1978.01,847.0,Sí,Activo,1971-02-07
101507,Cliente 1507,2024-02-16,26913.33,23.18,60,1409.46,707.0,Sí,Activo,1949-10-07
101508,Cliente 1508,2024-02-17,30591.3,21.87,36,5558.57,812.0,Sí,Pagado,1964-05-26
101509,Cliente 1509,2024-02-18,38361.72,18.19,36,12168.69,363.0,Sí,En Mora,1984-05-06
101510,Cliente 1510,2024-02-19,40742.79,4.63,60,13821.49,719.0,Sí,Activo,1962-11-08
101511,Cliente 1511,2024-02-20,36047.09,20.33,36,13502.89,445.0,Sí,Pagado,1980-11-07
101512,Cliente 1512,2024-02-21,47798.42,21.68,24,13840.01,571.0,Sí,Activo,1970-04-20
101513,Cliente 1513,2024-02-22,1402.51,20.68,36,13662.02,316.0,No,Activo,1980-08-12
101514,Cliente 1514,2024-02-23,10191.01,14.43,36,8144.76,397.0,Sí,Activo,1989-02-24
101515,Cliente 1515,2024-02-24,874.36,8.51,60,3681.53,751.0,No,En Mora,1987-08-12
101516,Cliente 1516,2024-02-25,32550.0,21.67,12,12071.68,542.0,Sí,En Mora,1975-06-06
101517,Cliente 1517,2024-02-26,44952.51,19.13,48,3598.84,778.0,Sí,Activo,1974-02-11
101518,Cliente 1518,2024-02-27,12552.37,24.59,36,4374.51,500.0,Sí,Pagado,1993-09-20
101519,Cliente 1519,2024-02-28,46388.21,6.85,48,3882.19,772.0,No,Activo,1950-07-12
101520,Cliente 1520,2024-02-29,3483.24,8.35,36,7967.24,478.0,No,En Mora,1969-08-24
101521,Cliente 1521,2024-03-01,46754.58,8.05,60,5166.5,807.0,No,Activo,1966-06-13
101522,Cliente 1522,2024-03-02,17905.32,20.54,60,2735.26,752.0,Sí,Pagado,1999-02-12
101523,Cliente 1523,2024-03-03,5520.33,7.52,36,7071.01,569.0,Sí,Pagado,1956-10-14
101524,Cliente 1524,2024-03-04,24550.65,4.93,60,13171.65,533.0,Sí,Activo,1977-10-04
101525,Cliente 1525,2024-03-05,13210.44,24.97,60,8773.02,785.0,Sí,En Mora,1980-08-01
101526,Cliente 1526,2024-03-06,14601.21,4.03,36,13235.87,637.0,No,Pagado,2003-11-04
101527,Cliente 1527,2024-03-07,15710.85,21.46,12,3340.15,747.0,No,En Mora,1964-04-20
101528,Cliente 1528,2024-03-08,40249.78,11.36,36,2921.12,656.0,Sí,Pagado,1974-06-17
101529,Cliente 1529,2024-03-09,27188.48,21.59,12,8845.87,348.0,No,Activo,1959-08-23
101530,Cliente 1530,2024-03-10,15909.73,15.42,60,7218.27,795.0,Sí,En Mora,1979-06-24
101531,Cliente 1531,2024-03-11,30711.52,22.89,12,10072.5,645.0,Sí,Pagado,1966-08-08
101532,Cliente 1532,2024-03-12,35949.46,23.41,60,12022.09,592.0,Sí,En Mora,1951-03-28
101533,Cliente 1533,2024-03-13,13994.89,3.7,12,11393.96,449.0,Sí,Pagado,1957-07-22
101534,Cliente 1534,2024-03-14,20970.68,5.12,12,14162.79,844.0,Sí,Activo,1990-05-18
101535,Cliente 1535,2024-03-15,6533.36,8.88,36,6274.72,559.0,Sí,Pagado,1979-09-01
101536,Cliente 1536,2024-03-16,9466.89,17.89,12,3492.61,621.0,No,Activo,2001-10-09
101537,Cliente 1537,2024-03-17,34215.33,22.6,60,8488.23,376.0,Sí,Pagado,1985-04-23
101538,Cliente 1538,2024-03-18,9481.2,13.39,36,2105.78,409.0,Sí,En Mora,1959-04-29
101539,Cliente 1539,2024-03-19,26495.59,16.55,12,4688.34,846.0,Sí,Activo,1949-10-24
101540,Cliente 1540,2024-03-20,35597.79,7.55,36,3514.38,722.0,No,Pagado,1980-01-01
101541,Cliente 1541,2024-03-21,5790.41,20.81,48,6250.17,693.0,Sí,Pagado,1971-05-31
101542,Cliente 1542,2024-03-22,28581.95,24.3,36,2112.64,534.0,No,Pagado,1953-07-07
101543,Cliente 1543,2024-03-23,13199.86,9.27,48,961.71,629.0,Sí,Pagado,1950-06-26
101544,Cliente 1544,2024-03-24,48164.88,14.14,48,10023.51,624.0,Sí,En Mora,2005-11-06
101545,Cliente 1545,2024-03-25,24435.51,5.35,36,9348.61,450.0,Sí,Activo,1956-08-04
101546,Cliente 1546,2024-03-26,40396.63,15.52,60,10771.2,845.0,Sí,Pagado,1956-10-01
101547,Cliente 1547,2024-03-27,27736.21,14.31,60,10075.6,331.0,Sí,En Mora,1967-02-26
101548,Cliente 1548,2024-03-28,2648.92,6.61,60,2157.27,571.0,Sí,Activo,1983-12-07
101549,Cliente 1549,2024-03-29,31840.99,13.0,24,4720.64,667.0,Sí,Activo,1963-09-22
101550,Cliente 1550,2024-03-30,47594.47,10.68,48,2378.14,791.0,Sí,Pagado,1977-08-20
101551,Cliente 1551,2024-03-31,30279.79,14.72,36,12723.1,615.0,Sí,Pagado,1962-10-07
101552,Cliente 1552,2024-04-01,41049.85,16.09,60,11330.1,667.0,No,En Mora,2001-01-04
101553,Cliente 1553,2024-04-02,44268.22,3.68,60,3422.14,379.0,No,Pagado,1998-03-01
101554,Cliente 1554,2024-04-03,11789.95,19.86,36,5448.98,471.0,No,Pagado,1977-07-05
101555,Cliente 1555,2024-04-04,10996.22,18.83,48,14515.92,557.0,Sí,Pagado,2004-01-26
101556,Cliente 1556,2024-04-05,30743.56,11.38,36,9115.31,578.0,Sí,Pagado,1966-05-07
101557,Cliente 1557,2024-04-06,20845.91,4.64,24,12116.76,803.0,No,En Mora,1956-07-27
101558,Cliente 1558,2024-04-07,42073.13,19.73,24,4336.57,790.0,Sí,En Mora,1974-12-03
101559,Cliente 1559,2024-04-08,45051.14,24.04,36,3545.77,636.0,No,Pagado,1979-06-02
101560,Cliente 1560,2024-04-09,17994.36,8.66,48,11866.8,820.0,No,En Mora,1978-01-02
101561,Cliente 1561,2024-04-10,12225.09,10.46,60,10445.15,625.0,Sí,En Mora,1952-06-02
101562,Cliente 1562,2024-04-11,39136.01,7.45,24,10374.18,471.0,Sí,Activo,2006-01-12
101563,Cliente 1563,2024-04-12,14102.9,15.9,24,8513.2,383.0,No,Activo,1976-04-17
101564,Cliente 1564,2024-04-13,41219.41,6.83,48,8671.89,823.0,No,Activo,2000-04-24
101565,Cliente 1565,2024-04-14,21475.04,11.16,24,11167.61,780.0,No,En Mora,1950-04-30
101566,Cliente 1566,2024-04-15,33543.72,18.49,24,4415.04,843.0,Sí,Activo,1956-03-15
101567,Cliente 1567,2024-04-16,5229.0,15.54,48,5615.14,717.0,Sí,Pagado,1960-12-14
101568,Cliente 1568,2024-04-17,31381.04,11.81,36,13138.73,638.0,Sí,En Mora,1982-09-08
101569,Cliente 1569,2024-04-18,22862.5,12.54,60,4978.55,619.0,Sí,Activo,1957-08-28
101570,Cliente 1570,2024-04-19,29537.12,15.59,60,8421.49,603.0,Sí,En Mora,1980-01-03
101571,Cliente 1571,2024-04-20,8816.7,3.63,24,10688.27,571.0,No,Pagado,1967-11-13
101572,Cliente 1572,2024-04-21,36975.25,5.19,60,14998.91,413.0,Sí,Pagado,1956-07-13
101573,Cliente 1573,2024-04-22,43208.46,22.45,36,6811.72,706.0,Sí,Pagado,2005-01-27
101574,Cliente 1574,2024-04-23,11228.62,5.17,24,6707.35,325.0,Sí,Activo,1988-08-07
101575,Cliente 1575,2024-04-24,5237.87,18.7,60,12717.53,536.0,Sí,Activo,1964-11-02
101576,Cliente 1576,2024-04-25,1670.11,23.28,12,12179.8,609.0,No,Pagado,1969-04-02
101577,Cliente 1577,2024-04-26,32277.59,9.32,12,11100.6,532.0,No,Activo,1993-03-10
101578,Cliente 1578,2024-04-27,30551.15,11.47,12,7216.83,848.0,Sí,Pagado,1958-08-01
101579,Cliente 1579,2024-04-28,27561.52,15.73,12,5197.12,564.0,Sí,Activo,1957-09-08
101580,Cliente 1580,2024-04-29,11981.38,22.46,12,9326.59,312.0,Sí,Activo,1965-05-12
101581,Cliente 1581,2024-04-30,19849.85,23.75,24,13205.24,795.0,Sí,Pagado,1999-01-17
101582,Cliente 1582,2024-05-01,29926.58,19.4,48,13314.77,615.0,Sí,Pagado,2003-04-16
101583,Cliente 1583,2024-05-02,25089.96,5.36,48,2073.23,683.0,Sí,Pagado,1975-08-09
101584,Cliente 1584,2024-05-03,49395.38,17.89,24,6711.08,615.0,No,Activo,2003-01-22
101585,Cliente 1585,2024-05-04,7253.77,12.32,24,7238.47,555.0,Sí,En Mora,1967-10-06
101586,Cliente 1586,2024-05-05,34909.66,13.62,36,14675.42,740.0,Sí,Activo,2005-12-06
101587,Cliente 1587,2024-05-06,20513.78,4.56,48,10330.97,414.0,Sí,Pagado,1974-10-04
101588,Cliente 1588,2024-05-07,21695.88,7.61,12,6405.07,598.0,No,Activo,1960-12-06
101589,Cliente 1589,2024-05-08,36021.09,20.5,9999,877.84,423.0,No,Pagado,1968-10-24
101590,Cliente 1590,2024-05-09,,13.26,12,8698.08,555.0,No,Pagado,1987-10-04
101591,Cliente 1591,2024-05-10,49567.17,9.99,48,1893.1,346.0,Sí,Pagado,1971-05-18
101592,Cliente 1592,2024-05-11,6855.52,11.76,60,12599.52,762.0,Sí,En Mora,2004-03-19
101593,Cliente 1593,2024-05-12,5653.43,21.87,60,11411.52,649.0,No,Pagado,1952-05-13
101594,Cliente 1594,2024-05-13,36354.77,19.6,24,7177.38,422.0,No,En Mora,1973-02-14
101595,Cliente 1595,2024-05-14,29130.15,9.35,36,6723.56,330.0,Sí,Pagado,1982-03-16
101596,Cliente 1596,2024-05-15,14070.95,6.03,12,13511.42,354.0,Sí,En Mora,1977-10-01
101597,Cliente 1597,2024-05-16,4431.26,8.92,24,4682.65,452.0,Sí,En Mora,2000-06-21
101598,Cliente 1598,2024-05-17,4740.08,23.3,36,4110.79,755.0,No,Pagado,1957-05-23
101599,###Cliente??,2024-05-18,44762.45,16.0,12,14118.36,585.0,Sí,Pagado,1954-11-04
101600,Cliente 1600,2024-05-19,9997.43,14.97,48,12234.06,335.0,Sí,Activo,1970-10-22
101601,Cliente 1601,2024-05-20,16506.89,16.32,60,12399.07,555.0,No,Pagado,1994-02-28
101602,Cliente 1602,2024-05-21,11719.49,11.37,36,3330.31,477.0,No,Pagado,1994-02-10
101603,Cliente 1603,2024-05-22,18072.32,20.85,12,2577.79,847.0,Sí,Activo,1983-05-12
101604,Cliente 1604,2024-05-23,3936.48,14.75,24,877.43,553.0,Sí,Pagado,1989-11-07
101605,Cliente 1605,2024-05-24,26193.46,6.01,12,3937.1,807.0,Sí,En Mora,1969-06-15
101606,Cliente 1606,2024-05-25,3846.82,6.27,24,11725.76,320.0,Sí,Pagado,1959-07-31
101607,Cliente 1607,2024-05-26,40117.65,15.04,60,3980.56,374.0,Sí,Pagado,1976-07-23
101608,Cliente 1608,2024-05-27,12068.75,23.64,60,11072.0,759.0,Sí,Activo,1972-11-13
101609,Cliente 1609,2024-05-28,27230.59,10.13,12,4152.67,477.0,Sí,Pagado,1992-02-27
101610,Cliente 1610,2024-05-29,44063.91,22.2,12,6231.74,681.0,Sí,Pagado,1999-02-17
101611,Cliente 1611,2024-05-30,32718.43,19.93,24,14755.85,336.0,No,Activo,1953-03-16
101612,Cliente 1612,2024-05-31,26881.41,8.83,24,4049.77,419.0,No,Pagado,2004-11-10
101613,Cliente 1613,2024-06-01,16554.52,4.28,36,5957.37,300.0,Sí,En Mora,2004-03-17
101614,Cliente 1614,2024-06-02,16983.59,5.69,36,4865.76,610.0,No,Activo,1978-10-22
101615,Cliente 1615,2024-06-03,33639.6,19.16,36,2089.56,507.0,Sí,En Mora,1998-02-21
101616,Cliente 1616,2024-06-04,49709.9,7.79,12,7603.47,453.0,No,Pagado,1974-10-02
101617,Cliente 1617,2024-06-05,33261.04,11.48,36,5991.01,614.0,Sí,En Mora,2005-09-21
101618,Cliente 1618,2024-06-06,28110.28,14.29,12,10575.86,606.0,No,Pagado,2005-10-28
101619,Cliente 1619,2024-06-07,36667.2,19.1,60,12355.12,803.0,Sí,Pagado,1998-05-03
101620,Cliente 1620,2024-06-08,23527.68,5.93,48,8391.62,819.0,Sí,Activo,1983-08-15
101621,Cliente 1621,2024-06-09,3477.05,12.24,60,966.85,396.0,No,Pagado,1961-02-13
101622,Cliente 1622,2024-06-10,28333.69,13.93,12,9474.37,789.0,Sí,Pagado,1981-04-10
101623,Cliente 1623,2024-06-11,47902.45,15.13,12,1303.17,306.0,Sí,Pagado,1994-03-23
101624,Cliente 1624,2024-06-12,9177.5,21.09,48,9437.17,311.0,Sí,Activo,1989-10-04
101625,Cliente 1625,2024-06-13,34655.24,7.19,24,10432.93,813.0,Sí,Pagado,1956-08-25
101626,Cliente 1626,2024-06-14,10446.22,20.87,24,3367.63,648.0,Sí,Pagado,1975-06-04
101627,Cliente 1627,2024-06-15,27023.47,18.4,24,12380.52,306.0,Sí,En Mora,1961-03-03
101628,Cliente 1628,2024-06-16,5285.48,15.45,36,13710.73,799.0,Sí,En Mora,1966-12-07
101629,Cliente 1629,2024-06-17,22793.36,18.54,24,12289.76,774.0,Sí,En Mora,1990-07-20
101630,Cliente 1630,2024-06-18,37930.08,12.36,36,4924.08,823.0,No,Activo,1981-07-22
101631,Cliente 1631,2024-06-19,17704.79,6.48,36,9006.32,356.0,Sí,Pagado,1986-02-08
101632,Cliente 1632,2024-06-20,33413.13,17.81,24,13764.82,532.0,Sí,Pagado,1998-05-07
101633,Cliente 1633,2024-06-21,39874.77,14.78,24,5149.64,329.0,Sí,Pagado,1981-08-20
101634,Cliente 1634,2024-06-22,46395.3,17.25,48,12390.4,666.0,No,Activo,1997-03-16
101635,Cliente 1635,2024-06-23,12114.78,10.77,48,637.39,355.0,No,Pagado,1983-09-05
101636,Cliente 1636,2024-06-24,20266.14,23.0,36,552.88,309.0,Sí,Activo,1964-06-14
101637,Cliente 1637,2024-06-25,8044.59,16.13,48,11515.82,446.0,No,Activo,1986-11-01
101638,Cliente 1638,2024-06-26,49627.93,5.34,36,11540.99,663.0,No,Pagado,2003-11-08
101639,Cliente 1639,2024-06-27,46386.55,13.17,12,11940.17,552.0,No,Activo,1987-03-08
101640,Cliente 1640,2024-06-28,27227.88,19.76,36,13985.39,552.0,Sí,Pagado,1987-06-21
101641,Cliente 1641,2024-06-29,42180.65,20.57,36,2209.64,742.0,Sí,En Mora,1978-04-09
101642,Cliente 1642,2024-06-30,26287.42,14.13,48,3863.78,639.0,Sí,Activo,1975-03-20
101643,Cliente 1643,2024-07-01,31367.49,22.74,12,13604.01,815.0,Sí,Activo,2003-05-31
101644,Cliente 1644,2024-07-02,4911.66,9.25,60,3069.92,652.0,Sí,Activo,1954-01-01
101645,###Cliente??,2024-07-03,37885.89,12.33,60,10392.32,622.0,Sí,En Mora,1987-03-24
101646,Cliente 1646,2024-07-04,6821.82,22.82,60,8191.71,439.0,No,Activo,1982-10-15
101647,Cliente 1647,2024-07-05,41390.35,22.77,12,1706.31,744.0,Sí,Activo,1978-07-24
101648,Cliente 1648,2024-07-06,39210.39,18.24,24,4636.32,394.0,Sí,Pagado,1985-12-11
101649,Cliente 1649,2024-07-07,35582.86,21.97,12,8045.4,719.0,No,Activo,2000-09-17
101650,Cliente 1650,2024-07-08,2289.94,5.41,48,12859.08,813.0,Sí,Activo,1989-12-26
101651,Cliente 1651,2024-07-09,15504.85,22.1,36,10759.31,449.0,Sí,En Mora,1984-07-22
101652,Cliente 1652,2024-07-10,13524.07,10.39,36,9517.31,650.0,Sí,Activo,1979-07-26
101653,Cliente 1653,2024-07-11,18326.75,7.33,48,7692.48,415.0,No,Activo,1999-07-04
101654,Cliente 1654,2024-07-12,4838.32,8.65,48,4830.92,536.0,No,Activo,1969-01-07
101655,Cliente 1655,2024-07-13,46879.41,12.49,36,2229.05,569.0,Sí,Pagado,1977-02-01
101656,Cliente 1656,2024-07-14,27913.21,8.9,24,6431.6,590.0,No,Activo,1981-01-11
101657,Cliente 1657,2024-07-15,15623.45,10.39,24,913.52,733.0,Sí,Activo,1951-02-28
101658,Cliente 1658,2024-07-16,20150.59,6.4,24,3560.31,308.0,Sí,Pagado,1998-09-08
101659,Cliente 1659,2024-07-17,22636.53,9.87,48,6771.01,774.0,Sí,Activo,1962-06-24
101660,Cliente 1660,2024-07-18,30229.42,15.8,36,6569.78,821.0,Sí,En Mora,2001-02-05
101661,Cliente 1661,2024-07-19,26026.13,13.0,36,1142.28,836.0,Sí,Pagado,2003-05-10
101662,Cliente 1662,2024-07-20,46009.9,10.95,36,9041.37,310.0,Sí,Pagado,2005-12-08
101663,Cliente 1663,2024-07-21,25099.69,19.55,12,8470.42,626.0,Sí,Activo,1997-04-30
101664,Cliente 1664,2024-07-22,49611.82,22.71,12,1632.51,575.0,Sí,Pagado,1994-02-02
101665,Cliente 1665,2024-07-23,42645.54,19.77,60,14175.86,669.0,Sí,Pagado,1998-07-16
101666,Cliente 1666,2024-07-24,10821.27,10.64,12,1941.05,789.0,No,En Mora,1986-12-04
101667,Cliente 1667,2024-07-25,46564.46,19.51,24,12895.1,644.0,Sí,En Mora,1998-01-07
101668,Cliente 1668,2024-07-26,6260.14,6.77,24,504.49,667.0,Sí,Pagado,1981-08-16
101669,Cliente 1669,2024-07-27,40963.76,6.3,24,13293.08,610.0,Sí,Activo,1950-09-03
101670,Cliente 1670,2024-07-28,19340.85,10.93,24,785.94,784.0,No,Activo,1993-12-06
101671,Cliente 1671,2024-07-29,43959.73,20.87,60,11488.27,314.0,Sí,Pagado,1954-06-16
101672,Cliente 1672,2024-07-30,43468.81,8.8,24,5744.52,303.0,Sí,En Mora,1965-06-19
101673,Cliente 1673,2024-07-31,40393.31,4.86,48,11204.14,675.0,Sí,Activo,2006-05-07
101674,Cliente 1674,2024-08-01,39606.51,6.33,48,6325.31,668.0,Sí,Pagado,1984-04-16
101675,Cliente 1675,2024-08-02,15581.62,21.96,48,1528.16,764.0,Sí,Activo,1950-06-04
101676,Cliente 1676,2024-08-03,4505.5,17.13,12,11628.85,832.0,Sí,En Mora,1958-06-26
101677,Cliente 1677,2024-08-04,20447.52,8.94,36,1533.16,436.0,No,Pagado,1997-11-26
101678,Cliente 1678,2024-08-05,9089.46,15.44,60,13870.75,662.0,Sí,Pagado,1990-11-18
101679,Cliente 1679,2024-08-06,34900.08,14.84,48,1239.12,515.0,No,En Mora,2006-02-05
101680,Cliente 1680,2024-08-07,17631.94,17.59,48,7450.22,667.0,Sí,Pagado,1968-02-01
101681,Cliente 1681,2024-08-08,48792.7,8.51,24,10984.0,416.0,Sí,Pagado,1993-07-20
101682,Cliente 1682,2024-08-09,32228.12,22.08,48,6202.07,478.0,Sí,Pagado,2000-08-27
101683,Cliente 1683,2024-08-10,41212.79,10.15,24,3649.89,545.0,Sí,En Mora,1949-11-01
101684,Cliente 1684,2024-08-11,7059.97,18.42,24,11506.82,427.0,Sí,Pagado,1975-05-04
101685,Cliente 1685,2024-08-12,43169.72,3.85,36,11872.27,657.0,No,Activo,1965-02-05
101686,Cliente 1686,2024-08-13,46176.48,11.51,12,13879.08,377.0,No,En Mora,2005-03-01
101687,Cliente 1687,2024-08-14,24609.56,11.06,24,5954.39,592.0,No,Activo,1967-11-02
101688,Cliente 1688,2024-08-15,30509.52,15.18,24,7840.65,381.0,Sí,Activo,1955-08-17
101689,Cliente 1689,2024-08-16,38358.09,5.06,36,5765.36,641.0,Sí,En Mora,1968-06-15
101690,Cliente 1690,2024-08-17,9154.51,20.49,24,4227.69,637.0,No,Activo,1995-02-12
101691,Cliente 1691,2024-08-18,25377.02,8.18,60,11389.98,395.0,Sí,En Mora,1960-08-30
101692,Cliente 1692,2024-08-19,20233.82,18.06,12,5424.95,444.0,No,Pagado,2002-10-01
101693,Cliente 1693,2024-08-20,7745.51,20.77,60,6708.17,820.0,No,En Mora,1992-02-16
101694,Cliente 1694,2024-08-21,18692.95,15.58,48,6353.27,696.0,No,Activo,1955-03-31
101695,Cliente 1695,2024-08-22,3874.53,19.43,12,10833.59,656.0,Sí,En Mora,1971-09-09
101696,Cliente 1696,2024-08-23,1777.69,17.73,48,13808.04,485.0,No,Pagado,1958-05-24
101697,Cliente 1697,2024-08-24,7190.73,11.14,24,10167.96,842.0,Sí,Pagado,1992-05-15
101698,Cliente 1698,2024-08-25,48174.2,20.89,36,7337.95,450.0,Sí,En Mora,1993-11-13
101699,Cliente 1699,2024-08-26,27701.71,9.84,60,11798.47,618.0,Sí,Pagado,1951-10-17
101700,Cliente 1700,2024-08-27,48308.2,15.78,48,9794.08,358.0,Sí,Activo,1993-07-16
101701,Cliente 1701,2024-08-28,21908.64,19.53,24,1378.85,309.0,Sí,En Mora,1997-04-06
101702,Cliente 1702,2024-08-29,15934.9,11.65,60,1887.12,423.0,No,Pagado,1980-12-01
101703,Cliente 1703,2024-08-30,25554.02,10.01,60,1049.8,655.0,Sí,Pagado,2003-07-23
101704,Cliente 1704,2024-08-31,22255.83,13.38,48,7123.84,645.0,Sí,Pagado,1966-01-26
101705,Cliente 1705,2024-09-01,5730.4,21.09,24,12474.87,536.0,Sí,Pagado,2000-07-16
101706,Cliente 1706,2024-09-02,32220.9,23.49,36,5039.71,632.0,Sí,Activo,1959-06-21
101707,Cliente 1707,2024-09-03,11193.89,15.22,48,6070.32,316.0,Sí,Activo,1976-03-29
101708,Cliente 1708,2024-09-04,31169.6,17.72,60,13687.42,723.0,No,Activo,1954-12-31
101709,Cliente 1709,2024-09-05,32684.95,22.92,60,12635.1,623.0,Sí,Activo,1994-05-29
101710,Cliente 1710,2024-09-06,8025.23,5.62,12,10143.2,322.0,No,Activo,1967-01-08
101711,Cliente 1711,2024-09-07,3536.81,8.49,24,4368.65,758.0,No,Activo,1994-01-23
101712,Cliente 1712,2024-09-08,39147.7,18.74,12,2197.1,759.0,Sí,Activo,1959-05-23
101713,Cliente 1713,2024-09-09,23260.12,21.21,36,732.85,820.0,Sí,Activo,1986-10-12
101714,Cliente 1714,2024-09-10,3379.11,21.93,48,2051.65,720.0,Sí,Activo,1995-08-09
101715,Cliente 1715,2024-09-11,49745.88,12.42,60,4742.65,702.0,No,Activo,1998-10-29
101716,Cliente 1716,2024-09-12,3360.14,5.42,24,8500.96,630.0,Sí,Pagado,2001-05-21
101717,Cliente 1717,2024-09-13,34904.24,12.91,60,1428.0,756.0,Sí,En Mora,1995-01-21
101718,Cliente 1718,2024-09-14,49192.11,8.46,12,2475.3,782.0,No,Activo,1951-07-06
101719,Cliente 1719,2024-09-15,12339.42,9.76,12,3125.67,797.0,No,En Mora,1959-08-06
101720,Cliente 1720,2024-09-16,7541.34,20.1,48,9663.74,326.0,Sí,Activo,1979-08-04
101721,Cliente 1721,2024-09-17,6508.55,5.12,24,9428.95,696.0,No,Activo,1991-01-09
101722,Cliente 1722,2024-09-18,15512.12,21.29,24,8486.1,487.0,Sí,En Mora,1999-12-09
101723,Cliente 1723,2024-09-19,5501.77,12.69,48,4132.27,439.0,No,Pagado,1962-12-23
101724,Cliente 1724,2024-09-20,34761.99,16.32,12,5881.24,820.0,Sí,Pagado,1950-01-11
101725,Cliente 1725,2024-09-21,3583.44,5.43,12,1902.0,391.0,Sí,Pagado,1982-01-05
101726,Cliente 1726,2024-09-22,25716.4,10.75,12,3783.68,376.0,Sí,Pagado,1999-10-25
101727,Cliente 1727,2024-09-23,49836.49,5.43,60,13516.73,543.0,Sí,Activo,1960-11-18
101728,Cliente 1728,2024-09-24,40791.53,24.17,36,14705.53,387.0,Sí,Pagado,1988-03-10
101729,Cliente 1729,2024-09-25,30953.36,20.86,12,9891.06,593.0,Sí,Pagado,1952-04-11
101730,Cliente 1730,2024-09-26,15659.55,13.38,36,13793.94,394.0,Sí,En Mora,1951-08-02
101731,Cliente 1731,2024-09-27,31382.84,8.31,36,9819.76,552.0,Sí,Activo,1972-01-08
101732,Cliente 1732,2024-09-28,26588.55,23.57,24,981.35,698.0,No,Pagado,1951-11-20
101733,Cliente 1733,2024-09-29,21591.13,10.91,48,14953.06,353.0,Sí,Activo,1988-06-12
101734,Cliente 1734,2024-09-30,6970.16,6.96,60,1934.81,542.0,Sí,Pagado,1963-01-05
101735,Cliente 1735,2024-10-01,44386.91,15.61,36,10398.31,409.0,No,Pagado,1988-02-17
101736,Cliente 1736,2024-10-02,22764.34,23.79,60,4166.12,520.0,Sí,En Mora,1983-03-05
101737,Cliente 1737,2024-10-03,10133.81,3.58,24,6183.73,461.0,No,Activo,1951-11-18
101738,Cliente 1738,2024-10-04,18704.09,8.62,12,9866.05,334.0,No,En Mora,1959-01-01
101739,Cliente 1739,2024-10-05,20999.42,23.68,36,6829.07,336.0,Sí,Activo,1987-06-16
101740,Cliente 1740,2024-10-06,41463.13,7.18,48,4132.92,669.0,No,Activo,2000-11-16
101741,Cliente 1741,2024-10-07,36813.91,5.93,24,5349.47,476.0,Sí,Activo,1970-03-07
101742,Cliente 1742,2024-10-08,38580.59,15.76,60,5452.45,820.0,Sí,Pagado,1949-12-06
101743,Cliente 1743,2024-10-09,1046.05,22.03,12,14410.2,574.0,Sí,Activo,1972-10-18
101744,Cliente 1744,2024-10-10,21099.62,13.76,60,12079.89,404.0,Sí,Activo,1967-03-25
101745,Cliente 1745,2024-10-11,24326.54,24.88,48,7148.96,455.0,Sí,Activo,1981-12-14
101746,Cliente 1746,2024-10-12,1450.02,18.1,36,3397.4,635.0,No,Activo,1950-06-24
101747,Cliente 1747,2024-10-13,13360.75,5.09,48,12259.73,325.0,Sí,En Mora,1974-05-12
101748,Cliente 1748,2024-10-14,38134.35,24.85,60,2779.15,595.0,No,Pagado,1962-02-04
101749,Cliente 1749,2024-10-15,7286.93,12.27,60,3551.7,836.0,No,Activo,1954-02-06
101750,Cliente 1750,2024-10-16,26997.85,9.68,48,5807.19,654.0,No,En Mora,1983-04-16
101751,Cliente 1751,2024-10-17,11152.49,15.49,48,13265.05,368.0,Sí,Activo,1962-04-07
101752,Cliente 1752,2024-10-18,1099.98,10.04,48,2410.91,626.0,Sí,Activo,1987-07-09
101753,Cliente 1753,2024-10-19,12439.47,5.36,12,2272.4,450.0,No,Activo,2004-05-28
101754,Cliente 1754,2024-10-20,48805.75,3.53,60,7662.64,619.0,No,Activo,1958-12-11
101755,Cliente 1755,2024-10-21,40176.09,13.17,24,4507.95,751.0,No,Pagado,1990-12-07
101756,Cliente 1756,2024-10-22,47999.04,21.49,12,8746.56,411.0,No,Activo,1989-09-30
101757,Cliente 1757,2024-10-23,24648.78,15.8,12,7048.73,761.0,Sí,Pagado,1981-03-26
101758,Cliente 1758,2024-10-24,5931.94,24.98,12,6806.91,661.0,No,Pagado,1976-03-18
101759,Cliente 1759,2024-10-25,27623.99,9.67,24,2123.61,502.0,Sí,Activo,1962-02-22
101760,Cliente 1760,2024-10-26,22991.68,9.53,48,2545.22,786.0,Sí,En Mora,1988-07-14
101761,Cliente 1761,2024-10-27,42295.68,6.93,60,12405.64,779.0,Sí,Activo,1970-08-30
101762,Cliente 1762,2024-10-28,5355.09,7.03,36,13345.3,303.0,No,En Mora,2001-03-07
101763,Cliente 1763,2024-10-29,24667.94,9.63,36,3902.91,428.0,No,Activo,1983-08-25
101764,Cliente 1764,2024-10-30,7927.41,20.55,60,2145.18,325.0,Sí,Pagado,1965-11-24
101765,Cliente 1765,2024-10-31,16571.46,22.97,24,1274.54,326.0,Sí,Activo,2000-04-28
101766,Cliente 1766,2024-11-01,36999.18,24.46,36,9320.32,341.0,No,Activo,1979-10-28
101767,Cliente 1767,2024-11-02,24062.9,8.49,12,10872.62,363.0,Sí,Activo,1989-05-03
101768,Cliente 1768,2024-11-03,19106.47,22.45,36,5905.74,324.0,Sí,Pagado,1971-11-27
101769,Cliente 1769,2024-11-04,20026.58,10.56,60,10355.3,371.0,Sí,Activo,1986-06-15
101770,Cliente 1770,2024-11-05,23242.62,5.93,12,10837.9,781.0,Sí,En Mora,1979-05-21
101771,Cliente 1771,2024-11-06,39358.32,22.21,36,14062.46,567.0,No,Activo,1969-01-11
101772,Cliente 1772,2024-11-07,44658.19,17.18,60,1440.67,394.0,Sí,En Mora,1970-04-13
101773,Cliente 1773,2024-11-08,47789.07,7.04,24,3288.23,694.0,Sí,Pagado,1953-02-10
101774,Cliente 1774,2024-11-09,39451.72,12.74,60,1493.63,663.0,Sí,Pagado,1952-11-27
101775,Cliente 1775,2024-11-10,16112.64,9.68,24,13085.91,614.0,Sí,Pagado,1961-09-09
101776,Cliente 1776,2024-11-11,34562.67,19.34,12,11992.51,416.0,Sí,Activo,1973-08-13
101777,Cliente 1777,2024-11-12,22161.35,13.25,60,8832.31,463.0,No,En Mora,1985-10-25
101778,Cliente 1778,2024-11-13,13106.2,24.77,48,1713.12,605.0,No,Activo,1999-09-12
101779,Cliente 1779,2024-11-14,42123.14,4.68,48,4463.03,499.0,No,En Mora,1993-07-01
101780,Cliente 1780,2024-11-15,2402.1,11.13,48,4816.94,479.0,No,Activo,1962-01-21
101781,Cliente 1781,2024-11-16,45137.22,13.86,48,8630.78,657.0,Sí,Pagado,2006-10-27
101782,Cliente 1782,2024-11-17,23343.13,14.32,48,4241.64,551.0,Sí,Pagado,1967-10-15
101783,Cliente 1783,2024-11-18,32041.47,10.29,24,1557.92,598.0,Sí,Activo,1992-08-08
101784,Cliente 1784,2024-11-19,33138.02,19.18,60,11096.05,729.0,Sí,Activo,1956-09-16
101785,Cliente 1785,2024-11-20,44808.33,22.31,12,4836.66,303.0,Sí,En Mora,1973-07-20
101786,Cliente 1786,2024-11-21,32015.15,23.68,48,7059.43,553.0,Sí,Pagado,1982-04-14
101787,Cliente 1787,2024-11-22,30889.71,20.81,48,,395.0,Sí,Pagado,1981-07-25
101788,Cliente 1788,2024-11-23,3799.28,21.79,12,12136.95,466.0,Sí,En Mora,1968-09-22
101789,Cliente 1789,2024-11-24,26161.2,15.34,12,8700.21,630.0,Sí,Activo,1986-12-24
101790,Cliente 1790,2024-11-25,7933.37,21.26,48,13572.99,361.0,Sí,En Mora,1986-09-24
101791,Cliente 1791,2024-11-26,37002.97,10.03,24,7684.34,473.0,Sí,En Mora,1989-03-10
101792,Cliente 1792,2024-11-27,25854.99,12.07,12,14150.67,552.0,Sí,En Mora,1979-07-06
101793,Cliente 1793,2024-11-28,34171.28,10.31,60,13432.09,760.0,Sí,Pagado,1955-10-24
101794,Cliente 1794,2024-11-29,2562.81,13.55,60,8858.67,514.0,Sí,Activo,1986-01-21
101795,Cliente 1795,2024-11-30,4697.2,9.64,24,14041.45,538.0,No,Activo,1963-05-26
101796,Cliente 1796,2024-12-01,35958.01,24.17,36,5184.79,714.0,Sí,Pagado,1994-09-09
101797,Cliente 1797,2024-12-02,4068.17,10.23,24,5801.81,425.0,Sí,Pagado,2006-03-13
101798,Cliente 1798,2024-12-03,4027.21,5.61,48,1159.43,552.0,Sí,Pagado,2002-01-26
101799,Cliente 1799,2024-12-04,1099.37,14.83,36,9043.41,496.0,Sí,Activo,1997-08-27
101800,Cliente 1800,2024-12-05,47846.82,4.73,48,10967.9,712.0,Sí,En Mora,1951-01-10
101801,Cliente 1801,2024-12-06,37006.66,5.88,60,11716.03,755.0,Sí,En Mora,2004-07-15
101802,Cliente 1802,2024-12-07,17985.94,8.22,12,2672.34,353.0,Sí,En Mora,1996-12-30
101803,Cliente 1803,2024-12-08,15178.51,13.48,48,6940.31,638.0,Sí,Activo,1995-01-12
101804,Cliente 1804,2024-12-09,17810.31,12.81,60,3064.52,658.0,Sí,Activo,1998-01-20
101805,Cliente 1805,2024-12-10,38845.35,20.69,24,10100.85,450.0,Sí,Pagado,2002-12-05
101806,Cliente 1806,2024-12-11,33237.85,19.4,48,2790.22,399.0,Sí,En Mora,1990-07-22
101807,Cliente 1807,2024-12-12,9667.18,12.67,60,13610.37,533.0,No,Activo,1953-01-22
101808,Cliente 1808,2024-12-13,9118.41,10.67,12,3844.2,843.0,Sí,En Mora,1958-10-17
101809,Cliente 1809,2024-12-14,5370.58,10.3,48,4725.33,361.0,Sí,Pagado,1998-09-19
101810,Cliente 1810,2024-12-15,33184.98,20.14,60,12838.14,495.0,Sí,Activo,1950-12-11
101811,Cliente 1811,2024-12-16,38336.45,4.62,48,7147.78,841.0,Sí,Activo,1995-07-14
101812,Cliente 1812,2024-12-17,13619.8,3.78,12,847.94,405.0,Sí,Activo,1975-04-28
101813,Cliente 1813,2024-12-18,1536.78,20.6,48,7671.5,594.0,Sí,Pagado,1956-10-25
101814,Cliente 1814,2024-12-19,4567.5,13.76,48,1725.88,750.0,Sí,Pagado,1990-10-01
101815,Cliente 1815,2024-12-20,48409.07,6.31,60,14787.5,833.0,Sí,En Mora,1971-11-10
101816,Cliente 1816,2024-12-21,15124.52,8.56,36,9027.62,455.0,Sí,Activo,1967-05-16
101817,Cliente 1817,2024-12-22,38576.55,23.55,48,4219.72,705.0,Sí,Activo,1984-08-19
101818,Cliente 1818,2024-12-23,31420.85,21.98,36,8673.91,674.0,Sí,Activo,2002-08-22
101819,Cliente 1819,2024-12-24,19406.01,18.76,24,1614.57,754.0,Sí,Activo,1999-11-09
101820,Cliente 1820,2024-12-25,10681.52,13.87,48,12098.42,501.0,Sí,Activo,1974-01-06
101821,Cliente 1821,2024-12-26,6508.63,14.69,36,13917.26,751.0,Sí,Pagado,1978-11-24
101822,Cliente 1822,2024-12-27,30943.14,24.47,24,13179.44,486.0,Sí,Pagado,1952-10-21
101823,Cliente 1823,2024-12-28,38844.37,24.26,60,5455.49,667.0,Sí,Pagado,1978-03-21
101824,Cliente 1824,2024-12-29,32373.26,8.13,48,5223.64,639.0,No,Pagado,1999-07-08
101825,Cliente 1825,XX/YY/ZZZZ,26749.96,20.94,60,1008.77,561.0,Sí,Pagado,1953-09-28
101826,Cliente 1826,2024-12-31,2576.59,7.74,24,9945.31,842.0,No,Activo,1994-03-21
101827,Cliente 1827,2025-01-01,48440.19,8.09,60,8256.12,605.0,Sí,Pagado,1999-02-25
101828,Cliente 1828,2025-01-02,40036.35,18.04,60,7160.52,464.0,Sí,Activo,1969-01-10
101829,Cliente 1829,2025-01-03,14994.69,12.21,12,13660.65,387.0,Sí,Activo,2000-03-29
101830,Cliente 1830,2025-01-04,49008.53,23.53,24,2934.24,499.0,No,Pagado,1987-05-15
101831,Cliente 1831,2025-01-05,30293.14,5.41,60,640.16,570.0,No,Pagado,1965-08-11
101832,Cliente 1832,2025-01-06,29329.92,14.5,36,1563.09,350.0,Sí,Pagado,1993-02-17
101833,Cliente 1833,2025-01-07,37529.62,23.25,24,3738.89,788.0,Sí,Pagado,1969-10-23
101834,Cliente 1834,2025-01-08,40682.6,22.94,12,982.64,497.0,Sí,En Mora,1957-01-03
101835,Cliente 1835,2025-01-09,32995.69,6.87,48,7791.23,322.0,No,Activo,1954-01-31
101836,Cliente 1836,2025-01-10,6840.74,11.38,60,5054.31,522.0,Sí,Activo,1974-12-20
101837,Cliente 1837,2025-01-11,17244.24,16.81,36,3117.0,520.0,Sí,Pagado,1983-04-14
101838,Cliente 1838,2025-01-12,46440.14,6.93,12,11376.22,565.0,Sí,En Mora,1976-10-15
101839,Cliente 1839,2025-01-13,11618.47,24.31,24,3464.54,372.0,Sí,Activo,2003-11-24
101840,Cliente 1840,2025-01-14,18922.27,23.17,60,10470.27,376.0,Sí,Pagado,1951-09-28
101841,Cliente 1841,2025-01-15,21887.81,7.09,12,5564.34,843.0,Sí,Pagado,1973-12-13
101842,Cliente 1842,2025-01-16,22250.55,6.1,12,,734.0,Sí,Activo,1961-11-03
101843,Cliente 1843,2025-01-17,30840.51,5.34,36,14041.07,364.0,Sí,Pagado,1992-12-30
101844,Cliente 1844,2025-01-18,47182.25,23.05,48,1041.6,656.0,Sí,Activo,1970-11-14
101845,Cliente 1845,2025-01-19,12414.29,7.66,48,7753.84,317.0,Sí,Pagado,1968-07-24
101846,Cliente 1846,2025-01-20,6514.32,12.45,48,12889.13,735.0,Sí,Pagado,1979-10-08
101847,Cliente 1847,2025-01-21,10274.79,13.15,24,9025.63,740.0,No,En Mora,1982-09-06
101848,Cliente 1848,2025-01-22,44402.78,16.38,12,4514.62,308.0,Sí,Activo,1985-11-05
101849,Cliente 1849,2025-01-23,32467.64,5.04,24,6266.38,769.0,Sí,Activo,1993-12-01
101850,Cliente 1850,2025-01-24,14652.39,8.38,12,10363.85,647.0,No,Pagado,1985-03-07
101851,Cliente 1851,2025-01-25,40889.37,23.53,36,13416.77,671.0,No,Activo,2005-02-20
101852,Cliente 1852,2025-01-26,43137.81,23.03,36,1095.46,474.0,No,En Mora,1951-09-19
101853,Cliente 1853,2025-01-27,42402.46,20.3,24,1537.31,814.0,Sí,Pagado,1958-01-25
101854,Cliente 1854,2025-01-28,45986.86,3.92,24,5213.25,429.0,Sí,Pagado,2000-01-29
101855,Cliente 1855,2025-01-29,12985.93,10.53,36,3875.31,592.0,Sí,En Mora,1976-10-24
101856,Cliente 1856,2025-01-30,37874.58,17.0,60,4341.5,652.0,Sí,En Mora,1960-05-30
101857,Cliente 1857,2025-01-31,23296.71,9.42,48,3708.41,523.0,Sí,Pagado,1966-06-02
101858,Cliente 1858,2025-02-01,42178.93,23.06,48,3339.46,823.0,Sí,Activo,1974-01-11
101859,Cliente 1859,2025-02-02,36560.29,17.13,36,2394.05,808.0,Sí,Activo,1952-09-06
101860,Cliente 1860,2025-02-03,38934.15,5.05,48,14042.33,667.0,Sí,Activo,1987-11-25
101861,Cliente 1861,2025-02-04,32980.01,23.04,60,2590.75,799.0,Sí,En Mora,1987-05-27
101862,Cliente 1862,2025-02-05,9282.72,24.09,60,3463.85,389.0,Sí,Activo,1968-02-06
101863,Cliente 1863,2025-02-06,27478.83,5.17,12,4070.85,371.0,Sí,Pagado,1998-07-05
101864,Cliente 1864,2025-02-07,49241.15,14.95,24,14028.72,732.0,Sí,Activo,1997-01-05
101865,Cliente 1865,2025-02-08,46900.71,10.02,48,11457.85,647.0,Sí,Activo,1976-07-27
101866,Cliente 1866,2025-02-09,2637.1,11.95,60,11950.64,562.0,No,Activo,1965-07-01
101867,Cliente 1867,2025-02-10,8658.33,7.36,24,2018.99,570.0,Sí,Pagado,1963-03-02
101868,Cliente 1868,2025-02-11,7020.57,15.93,24,12626.49,808.0,No,Pagado,1981-12-31
101869,Cliente 1869,2025-02-12,36436.01,24.1,12,6418.8,807.0,Sí,Activo,1966-10-03
101870,Cliente 1870,2025-02-13,40980.37,14.32,24,4310.93,719.0,Sí,Pagado,1980-10-06
101871,Cliente 1871,2025-02-14,11068.81,5.28,24,8848.38,371.0,Sí,Activo,1951-06-18
101872,Cliente 1872,2025-02-15,25539.71,16.83,36,12421.65,373.0,Sí,En Mora,1991-01-12
101873,Cliente 1873,2025-02-16,42114.8,10.81,12,11790.46,802.0,Sí,En Mora,1969-03-04
101874,Cliente 1874,2025-02-17,36773.68,21.9,12,13404.96,445.0,Sí,Activo,2006-08-21
101875,Cliente 1875,2025-02-18,27340.74,12.85,48,13957.92,345.0,Sí,Pagado,1975-10-30
101876,Cliente 1876,2025-02-19,29722.21,7.65,24,3952.77,404.0,Sí,En Mora,1997-03-04
101877,Cliente 1877,2025-02-20,25663.85,7.61,48,6645.94,408.0,Sí,Pagado,2006-10-01
101878,Cliente 1878,2025-02-21,15228.65,20.03,60,712.11,616.0,Sí,Activo,1962-04-01
101879,Cliente 1879,2025-02-22,28468.59,9.21,24,13250.16,420.0,Sí,Pagado,1997-05-08
101880,Cliente 1880,2025-02-23,34599.82,20.0,60,2741.3,798.0,No,Pagado,1968-11-09
101881,Cliente 1881,2025-02-24,43729.48,7.93,36,12991.38,342.0,No,Activo,1995-11-27
101882,Cliente 1882,2025-02-25,31996.42,10.42,24,5276.12,398.0,No,En Mora,2000-04-13
101883,Cliente 1883,2025-02-26,38175.52,13.51,48,5837.94,610.0,Sí,Pagado,1963-01-02
101884,Cliente 1884,2025-02-27,8423.55,23.78,48,1067.42,513.0,No,En Mora,2004-06-09
101885,Cliente 1885,2025-02-28,23347.09,23.53,24,5239.74,762.0,No,En Mora,1977-10-29
101886,Cliente 1886,2025-03-01,961.92,7.95,48,13381.27,722.0,Sí,En Mora,1984-04-29
101887,Cliente 1887,2025-03-02,12710.6,11.2,24,870.44,688.0,Sí,Activo,2001-12-02
101888,Cliente 1888,2025-03-03,36459.85,6.71,12,6391.75,411.0,No,Activo,1977-03-01
101889,Cliente 1889,2025-03-04,49594.59,14.46,48,955.29,571.0,No,Pagado,1961-03-29
101890,Cliente 1890,2025-03-05,5409.32,13.4,24,5878.39,401.0,Sí,En Mora,1989-02-23
101891,Cliente 1891,2025-03-06,20373.97,22.87,24,3003.29,509.0,Sí,Pagado,1996-10-12
101892,Cliente 1892,2025-03-07,40103.51,23.5,48,4157.17,321.0,No,Pagado,1987-06-15
101893,Cliente 1893,2025-03-08,10599.76,11.75,12,13225.18,458.0,Sí,Activo,1965-07-30
101894,Cliente 1894,2025-03-09,27976.7,14.07,48,6822.71,642.0,Sí,En Mora,2003-09-12
101895,Cliente 1895,2025-03-10,36787.03,22.77,24,4470.07,699.0,No,Activo,1968-02-22
101896,Cliente 1896,2025-03-11,30991.28,20.84,12,9045.41,753.0,No,Pagado,1953-08-16
101897,Cliente 1897,2025-03-12,9807.22,3.58,60,2560.55,442.0,No,Pagado,1994-09-07
101898,Cliente 1898,2025-03-13,18091.54,10.38,36,4261.18,696.0,Sí,Pagado,1975-06-01
101899,Cliente 1899,2025-03-14,39297.69,12.57,48,8420.6,835.0,Sí,Pagado,2004-02-29
101900,Cliente 1900,2025-03-15,27934.21,8.44,24,3944.08,440.0,No,Activo,1989-08-18
101901,Cliente 1901,2025-03-16,758.87,7.79,12,10347.35,539.0,Sí,En Mora,1998-09-12
101902,Cliente 1902,2025-03-17,38169.04,4.31,12,7626.62,591.0,No,En Mora,1974-09-17
101903,Cliente 1903,2025-03-18,2247.91,17.33,60,11693.84,381.0,Sí,Activo,1957-11-30
101904,Cliente 1904,2025-03-19,37413.82,9.14,48,14249.55,470.0,Sí,Activo,1969-08-31
101905,Cliente 1905,2025-03-20,10522.79,4.63,12,2179.17,825.0,Sí,Activo,1998-01-12
101906,Cliente 1906,2025-03-21,47924.64,8.47,60,5352.64,841.0,Sí,En Mora,1981-09-12
101907,Cliente 1907,2025-03-22,18713.07,20.74,24,5133.46,409.0,Sí,Activo,1968-07-14
101908,Cliente 1908,2025-03-23,16683.12,21.81,60,2692.15,511.0,Sí,En Mora,1977-11-04
101909,Cliente 1909,2025-03-24,7869.96,13.89,48,12249.4,737.0,Sí,Activo,1977-10-28
101910,Cliente 1910,2025-03-25,15627.41,12.45,60,11518.24,621.0,Sí,Activo,1950-06-18
101911,Cliente 1911,2025-03-26,43894.21,24.52,12,7524.17,383.0,No,Pagado,1979-02-09
101912,Cliente 1912,2025-03-27,49818.55,7.81,12,8297.68,675.0,Sí,En Mora,1978-10-31
101913,Cliente 1913,2025-03-28,18731.32,8.13,36,1363.39,352.0,Sí,Activo,1982-06-14
101914,Cliente 1914,2025-03-29,22706.23,9.78,60,8554.86,795.0,Sí,En Mora,1985-02-18
101915,Cliente 1915,2025-03-30,36242.51,7.21,24,11974.45,555.0,Sí,Activo,1994-07-31
101916,Cliente 1916,2025-03-31,44366.69,11.66,48,8820.5,519.0,Sí,Pagado,1988-10-21
101917,Cliente 1917,2025-04-01,29855.69,23.08,36,4346.94,399.0,Sí,Activo,1950-06-04
101918,Cliente 1918,2025-04-02,19880.52,16.73,60,10179.45,428.0,Sí,Activo,1989-09-15
101919,Cliente 1919,2025-04-03,20924.78,12.36,24,5741.58,518.0,Sí,En Mora,1951-02-18
101920,Cliente 1920,2025-04-04,34933.1,23.59,36,8400.66,776.0,Sí,En Mora,1958-05-02
101921,Cliente 1921,2025-04-05,659.3,4.54,12,7569.7,757.0,No,Pagado,1998-09-29
101922,Cliente 1922,2025-04-06,31169.67,8.02,48,6027.04,321.0,No,Pagado,1955-05-21
101923,Cliente 1923,2025-04-07,18096.9,15.67,60,10923.73,628.0,Sí,En Mora,1990-05-23
101924,Cliente 1924,2025-04-08,39812.77,16.73,24,13316.2,779.0,Sí,Activo,1959-06-08
101925,Cliente 1925,2025-04-09,5103.04,4.35,12,575.58,638.0,No,Activo,1960-10-31
101926,Cliente 1926,2025-04-10,29616.01,12.17,36,14037.44,478.0,Sí,Activo,1978-01-30
101927,Cliente 1927,2025-04-11,24308.16,17.46,48,7916.97,720.0,Sí,Activo,1950-10-09
101928,Cliente 1928,2025-04-12,32295.11,18.51,36,10660.61,781.0,Sí,Activo,1987-09-30
101929,Cliente 1929,2025-04-13,3710.25,17.22,36,12906.56,348.0,No,Activo,1952-02-09
101930,Cliente 1930,2025-04-14,29209.2,10.39,24,7273.0,329.0,No,Activo,1984-02-25
101931,Cliente 1931,2025-04-15,28293.49,5.51,12,12607.12,384.0,Sí,En Mora,2004-06-08
101932,Cliente 1932,2025-04-16,28252.67,12.68,60,3075.49,801.0,Sí,En Mora,1977-06-07
101933,Cliente 1933,2025-04-17,30372.64,6.27,24,2807.93,845.0,No,Pagado,2003-05-28
101934,Cliente 1934,2025-04-18,33985.16,23.87,48,10033.33,628.0,Sí,Activo,1995-07-17
101935,Cliente 1935,2025-04-19,40346.96,13.72,36,13117.07,733.0,Sí,Pagado,1970-02-24
101936,Cliente 1936,2025-04-20,13856.13,10.32,48,13440.18,548.0,Sí,Pagado,1995-10-15
101937,Cliente 1937,2025-04-21,41339.95,19.98,24,9834.24,433.0,No,En Mora,1965-12-09
101938,Cliente 1938,2025-04-22,25163.66,14.21,24,8119.59,664.0,Sí,Activo,1970-10-25
101939,Cliente 1939,2025-04-23,4314.38,10.17,60,5305.2,724.0,No,Activo,1989-03-27
101940,Cliente 1940,2025-04-24,3398.27,20.96,36,14710.01,714.0,Sí,Pagado,1982-10-30
101941,Cliente 1941,2025-04-25,17044.8,22.14,24,5135.59,811.0,Sí,Activo,1952-07-05
101942,Cliente 1942,2025-04-26,39352.4,17.97,48,11290.7,684.0,Sí,Activo,1952-07-11
101943,Cliente 1943,2025-04-27,35530.21,4.51,60,8213.74,687.0,No,En Mora,1977-03-20
101944,Cliente 1944,2025-04-28,39536.44,-15.68,48,9323.43,748.0,Sí,En Mora,1977-06-05
101945,Cliente 1945,2025-04-29,26104.82,19.91,36,6205.47,602.0,Sí,En Mora,1984-02-18
101946,Cliente 1946,2025-04-30,22289.85,6.43,60,14489.94,398.0,Sí,Pagado,1964-10-13
101947,Cliente 1947,2025-05-01,7798.9,8.42,60,8789.39,605.0,Sí,Activo,1976-03-01
101948,Cliente 1948,2025-05-02,16745.54,22.47,60,14097.92,341.0,No,Activo,1964-09-03
101949,Cliente 1949,2025-05-03,21983.96,3.93,12,610.08,767.0,Sí,Activo,1990-08-24
101950,Cliente 1950,2025-05-04,4885.72,19.68,60,8803.72,739.0,Sí,En Mora,1982-07-12
101951,Cliente 1951,2025-05-05,11420.29,13.69,48,10899.21,626.0,Sí,Activo,1999-06-19
101952,Cliente 1952,2025-05-06,30112.15,13.11,48,11303.66,332.0,Sí,Pagado,1963-10-21
101953,Cliente 1953,2025-05-07,36915.32,3.65,36,13622.16,711.0,No,Pagado,1971-01-03
101954,Cliente 1954,2025-05-08,49918.2,21.12,24,563.82,413.0,Sí,Pagado,1960-10-11
101955,Cliente 1955,2025-05-09,46689.11,11.24,24,504.79,807.0,Sí,Activo,1951-03-04
101956,Cliente 1956,2025-05-10,32306.98,15.13,12,7347.82,355.0,Sí,Activo,1993-02-14
101957,Cliente 1957,2025-05-11,21351.78,18.06,60,924.76,651.0,Sí,En Mora,1998-01-16
101958,Cliente 1958,2025-05-12,31990.78,18.61,12,14630.72,628.0,Sí,Activo,1985-03-16
101959,Cliente 1959,2025-05-13,39389.76,24.05,36,3719.95,845.0,Sí,Pagado,1952-06-01
101960,Cliente 1960,2025-05-14,6357.64,14.92,36,7353.64,569.0,No,Pagado,1996-03-01
101961,Cliente 1961,2025-05-15,20790.29,12.09,24,1386.5,495.0,Sí,Pagado,2005-03-04
101962,Cliente 1962,2025-05-16,42070.21,24.0,36,8069.7,712.0,Sí,En Mora,1953-04-21
101963,Cliente 1963,2025-05-17,19499.73,17.31,60,6009.36,378.0,Sí,Activo,1959-02-12
101964,Cliente 1964,2025-05-18,28807.68,9.91,48,1147.57,382.0,Sí,Activo,2005-04-01
101965,Cliente 1965,2025-05-19,29594.58,6.22,36,5359.3,436.0,Sí,Pagado,1987-05-23
101966,Cliente 1966,2025-05-20,9631.57,21.61,12,6175.82,838.0,Sí,Pagado,1992-12-21
101967,Cliente 1967,2025-05-21,18430.65,11.29,60,14853.86,605.0,Sí,Activo,1987-07-18
101968,Cliente 1968,2025-05-22,17058.31,17.7,36,3514.35,610.0,Sí,Pagado,1989-09-17
101969,Cliente 1969,2025-05-23,1796.74,13.62,36,8399.3,687.0,No,Pagado,1982-06-14
101970,Cliente 1970,2025-05-24,1697.49,7.78,60,14816.08,848.0,Sí,Pagado,1974-10-29
101971,Cliente 1971,2025-05-25,41669.0,16.44,36,11984.28,805.0,No,En Mora,1974-11-01
101972,Cliente 1972,2025-05-26,14017.01,4.8,48,14903.83,687.0,Sí,Pagado,1959-07-28
101973,Cliente 1973,2025-05-27,26144.9,12.39,24,14540.33,592.0,Sí,Pagado,1969-07-15
101974,Cliente 1974,2025-05-28,15286.92,15.25,60,7598.32,478.0,Sí,En Mora,1990-04-22
101975,###Cliente??,2025-05-29,47063.62,12.88,12,10597.45,728.0,Sí,Pagado,2006-10-13
101976,Cliente 1976,2025-05-30,13335.19,19.6,36,2101.43,823.0,Sí,Pagado,2000-07-08
101977,Cliente 1977,2025-05-31,21768.01,21.3,24,6896.66,611.0,Sí,Activo,1991-10-02
101978,Cliente 1978,2025-06-01,43700.15,20.08,12,12230.77,379.0,Sí,Activo,2005-07-28
101979,Cliente 1979,2025-06-02,42175.71,4.33,12,7827.36,313.0,Sí,Pagado,1993-07-05
101980,Cliente 1980,2025-06-03,9712.02,7.67,48,10689.14,353.0,Sí,Pagado,2002-04-16
101981,Cliente 1981,2025-06-04,40230.84,15.04,24,11313.39,746.0,Sí,Pagado,1997-07-13
101982,Cliente 1982,2025-06-05,23180.25,23.6,60,4175.3,364.0,Sí,En Mora,1983-04-04
101983,Cliente 1983,2025-06-06,24406.96,21.45,24,13197.64,671.0,Sí,Activo,1993-04-26
101984,Cliente 1984,2025-06-07,7107.26,21.61,24,7167.43,802.0,No,Pagado,1998-01-24
101985,Cliente 1985,2025-06-08,4489.77,10.02,12,3547.68,395.0,No,En Mora,2001-02-07
101986,Cliente 1986,2025-06-09,36533.0,12.73,48,13048.53,832.0,Sí,Pagado,1961-08-24
101987,Cliente 1987,2025-06-10,25074.83,13.62,48,6558.37,559.0,Sí,En Mora,1981-10-16
101988,Cliente 1988,2025-06-11,22124.11,6.88,24,11379.53,547.0,Sí,Pagado,1960-06-24
101989,Cliente 1989,2025-06-12,36610.66,4.17,24,8446.48,426.0,No,Activo,1966-04-09
101990,Cliente 1990,2025-06-13,38392.89,23.86,36,6037.14,798.0,No,Activo,1977-03-11
101991,Cliente 1991,2025-06-14,8365.95,8.68,12,12243.21,345.0,Sí,Pagado,2003-04-28
101992,Cliente 1992,2025-06-15,30706.14,8.66,60,8974.81,567.0,No,Activo,2001-12-02
101993,Cliente 1993,2025-06-16,7200.03,5.29,60,6163.15,841.0,Sí,Pagado,1964-02-02
101994,Cliente 1994,2025-06-17,37693.07,23.46,48,2089.17,393.0,No,Pagado,1998-09-04
101995,Cliente 1995,2025-06-18,33019.28,15.96,12,13483.96,615.0,Sí,Activo,1969-08-18
101996,Cliente 1996,2025-06-19,47852.42,17.84,48,1014.31,370.0,Sí,Pagado,1967-02-13
101997,Cliente 1997,2025-06-20,3913.42,23.1,60,13016.22,748.0,No,Activo,2001-06-16
101998,Cliente 1998,2025-06-21,3324.21,10.93,24,5719.44,666.0,Sí,Activo,1983-03-25
101999,Cliente 1999,2025-06-22,14468.26,16.86,12,9770.41,709.0,No,Activo,1979-08-27
102000,Cliente 2000,2025-06-23,13454.43,4.33,12,13871.9,390.0,Sí,Activo,1957-12-15
102001,Cliente 2001,2025-06-24,12725.45,7.52,36,2699.75,808.0,Sí,Pagado,1957-04-06
102002,Cliente 2002,2025-06-25,45359.6,21.37,24,8720.78,827.0,No,Activo,2000-12-24
102003,Cliente 2003,2025-06-26,12852.54,19.99,24,11584.28,409.0,Sí,Pagado,1983-07-31
102004,Cliente 2004,2025-06-27,13961.51,11.04,48,11484.97,388.0,Sí,Activo,2000-04-18
102005,Cliente 2005,2025-06-28,38090.21,11.6,12,8121.66,571.0,Sí,En Mora,1960-11-07
102006,Cliente 2006,2025-06-29,22762.12,14.97,48,9558.72,546.0,No,Activo,1956-12-09
102007,Cliente 2007,2025-06-30,38947.17,3.51,24,11484.14,660.0,No,Activo,1975-06-03
102008,Cliente 2008,2025-07-01,3735.62,8.69,36,12694.9,677.0,Sí,Activo,1964-08-10
102009,Cliente 2009,2025-07-02,24634.77,7.98,12,11546.29,505.0,Sí,Activo,1996-06-17
102010,Cliente 2010,2025-07-03,2163.87,8.89,24,5633.07,644.0,Sí,Activo,1975-05-18
102011,Cliente 2011,2025-07-04,3601.33,20.83,36,14952.53,754.0,Sí,En Mora,1999-04-18
102012,Cliente 2012,2025-07-05,45368.65,9.51,60,6800.29,366.0,No,Activo,1959-04-09
102013,Cliente 2013,2025-07-06,7392.65,7.62,24,854.74,342.0,Sí,Activo,1967-04-30
102014,Cliente 2014,2025-07-07,26854.82,14.34,60,5757.95,528.0,Sí,Activo,2002-02-14
102015,Cliente 2015,2025-07-08,20849.23,22.11,48,2352.85,743.0,Sí,Activo,1972-12-30
102016,Cliente 2016,2025-07-09,17693.49,8.69,60,2260.92,533.0,No,Pagado,1997-12-06
102017,Cliente 2017,2025-07-10,45041.75,5.19,24,4582.26,498.0,Sí,Pagado,1965-06-19
102018,Cliente 2018,2025-07-11,1580.26,11.16,60,1273.94,796.0,No,Activo,1955-10-26
102019,Cliente 2019,2025-07-12,33357.59,19.57,12,10483.43,331.0,Sí,Pagado,1951-06-28
102020,Cliente 2020,2025-07-13,48188.02,15.34,24,1572.84,563.0,No,En Mora,1966-02-22
102021,Cliente 2021,2025-07-14,28228.33,21.06,36,3447.7,412.0,Sí,Activo,1969-07-19
102022,Cliente 2022,2025-07-15,46872.71,24.13,60,1847.05,758.0,Sí,Pagado,2002-04-18
102023,Cliente 2023,2025-07-16,3086.77,20.54,12,1415.93,575.0,Sí,Activo,1987-05-18
102024,Cliente 2024,2025-07-17,21230.27,16.48,48,4382.4,445.0,Sí,Activo,1977-01-29
102025,Cliente 2025,2025-07-18,13377.81,14.11,48,8792.54,656.0,Sí,Pagado,1954-09-08
102026,Cliente 2026,2025-07-19,36675.64,4.36,60,14487.94,305.0,No,Activo,1979-08-22
102027,Cliente 2027,2025-07-20,49074.21,24.66,48,13195.57,639.0,Sí,Pagado,1982-03-27
102028,Cliente 2028,2025-07-21,13198.24,11.74,36,13201.04,793.0,No,Activo,2004-11-28
102029,Cliente 2029,2025-07-22,32881.64,6.77,24,3052.97,407.0,Sí,En Mora,1975-10-23
102030,Cliente 2030,2025-07-23,10305.83,17.83,12,4341.15,370.0,Sí,Activo,1983-09-12
102031,Cliente 2031,2025-07-24,28483.85,9.61,60,1607.7,639.0,No,Pagado,1968-02-11
102032,Cliente 2032,2025-07-25,23464.66,16.09,48,11787.79,399.0,No,Activo,1977-05-28
102033,Cliente 2033,2025-07-26,48614.26,16.12,24,1512.34,626.0,Sí,Activo,1977-02-04
102034,Cliente 2034,2025-07-27,30622.1,13.08,36,8572.09,332.0,Sí,Pagado,1988-01-20
102035,Cliente 2035,2025-07-28,17800.57,21.48,48,4094.2,442.0,No,Activo,1996-11-25
102036,Cliente 2036,2025-07-29,6147.74,9.2,48,4029.96,543.0,No,Activo,1964-01-09
102037,Cliente 2037,2025-07-30,7986.72,13.15,12,14865.51,516.0,No,Activo,1990-07-11
102038,Cliente 2038,2025-07-31,11653.19,15.06,36,11473.31,733.0,No,Activo,1976-09-20
102039,Cliente 2039,2025-08-01,12922.85,17.77,36,12635.62,353.0,Sí,En Mora,1989-05-09
102040,Cliente 2040,2025-08-02,42605.49,20.36,60,8793.75,450.0,No,En Mora,1997-08-19
102041,Cliente 2041,2025-08-03,28280.53,11.99,12,13129.71,354.0,Sí,Pagado,1984-04-14
102042,Cliente 2042,2025-08-04,26407.85,17.39,60,9859.61,816.0,Sí,En Mora,1959-12-21
102043,Cliente 2043,2025-08-05,6181.06,6.74,12,14219.52,747.0,Sí,En Mora,1960-12-22
102044,Cliente 2044,2025-08-06,43076.91,23.55,36,4579.41,334.0,Sí,Activo,1956-08-30
102045,Cliente 2045,2025-08-07,36279.31,11.74,12,9132.13,418.0,Sí,Pagado,1966-04-09
102046,Cliente 2046,2025-08-08,3849.58,19.18,12,10506.9,496.0,Sí,Pagado,1987-05-22
102047,Cliente 2047,2025-08-09,35537.84,3.94,12,6197.59,813.0,Sí,Activo,1972-12-19
102048,Cliente 2048,2025-08-10,27405.14,7.91,24,13255.77,721.0,Sí,Pagado,1966-07-14
102049,Cliente 2049,2025-08-11,4545.4,13.97,24,14707.15,816.0,Sí,En Mora,1960-03-03
102050,Cliente 2050,2025-08-12,23185.88,22.38,36,7659.66,438.0,Sí,Pagado,2001-08-16
102051,Cliente 2051,2025-08-13,24492.47,14.84,12,6164.29,343.0,Sí,En Mora,1970-01-02
102052,Cliente 2052,2025-08-14,8705.84,23.49,36,7343.1,518.0,No,Activo,1982-03-07
102053,Cliente 2053,2025-08-15,47312.06,13.9,24,12864.68,557.0,Sí,Activo,1985-01-11
102054,Cliente 2054,2025-08-16,42573.78,14.04,12,9859.29,812.0,Sí,Pagado,1993-11-06
102055,Cliente 2055,2025-08-17,33616.61,6.07,60,1149.2,676.0,No,Pagado,2000-05-22
102056,Cliente 2056,2025-08-18,23383.63,20.76,24,8361.46,588.0,Sí,Activo,1996-05-10
102057,Cliente 2057,2025-08-19,20882.39,8.81,24,750.85,769.0,Sí,Activo,2006-09-27
102058,Cliente 2058,2025-08-20,32723.19,22.84,24,11788.76,402.0,Sí,Pagado,1990-04-28
102059,Cliente 2059,2025-08-21,27498.88,23.08,12,5260.53,448.0,No,Activo,1953-11-09
102060,Cliente 2060,2025-08-22,3582.52,23.78,48,7344.11,383.0,No,Pagado,2001-05-10
102061,Cliente 2061,2025-08-23,25868.88,14.68,60,12080.83,325.0,Sí,En Mora,1980-08-15
102062,Cliente 2062,2025-08-24,40416.98,18.06,60,1173.51,474.0,No,Pagado,1975-02-01
102063,Cliente 2063,2025-08-25,23232.37,20.24,36,2798.85,721.0,No,Activo,2007-05-21
102064,Cliente 2064,2025-08-26,3071.85,6.32,12,6270.43,645.0,Sí,Activo,1952-07-03
102065,Cliente 2065,2025-08-27,39420.77,16.42,24,3833.91,601.0,Sí,Pagado,2001-01-28
102066,Cliente 2066,2025-08-28,10467.51,4.24,48,5399.57,597.0,No,Activo,1951-01-10
102067,Cliente 2067,2025-08-29,13301.73,14.2,12,14973.53,434.0,Sí,Pagado,1968-08-22
102068,Cliente 2068,2025-08-30,8652.96,6.83,12,12468.51,354.0,Sí,Pagado,1956-05-24
102069,Cliente 2069,2025-08-31,16845.65,7.43,48,13316.58,355.0,Sí,En Mora,1979-01-22
102070,Cliente 2070,2025-09-01,37959.2,11.35,24,14087.29,673.0,Sí,Activo,1996-09-13
102071,Cliente 2071,2025-09-02,26209.6,12.8,12,5443.57,638.0,Sí,Pagado,1990-01-01
102072,Cliente 2072,2025-09-03,10641.62,16.9,60,4807.62,756.0,Sí,En Mora,1989-06-29
102073,Cliente 2073,2025-09-04,43952.59,5.1,60,3893.91,654.0,Sí,En Mora,1953-08-21
102074,Cliente 2074,2025-09-05,44039.3,14.33,48,12536.7,431.0,No,Activo,1983-05-22
102075,###Cliente??,2025-09-06,43593.63,7.43,24,10353.5,792.0,Sí,Pagado,1955-11-30
102076,Cliente 2076,2025-09-07,12320.41,15.84,48,3924.49,409.0,Sí,Pagado,1981-12-10
102077,Cliente 2077,2025-09-08,22836.35,17.2,12,5966.41,425.0,No,Pagado,1982-04-21
102078,Cliente 2078,2025-09-09,49256.99,15.47,60,7847.32,595.0,No,Pagado,1977-01-15
102079,Cliente 2079,2025-09-10,38714.62,19.37,36,8158.03,478.0,Sí,Activo,1956-06-11
102080,Cliente 2080,2025-09-11,1844.79,10.72,48,13386.55,496.0,Sí,Activo,1976-06-22
102081,Cliente 2081,2025-09-12,3727.63,19.95,36,6018.21,400.0,Sí,Pagado,1952-06-15
102082,Cliente 2082,2025-09-13,23464.6,12.8,36,13673.6,482.0,No,Activo,1961-05-15
102083,Cliente 2083,2025-09-14,45506.4,13.91,60,6899.83,308.0,Sí,Pagado,2003-05-26
102084,Cliente 2084,2025-09-15,27165.74,17.43,48,11322.4,712.0,Sí,Pagado,1993-02-20
102085,Cliente 2085,2025-09-16,25141.72,3.89,36,13988.69,403.0,No,En Mora,1960-03-24
102086,Cliente 2086,2025-09-17,5720.95,17.56,12,13659.85,425.0,Sí,Activo,1975-01-12
102087,###Cliente??,2025-09-18,33010.62,16.8,24,1325.82,845.0,No,Activo,1954-10-15
102088,Cliente 2088,2025-09-19,41194.11,10.16,24,3482.71,569.0,Sí,Activo,1979-07-24
102089,Cliente 2089,2025-09-20,19330.79,5.34,60,7415.13,765.0,Sí,Pagado,1976-09-11
102090,Cliente 2090,2025-09-21,38892.79,5.46,48,6757.54,417.0,Sí,Activo,1982-11-23
102091,Cliente 2091,2025-09-22,48241.59,23.35,48,9792.93,391.0,Sí,Activo,1951-05-01
102092,Cliente 2092,2025-09-23,10586.44,18.32,24,14198.28,784.0,No,En Mora,1968-06-05
102093,Cliente 2093,2025-09-24,26404.82,6.23,12,2129.87,386.0,No,Activo,1952-05-20
102094,Cliente 2094,2025-09-25,14713.33,11.17,24,7051.95,533.0,No,Pagado,1961-01-06
102095,Cliente 2095,2025-09-26,39746.29,16.24,24,3289.96,423.0,Sí,Activo,1990-12-26
102096,Cliente 2096,2025-09-27,29090.87,21.46,48,13464.56,502.0,Sí,Pagado,2001-09-06
102097,Cliente 2097,2025-09-28,31911.83,4.44,36,14486.41,331.0,Sí,Activo,1957-02-19
102098,Cliente 2098,2025-09-29,39996.75,8.59,12,7441.17,656.0,Sí,Activo,1975-03-21
102099,Cliente 2099,2025-09-30,20100.54,22.63,48,2008.15,762.0,Sí,Pagado,1991-02-06
102100,Cliente 2100,2025-10-01,45796.96,3.7,24,11886.77,393.0,No,Activo,1999-08-13
102101,Cliente 2101,2025-10-02,26884.93,7.83,36,10608.55,821.0,Sí,Pagado,1958-12-15
102102,Cliente 2102,2025-10-03,8318.76,24.12,12,5642.73,707.0,Sí,Pagado,1985-07-07
102103,Cliente 2103,2025-10-04,34947.01,16.69,60,13367.41,399.0,No,Activo,1988-06-21
102104,Cliente 2104,2025-10-05,39766.44,9.13,12,14649.56,543.0,Sí,Pagado,2006-10-30
102105,Cliente 2105,2025-10-06,16179.7,4.94,12,8588.88,357.0,Sí,Pagado,1969-02-16
102106,Cliente 2106,2025-10-07,42930.37,4.11,24,8703.05,656.0,Sí,Activo,2002-02-10
102107,Cliente 2107,2025-10-08,45354.09,8.76,24,4813.95,790.0,No,Activo,1960-05-14
102108,Cliente 2108,2025-10-09,14206.77,22.45,60,8975.34,619.0,Sí,Activo,1952-08-10
102109,Cliente 2109,2025-10-10,49184.31,12.44,60,6874.81,318.0,Sí,Activo,1962-10-08
102110,Cliente 2110,2025-10-11,7465.22,18.99,60,4881.77,656.0,No,Activo,1995-06-02
102111,Cliente 2111,2025-10-12,10499.78,23.24,48,1474.19,416.0,No,Activo,1967-05-12
102112,Cliente 2112,2025-10-13,9619.13,12.27,48,4164.26,435.0,No,En Mora,1957-09-30
102113,Cliente 2113,2025-10-14,44752.49,7.61,24,3368.89,595.0,Sí,Pagado,1992-06-17
102114,Cliente 2114,2025-10-15,32887.48,14.62,24,8359.61,824.0,No,Activo,1952-09-13
102115,Cliente 2115,2025-10-16,8029.16,23.02,60,9224.22,400.0,Sí,Pagado,1955-05-02
102116,Cliente 2116,2025-10-17,22296.01,20.79,48,9324.29,679.0,Sí,Pagado,1959-12-28
102117,Cliente 2117,2025-10-18,30957.25,4.92,36,6128.62,454.0,Sí,Activo,1978-06-11
102118,Cliente 2118,2025-10-19,4631.47,18.39,48,6607.83,404.0,No,Activo,1987-10-10
102119,Cliente 2119,2025-10-20,44179.61,15.8,24,12596.46,825.0,Sí,En Mora,1974-10-11
102120,Cliente 2120,2025-10-21,40278.38,23.01,48,7405.38,427.0,Sí,Pagado,1980-11-27
102121,Cliente 2121,2025-10-22,25507.74,6.13,24,14822.71,700.0,Sí,En Mora,1997-07-28
102122,Cliente 2122,2025-10-23,48372.77,14.98,60,6874.45,828.0,Sí,Pagado,1971-02-12
102123,Cliente 2123,2025-10-24,21179.17,22.41,60,9918.92,849.0,Sí,Pagado,1975-10-02
102124,Cliente 2124,2025-10-25,49213.46,12.32,60,1230.26,423.0,Sí,Activo,1993-11-12
102125,Cliente 2125,2025-10-26,33562.04,13.86,36,9973.43,659.0,No,Pagado,1985-01-20
102126,Cliente 2126,2025-10-27,31916.23,5.01,36,12845.68,363.0,Sí,Pagado,1963-07-02
102127,Cliente 2127,2025-10-28,8714.77,9.48,24,14165.64,401.0,No,Activo,1952-05-03
102128,Cliente 2128,2025-10-29,44155.42,10.48,12,14961.15,576.0,Sí,Activo,2007-04-01
102129,Cliente 2129,2025-10-30,21660.74,23.82,36,4591.59,526.0,Sí,Pagado,1962-08-02
102130,Cliente 2130,2025-10-31,8530.55,9.58,24,8842.87,322.0,Sí,En Mora,1969-10-07
102131,Cliente 2131,2025-11-01,1124.07,13.41,48,7035.41,363.0,No,Pagado,1976-04-23
102132,Cliente 2132,2025-11-02,28207.91,17.93,60,8675.35,456.0,Sí,Activo,1956-11-07
102133,Cliente 2133,2025-11-03,26606.28,6.99,60,2783.07,689.0,Sí,Pagado,1964-09-29
102134,Cliente 2134,2025-11-04,36108.0,13.96,60,12914.17,448.0,Sí,Activo,1996-06-12
102135,Cliente 2135,2025-11-05,44567.77,19.38,24,13688.75,662.0,No,Activo,1956-09-07
102136,Cliente 2136,2025-11-06,4430.63,22.14,60,7020.09,763.0,Sí,En Mora,1998-10-09
102137,Cliente 2137,2025-11-07,36709.08,16.96,36,4566.23,698.0,Sí,Pagado,1953-07-24
102138,Cliente 2138,2025-11-08,9776.89,17.88,48,2542.08,704.0,No,Activo,1970-04-15
102139,Cliente 2139,2025-11-09,42979.76,6.22,60,10414.59,431.0,No,Pagado,1994-09-07
102140,Cliente 2140,2025-11-10,41043.64,23.83,24,5027.36,496.0,Sí,Pagado,1969-07-21
102141,Cliente 2141,2025-11-11,27269.29,6.35,48,13688.31,334.0,Sí,Pagado,1982-11-21
102142,Cliente 2142,2025-11-12,35657.02,20.16,60,10229.68,719.0,Sí,En Mora,1980-02-05
102143,Cliente 2143,2025-11-13,16060.33,9.19,12,9862.44,676.0,No,Pagado,1990-02-03
102144,Cliente 2144,2025-11-14,23822.81,23.57,60,8611.33,698.0,Sí,Activo,1975-09-29
102145,Cliente 2145,2025-11-15,41171.03,18.98,36,1163.76,519.0,No,Pagado,1997-02-09
102146,Cliente 2146,2025-11-16,23233.63,19.71,48,14012.88,816.0,No,Activo,2007-01-21
102147,Cliente 2147,2025-11-17,18211.01,8.21,36,9605.09,641.0,No,Pagado,2002-12-15
102148,Cliente 2148,2025-11-18,24963.52,13.03,12,14913.9,715.0,No,Pagado,1981-05-19
102149,Cliente 2149,2025-11-19,41498.34,16.78,12,8291.67,755.0,Sí,Pagado,1976-06-02
102150,Cliente 2150,2025-11-20,17092.8,20.05,36,10796.61,596.0,Sí,Activo,1975-01-15
102151,Cliente 2151,2025-11-21,9101.2,5.74,48,1315.04,630.0,Sí,Pagado,2005-01-14
102152,Cliente 2152,2025-11-22,35744.69,24.19,12,9660.17,638.0,Sí,Activo,1993-11-18
102153,Cliente 2153,2025-11-23,41385.92,22.64,12,11587.42,597.0,Sí,Pagado,2006-11-07
102154,Cliente 2154,2025-11-24,5481.56,9.31,60,11788.46,611.0,Sí,Activo,1986-06-24
102155,Cliente 2155,2025-11-25,12373.77,21.19,24,11666.62,354.0,No,Pagado,1990-09-05
102156,Cliente 2156,2025-11-26,7527.61,14.64,12,3781.1,833.0,No,Pagado,1964-07-19
102157,Cliente 2157,2025-11-27,17723.1,13.43,48,14643.28,404.0,Sí,Activo,1958-03-19
102158,Cliente 2158,2025-11-28,22792.37,10.26,48,14930.14,474.0,Sí,Pagado,1953-07-26
102159,Cliente 2159,2025-11-29,37566.9,15.99,60,1596.14,593.0,Sí,En Mora,1954-07-06
102160,Cliente 2160,2025-11-30,32731.81,19.19,48,14078.47,674.0,No,Pagado,1968-07-14
102161,Cliente 2161,2025-12-01,31235.96,12.34,60,4697.01,749.0,Sí,Activo,1961-07-25
102162,Cliente 2162,2025-12-02,17942.56,17.03,12,10494.62,744.0,No,En Mora,1964-06-02
102163,Cliente 2163,2025-12-03,42151.65,18.54,12,5402.61,359.0,No,Pagado,1995-02-21
102164,Cliente 2164,2025-12-04,23828.71,18.79,12,14532.44,691.0,No,Activo,1988-09-28
102165,Cliente 2165,2025-12-05,48965.69,4.62,12,1971.81,689.0,No,Pagado,1974-11-04
102166,Cliente 2166,2025-12-06,31890.04,21.98,24,7717.33,511.0,No,En Mora,1984-03-16
102167,Cliente 2167,2025-12-07,6750.1,13.35,24,6706.69,834.0,No,Activo,1971-03-07
102168,Cliente 2168,2025-12-08,33970.79,9.14,12,5227.34,539.0,Sí,Activo,2001-02-08
102169,Cliente 2169,2025-12-09,16592.65,8.7,48,9860.24,787.0,Sí,Pagado,1994-02-03
102170,Cliente 2170,2025-12-10,34473.2,13.88,60,2400.31,421.0,No,Activo,1952-02-21
102171,Cliente 2171,2025-12-11,3947.24,22.57,36,10891.61,552.0,Sí,Pagado,1974-01-03
102172,Cliente 2172,2025-12-12,9156.63,11.63,60,14718.59,440.0,Sí,En Mora,1962-08-19
102173,Cliente 2173,2025-12-13,42858.99,19.62,36,12166.1,751.0,No,En Mora,1971-08-04
102174,Cliente 2174,2025-12-14,11745.39,5.58,36,12970.24,452.0,No,Pagado,1953-01-07
102175,Cliente 2175,2025-12-15,41933.54,13.74,12,5714.73,607.0,Sí,En Mora,1978-03-26
102176,Cliente 2176,2025-12-16,14324.17,24.82,36,5210.86,616.0,Sí,Activo,1974-10-31
102177,Cliente 2177,2025-12-17,32322.65,20.06,12,7997.2,828.0,Sí,En Mora,1954-02-25
102178,Cliente 2178,2025-12-18,34860.45,8.03,24,1163.04,595.0,Sí,Pagado,1977-09-05
102179,Cliente 2179,2025-12-19,25876.41,14.28,48,14207.69,644.0,No,Pagado,1968-08-08
102180,Cliente 2180,2025-12-20,15612.88,8.52,36,2584.89,581.0,Sí,Pagado,2006-08-08
102181,Cliente 2181,2025-12-21,11025.9,12.31,48,13593.69,507.0,No,Pagado,1990-01-19
102182,Cliente 2182,2025-12-22,2142.87,20.27,12,1711.94,395.0,Sí,Pagado,1984-07-11
102183,Cliente 2183,2025-12-23,15545.35,20.08,36,12428.06,751.0,Sí,En Mora,2003-04-14
102184,Cliente 2184,2025-12-24,32831.56,8.4,60,2703.46,672.0,No,Activo,1973-12-21
102185,Cliente 2185,2025-12-25,46946.09,23.33,24,1052.91,372.0,Sí,Pagado,1958-08-11
102186,Cliente 2186,2025-12-26,43624.62,16.24,24,10932.6,632.0,Sí,Activo,1959-10-06
102187,Cliente 2187,2025-12-27,38420.21,11.67,36,4563.85,692.0,No,Activo,1970-11-18
102188,Cliente 2188,2025-12-28,39528.14,14.29,24,10860.19,405.0,No,Pagado,1983-03-01
102189,Cliente 2189,2025-12-29,33416.75,16.51,60,8548.74,400.0,Sí,Pagado,1984-03-10
102190,Cliente 2190,2025-12-30,13384.2,15.54,48,2077.71,658.0,Sí,En Mora,2005-11-29
102191,Cliente 2191,2025-12-31,45406.15,13.96,60,14015.89,628.0,Sí,Pagado,1993-05-17
102192,Cliente 2192,2026-01-01,33701.25,14.36,24,7058.56,694.0,No,Activo,1998-09-07
102193,Cliente 2193,2026-01-02,28241.81,7.29,48,11149.49,334.0,No,Pagado,1997-09-15
102194,Cliente 2194,2026-01-03,5993.98,20.97,60,7764.8,456.0,Sí,Pagado,1961-11-25
102195,Cliente 2195,2026-01-04,22629.25,15.15,12,9263.24,572.0,Sí,Pagado,1953-01-28
102196,Cliente 2196,2026-01-05,23287.73,6.32,12,4890.22,695.0,No,Pagado,2005-03-03
102197,Cliente 2197,2026-01-06,43295.9,19.97,48,3405.22,506.0,Sí,Pagado,1976-09-13
102198,Cliente 2198,2026-01-07,27559.09,23.55,48,8367.27,605.0,No,Pagado,1999-03-11
102199,Cliente 2199,2026-01-08,19329.83,23.87,48,6883.18,835.0,No,Pagado,1971-01-08
102200,Cliente 2200,2026-01-09,48851.62,11.43,12,6156.64,761.0,No,En Mora,1992-12-16
102201,Cliente 2201,2026-01-10,5980.67,6.41,60,10252.22,551.0,No,Pagado,1994-03-23
102202,Cliente 2202,2026-01-11,,14.65,48,10512.35,566.0,Sí,Activo,1982-07-02
102203,Cliente 2203,2026-01-12,2580.22,5.92,12,1165.84,508.0,Sí,Pagado,1976-07-07
102204,Cliente 2204,2026-01-13,37125.25,23.58,48,5411.8,838.0,No,Pagado,1967-09-07
102205,Cliente 2205,2026-01-14,45944.79,7.45,48,6470.59,802.0,Sí,Pagado,1988-07-26
102206,Cliente 2206,2026-01-15,14361.85,8.93,48,1904.94,813.0,Sí,Activo,1986-01-06
102207,Cliente 2207,2026-01-16,42987.91,12.24,12,3920.56,447.0,Sí,En Mora,1966-09-13
102208,Cliente 2208,2026-01-17,14964.8,11.74,60,1248.81,382.0,Sí,Pagado,1973-11-10
102209,Cliente 2209,2026-01-18,45583.12,20.59,12,14945.51,341.0,Sí,Pagado,1990-06-25
102210,Cliente 2210,2026-01-19,37821.11,13.31,12,11180.08,455.0,No,Activo,1955-02-08
102211,Cliente 2211,2026-01-20,40342.89,7.17,48,1768.03,752.0,Sí,Activo,1985-11-19
102212,Cliente 2212,2026-01-21,1391.32,9.25,36,793.62,583.0,Sí,Pagado,1988-04-28
102213,Cliente 2213,2026-01-22,48159.11,14.45,36,10929.67,487.0,Sí,En Mora,1951-05-17
102214,Cliente 2214,2026-01-23,36470.21,6.67,36,6868.29,773.0,Sí,En Mora,1974-05-21
102215,Cliente 2215,2026-01-24,15585.18,16.65,12,11908.55,806.0,No,Pagado,1979-11-07
102216,Cliente 2216,2026-01-25,41555.04,15.66,48,13890.4,432.0,Sí,Activo,1987-01-09
102217,Cliente 2217,2026-01-26,14435.3,18.87,36,9189.86,570.0,Sí,Activo,1984-11-17
102218,Cliente 2218,2026-01-27,43701.32,23.66,24,3213.07,372.0,Sí,En Mora,2001-04-24
102219,Cliente 2219,2026-01-28,6072.73,23.11,24,11841.81,735.0,No,Activo,1994-06-29
102220,Cliente 2220,2026-01-29,35332.46,23.84,24,14359.27,592.0,Sí,En Mora,1995-10-05
102221,Cliente 2221,2026-01-30,27264.57,8.76,60,8913.35,736.0,Sí,Pagado,1990-10-04
102222,Cliente 2222,2026-01-31,5278.46,6.33,48,10388.96,359.0,Sí,Pagado,1985-11-01
102223,Cliente 2223,2026-02-01,12473.74,10.0,12,5393.38,626.0,Sí,En Mora,2005-06-10
102224,Cliente 2224,2026-02-02,1114.0,22.74,12,6032.15,481.0,Sí,Pagado,1962-02-05
102225,Cliente 2225,2026-02-03,23704.01,24.4,48,11152.49,733.0,No,En Mora,1974-07-16
102226,Cliente 2226,2026-02-04,15412.63,21.98,60,13952.68,818.0,Sí,Pagado,1989-06-20
102227,Cliente 2227,2026-02-05,30118.7,5.87,48,9620.33,382.0,No,Pagado,1994-09-30
102228,Cliente 2228,2026-02-06,15213.27,23.87,60,11952.79,327.0,Sí,Activo,1962-11-19
102229,Cliente 2229,2026-02-07,15346.0,12.6,36,2988.71,565.0,Sí,Activo,1988-08-31
102230,Cliente 2230,2026-02-08,37288.06,3.7,36,3573.41,582.0,No,En Mora,1990-05-12
102231,Cliente 2231,2026-02-09,2883.07,13.01,60,8214.5,696.0,Sí,Activo,1996-06-08
102232,Cliente 2232,2026-02-10,45193.3,4.49,48,3060.04,682.0,No,Activo,1983-11-28
102233,Cliente 2233,2026-02-11,42687.06,15.19,36,9707.43,618.0,No,Activo,1969-11-04
102234,Cliente 2234,2026-02-12,33556.33,10.78,48,4728.97,492.0,No,Pagado,1984-01-12
102235,Cliente 2235,2026-02-13,29864.47,13.68,36,11977.22,526.0,Sí,En Mora,1963-01-30
102236,Cliente 2236,2026-02-14,44668.97,16.68,48,12217.6,750.0,Sí,En Mora,2004-12-08
102237,Cliente 2237,2026-02-15,9673.84,22.18,48,7224.92,481.0,Sí,Pagado,2002-06-06
102238,Cliente 2238,2026-02-16,4408.97,17.73,24,3121.75,626.0,Sí,Pagado,2000-01-30
102239,Cliente 2239,2026-02-17,12355.75,12.83,60,9878.24,502.0,Sí,Activo,1989-09-19
102240,Cliente 2240,2026-02-18,39831.62,21.12,12,14895.41,701.0,Sí,Pagado,2003-01-11
102241,Cliente 2241,2026-02-19,2216.18,22.97,60,9527.57,771.0,Sí,Pagado,1978-07-27
102242,Cliente 2242,2026-02-20,29348.94,6.07,48,1018.73,478.0,Sí,Pagado,1981-12-24
102243,Cliente 2243,2026-02-21,49774.16,14.94,48,750.76,317.0,No,Pagado,1990-09-25
102244,Cliente 2244,2026-02-22,42856.96,9.62,60,5145.25,762.0,No,Activo,1970-12-17
102245,Cliente 2245,2026-02-23,26311.56,4.51,48,3338.87,845.0,Sí,Activo,1951-08-06
102246,Cliente 2246,2026-02-24,3650.23,17.87,36,12289.24,702.0,No,Activo,1960-01-03
102247,Cliente 2247,2026-02-25,41652.99,22.05,48,12749.68,692.0,Sí,En Mora,1973-09-06
102248,Cliente 2248,2026-02-26,30149.44,7.0,60,4249.97,599.0,Sí,En Mora,2004-03-28
102249,Cliente 2249,2026-02-27,6189.18,,60,5221.85,650.0,Sí,Activo,1962-01-31
102250,Cliente 2250,2026-02-28,5145.94,21.85,60,3925.58,486.0,No,Pagado,1994-02-01
102251,Cliente 2251,2026-03-01,45526.53,23.16,24,13671.55,646.0,Sí,En Mora,1983-01-07
102252,Cliente 2252,2026-03-02,33625.41,9.2,24,7788.42,708.0,Sí,En Mora,1958-02-20
102253,Cliente 2253,2026-03-03,41549.7,22.93,24,10013.99,370.0,No,Activo,1964-01-09
102254,Cliente 2254,2026-03-04,44009.46,10.39,24,6524.49,626.0,Sí,Activo,1951-08-10
102255,Cliente 2255,2026-03-05,28802.73,15.38,24,9649.71,511.0,No,Pagado,2004-12-28
102256,Cliente 2256,2026-03-06,26113.59,4.59,24,6094.9,608.0,Sí,Pagado,1976-06-27
102257,Cliente 2257,2026-03-07,21806.16,4.44,24,5425.34,407.0,No,Activo,2002-01-22
102258,Cliente 2258,2026-03-08,16188.86,18.99,60,9699.96,476.0,Sí,Pagado,1957-11-20
102259,Cliente 2259,2026-03-09,22012.5,13.06,12,9070.4,726.0,No,Pagado,1982-01-01
102260,Cliente 2260,2026-03-10,38807.04,9.01,24,4756.16,830.0,No,Pagado,2003-05-29
102261,Cliente 2261,2026-03-11,30295.21,7.59,60,2665.55,717.0,No,Pagado,1963-09-21
102262,Cliente 2262,2026-03-12,44679.9,17.9,12,5844.36,547.0,Sí,En Mora,1992-02-18
102263,Cliente 2263,2026-03-13,22447.31,3.51,24,6520.37,508.0,No,En Mora,1969-02-09
102264,Cliente 2264,2026-03-14,30550.93,20.83,12,9615.92,515.0,No,Activo,2003-11-13
102265,Cliente 2265,2026-03-15,31749.72,5.2,12,13760.67,737.0,Sí,Pagado,2001-11-18
102266,Cliente 2266,2026-03-16,29789.01,7.62,36,1024.68,610.0,No,Pagado,1997-10-20
102267,Cliente 2267,2026-03-17,35280.37,11.8,48,4033.08,682.0,Sí,En Mora,1953-10-04
102268,Cliente 2268,2026-03-18,12252.96,13.92,36,3308.88,570.0,Sí,Pagado,2004-12-06
102269,Cliente 2269,2026-03-19,25862.01,11.13,12,7783.27,420.0,Sí,Activo,1973-11-05
102270,Cliente 2270,2026-03-20,5659.13,10.4,60,6730.66,706.0,Sí,Pagado,2006-03-17
102271,Cliente 2271,2026-03-21,19533.31,24.22,24,11071.05,544.0,Sí,Activo,1993-05-27
102272,Cliente 2272,2026-03-22,24639.52,17.29,48,4015.03,365.0,Sí,En Mora,1958-12-28
102273,Cliente 2273,2026-03-23,32785.1,4.0,24,9120.23,527.0,Sí,Activo,1992-11-12
102274,Cliente 2274,2026-03-24,47551.29,12.75,60,13315.93,436.0,Sí,Activo,1996-07-31
102275,Cliente 2275,2026-03-25,30232.23,22.31,48,13704.83,493.0,No,Activo,1971-10-15
102276,Cliente 2276,2026-03-26,37307.9,9.98,36,14402.38,788.0,Sí,Activo,1967-02-27
102277,Cliente 2277,2026-03-27,25560.17,5.53,12,11712.29,653.0,Sí,En Mora,1986-04-02
102278,Cliente 2278,2026-03-28,31888.15,19.81,60,13636.82,456.0,Sí,Activo,1962-10-01
102279,Cliente 2279,2026-03-29,4011.14,16.53,12,3900.7,775.0,Sí,Activo,1956-12-05
102280,Cliente 2280,2026-03-30,13092.38,15.76,12,3364.92,315.0,Sí,Activo,1957-07-15
102281,Cliente 2281,2026-03-31,18411.73,4.65,24,594.08,377.0,Sí,Pagado,1972-06-09
102282,Cliente 2282,2026-04-01,23888.42,6.52,60,10749.24,351.0,No,Pagado,1984-05-04
102283,Cliente 2283,2026-04-02,2759.61,16.88,12,14093.27,813.0,Sí,Pagado,1981-05-17
102284,Cliente 2284,2026-04-03,7431.19,7.97,36,3210.56,803.0,Sí,Pagado,1964-07-18
102285,Cliente 2285,2026-04-04,14202.31,14.34,48,9735.68,360.0,Sí,Activo,1986-08-31
102286,Cliente 2286,2026-04-05,48590.87,15.21,60,11323.67,431.0,No,Pagado,1976-02-04
102287,Cliente 2287,2026-04-06,16901.68,9.6,24,13950.41,681.0,Sí,En Mora,1980-03-28
102288,Cliente 2288,2026-04-07,24361.03,23.89,60,9879.47,842.0,Sí,Activo,1991-05-21
102289,Cliente 2289,2026-04-08,10206.84,21.61,24,14569.26,709.0,No,Activo,1973-12-17
102290,Cliente 2290,2026-04-09,30733.61,19.03,48,5497.76,454.0,No,En Mora,1957-01-02
102291,Cliente 2291,2026-04-10,14393.82,5.18,36,5573.96,350.0,Sí,Pagado,1970-11-30
102292,Cliente 2292,2026-04-11,10746.13,5.78,12,8373.68,394.0,Sí,Activo,1998-07-03
102293,Cliente 2293,2026-04-12,26070.35,14.09,60,6060.78,822.0,Sí,Pagado,1995-06-26
102294,Cliente 2294,2026-04-13,772.54,6.96,24,520.67,823.0,Sí,Activo,2000-09-28
102295,Cliente 2295,2026-04-14,879.37,24.53,48,11110.69,654.0,Sí,Pagado,1985-10-22
102296,Cliente 2296,2026-04-15,11343.91,6.91,12,11399.9,344.0,Sí,Pagado,1997-12-29
102297,Cliente 2297,2026-04-16,2317.71,13.98,9999,11331.13,504.0,No,Activo,1969-10-02
102298,Cliente 2298,2026-04-17,5847.27,11.33,36,5502.8,730.0,Sí,Activo,1973-09-11
102299,Cliente 2299,2026-04-18,17273.6,17.25,12,8073.2,555.0,Sí,Pagado,1993-04-03
102300,Cliente 2300,2026-04-19,40227.99,6.27,12,5719.62,547.0,Sí,Activo,1962-01-10
102301,Cliente 2301,2026-04-20,28816.41,12.75,12,732.53,832.0,Sí,En Mora,1959-08-10
102302,Cliente 2302,2026-04-21,25877.05,9.41,24,8655.51,340.0,Sí,Pagado,1954-04-11
102303,Cliente 2303,2026-04-22,15027.7,22.59,12,2294.53,758.0,No,Activo,2004-11-14
102304,Cliente 2304,2026-04-23,46621.81,4.37,48,1660.6,576.0,No,Activo,1956-12-16
102305,Cliente 2305,2026-04-24,20152.24,23.15,24,11454.74,494.0,No,Activo,1955-06-28
102306,Cliente 2306,2026-04-25,4811.09,21.41,12,637.84,370.0,No,En Mora,1978-12-13
102307,Cliente 2307,2026-04-26,31044.79,9.9,48,14405.62,569.0,No,Activo,1971-06-25
102308,Cliente 2308,2026-04-27,6135.0,20.47,48,7971.2,634.0,Sí,En Mora,1998-01-19
102309,Cliente 2309,2026-04-28,17588.55,4.17,60,14753.74,607.0,Sí,Pagado,1994-03-31
102310,Cliente 2310,2026-04-29,25616.89,24.29,48,1340.96,726.0,No,En Mora,2002-02-01
102311,Cliente 2311,2026-04-30,43774.01,14.82,36,8961.18,498.0,Sí,Activo,2004-09-13
102312,Cliente 2312,2026-05-01,24930.56,10.02,12,5565.24,375.0,Sí,Pagado,1954-06-27
102313,Cliente 2313,2026-05-02,35261.81,11.3,12,12730.5,824.0,No,Pagado,1973-02-07
102314,Cliente 2314,2026-05-03,49644.43,4.93,12,5737.73,529.0,No,Activo,1956-04-17
102315,Cliente 2315,2026-05-04,7008.71,24.77,48,4277.07,384.0,Sí,Pagado,1981-07-20
102316,Cliente 2316,2026-05-05,14099.21,4.34,48,12934.52,461.0,Sí,Activo,1956-04-02
102317,Cliente 2317,2026-05-06,20031.52,17.58,12,5932.47,696.0,Sí,Pagado,2001-02-22
102318,Cliente 2318,2026-05-07,21380.49,13.02,24,744.08,670.0,Sí,Activo,1972-03-26
102319,Cliente 2319,2026-05-08,20845.54,23.9,24,6159.19,514.0,Sí,Pagado,1995-01-02
102320,Cliente 2320,2026-05-09,45426.74,8.79,36,9990.57,300.0,No,Pagado,1992-12-28
102321,Cliente 2321,2026-05-10,35844.62,14.94,60,4188.21,676.0,Sí,Activo,1999-07-03
102322,Cliente 2322,2026-05-11,30591.31,13.87,36,6763.82,711.0,Sí,Activo,1974-04-22
102323,Cliente 2323,2026-05-12,15813.95,18.61,12,1322.37,499.0,No,Pagado,1952-07-16
102324,Cliente 2324,2026-05-13,41277.62,4.96,12,9027.35,482.0,Sí,Pagado,1990-12-30
102325,Cliente 2325,2026-05-14,47775.5,7.67,12,11466.28,709.0,No,Pagado,1972-12-03
102326,Cliente 2326,2026-05-15,41149.31,8.11,60,6493.03,697.0,Sí,Pagado,1991-01-05
102327,Cliente 2327,2026-05-16,577.47,19.37,48,6593.37,515.0,No,En Mora,1969-04-19
102328,Cliente 2328,2026-05-17,32001.87,7.57,60,1780.1,648.0,Sí,En Mora,1953-07-04
102329,Cliente 2329,2026-05-18,3031.2,15.83,36,3428.14,340.0,Sí,Pagado,1968-09-17
102330,Cliente 2330,2026-05-19,13251.56,8.13,48,2742.79,302.0,Sí,Pagado,1963-01-23
102331,Cliente 2331,2026-05-20,3446.47,22.02,48,7484.47,393.0,Sí,En Mora,1990-09-10
102332,Cliente 2332,2026-05-21,30387.87,23.76,36,8174.21,358.0,Sí,Pagado,1996-06-02
102333,Cliente 2333,2026-05-22,34486.2,14.65,48,14259.63,706.0,Sí,Activo,1961-04-19
102334,Cliente 2334,2026-05-23,6167.14,11.07,24,1561.86,317.0,No,Activo,1989-03-19
102335,Cliente 2335,2026-05-24,19500.02,8.53,36,9198.09,793.0,Sí,Pagado,2007-10-31
102336,Cliente 2336,2026-05-25,23083.71,4.57,36,8134.23,807.0,No,Pagado,1980-07-05
102337,Cliente 2337,2026-05-26,18768.12,9.27,24,7985.38,631.0,No,Pagado,1996-03-03
102338,Cliente 2338,2026-05-27,6490.74,17.57,60,13160.81,468.0,No,En Mora,1955-09-24
102339,Cliente 2339,2026-05-28,21237.92,14.97,60,3480.31,505.0,No,En Mora,1962-10-11
102340,Cliente 2340,2026-05-29,37683.31,23.8,60,1091.21,820.0,Sí,En Mora,1984-08-20
102341,Cliente 2341,2026-05-30,4014.88,12.02,48,10247.94,804.0,Sí,Activo,1970-03-13
102342,Cliente 2342,2026-05-31,4468.91,18.42,24,5504.78,645.0,Sí,En Mora,1986-08-11
102343,Cliente 2343,2026-06-01,18061.18,14.02,36,755.05,603.0,Sí,Activo,1977-09-05
102344,Cliente 2344,2026-06-02,47115.42,14.52,36,4144.92,414.0,Sí,Pagado,1990-02-06
102345,Cliente 2345,2026-06-03,33594.35,9.26,36,4985.24,386.0,Sí,Pagado,1972-12-10
102346,Cliente 2346,2026-06-04,34094.16,13.28,48,9444.16,394.0,Sí,Pagado,1973-03-07
102347,Cliente 2347,2026-06-05,18415.04,13.62,48,3002.49,727.0,No,En Mora,1977-01-31
102348,Cliente 2348,2026-06-06,29886.21,18.69,60,6489.29,749.0,No,Pagado,1990-01-08
102349,Cliente 2349,2026-06-07,1001.49,23.72,48,7495.89,840.0,No,Activo,1979-09-29
102350,Cliente 2350,2026-06-08,31986.75,10.58,60,7158.94,301.0,Sí,Activo,1992-04-14
102351,Cliente 2351,2026-06-09,45707.7,4.41,60,14622.14,377.0,Sí,Pagado,2004-02-20
102352,Cliente 2352,2026-06-10,30822.39,14.17,36,1159.81,623.0,No,Activo,1957-12-05
102353,Cliente 2353,2026-06-11,43748.08,15.21,48,14289.04,397.0,Sí,Pagado,1991-01-02
102354,Cliente 2354,2026-06-12,36336.67,7.12,60,8938.09,409.0,No,En Mora,1994-04-06
102355,Cliente 2355,2026-06-13,6467.64,19.85,24,12038.05,756.0,No,Activo,1981-01-25
102356,Cliente 2356,2026-06-14,45171.44,24.68,24,6740.69,787.0,Sí,Activo,1965-10-25
102357,Cliente 2357,2026-06-15,3788.97,23.83,48,7080.65,670.0,Sí,Pagado,1991-08-20
102358,Cliente 2358,2026-06-16,26931.39,7.74,36,13250.23,636.0,Sí,Pagado,1972-07-16
102359,Cliente 2359,2026-06-17,7535.79,22.32,36,13491.05,321.0,Sí,En Mora,1962-05-28
102360,###Cliente??,2026-06-18,1079.48,18.65,60,3960.99,604.0,Sí,Pagado,1984-06-15
102361,Cliente 2361,2026-06-19,21390.7,13.26,48,3389.01,571.0,No,Activo,1954-09-22
102362,Cliente 2362,2026-06-20,15104.52,15.12,24,7695.41,789.0,Sí,Pagado,1972-03-28
102363,Cliente 2363,2026-06-21,24557.02,21.77,60,13554.02,745.0,Sí,Activo,1974-01-28
102364,Cliente 2364,2026-06-22,29071.39,13.82,60,5174.15,577.0,Sí,Activo,2000-07-28
102365,Cliente 2365,2026-06-23,2665.08,11.52,12,9954.21,676.0,Sí,Pagado,1951-10-17
102366,Cliente 2366,2026-06-24,6588.66,14.1,48,10768.2,531.0,No,Pagado,1977-01-17
102367,Cliente 2367,2026-06-25,28152.8,15.95,60,11790.78,725.0,Sí,Activo,2000-03-10
102368,Cliente 2368,2026-06-26,17486.78,7.57,24,8676.9,354.0,No,Pagado,1957-08-28
102369,Cliente 2369,2026-06-27,36594.09,22.87,12,6335.6,740.0,No,En Mora,1971-05-11
102370,Cliente 2370,2026-06-28,32788.44,18.0,24,14521.73,333.0,No,Pagado,1998-01-24
102371,Cliente 2371,2026-06-29,42357.42,17.12,36,9364.3,628.0,Sí,Pagado,1997-12-07
102372,Cliente 2372,2026-06-30,34778.39,5.64,12,11064.2,753.0,Sí,Pagado,1982-11-28
102373,Cliente 2373,2026-07-01,21781.59,16.49,12,5502.25,687.0,No,Pagado,1979-03-07
102374,Cliente 2374,2026-07-02,33811.85,6.1,60,10214.26,729.0,No,Activo,1996-09-17
102375,Cliente 2375,2026-07-03,14131.37,5.19,36,4238.07,775.0,No,Activo,1954-06-28
102376,Cliente 2376,2026-07-04,15662.52,14.84,60,4053.91,424.0,Sí,Pagado,1967-10-13
102377,Cliente 2377,2026-07-05,39554.77,12.16,48,10863.47,822.0,Sí,En Mora,1979-09-28
102378,Cliente 2378,2026-07-06,22597.77,16.16,24,8060.22,781.0,No,En Mora,1959-01-31
102379,Cliente 2379,2026-07-07,40019.83,5.42,24,10407.51,616.0,Sí,Pagado,1952-11-12
102380,Cliente 2380,2026-07-08,41209.91,12.77,60,4406.86,421.0,Sí,Activo,1981-05-11
102381,Cliente 2381,2026-07-09,42949.34,7.26,24,9181.49,846.0,Sí,Activo,1976-06-08
102382,Cliente 2382,2026-07-10,45873.44,24.72,24,6937.04,612.0,No,Pagado,1993-06-09
102383,Cliente 2383,2026-07-11,21833.77,15.56,48,9155.92,786.0,Sí,Activo,1965-04-07
102384,Cliente 2384,2026-07-12,16283.91,18.28,36,4717.76,311.0,Sí,Activo,1953-12-22
102385,Cliente 2385,2026-07-13,29318.84,10.5,12,10874.04,424.0,Sí,Pagado,1971-09-16
102386,Cliente 2386,2026-07-14,18873.03,5.54,60,12185.98,376.0,Sí,Activo,2006-04-22
102387,Cliente 2387,2026-07-15,30253.17,24.48,60,4268.79,535.0,No,Pagado,2002-05-15
102388,Cliente 2388,2026-07-16,35426.5,9.65,48,4859.0,553.0,Sí,Activo,1988-04-02
102389,Cliente 2389,2026-07-17,34576.05,12.61,48,10086.74,705.0,Sí,En Mora,1968-07-16
102390,Cliente 2390,2026-07-18,19040.37,17.47,12,10585.99,542.0,Sí,Pagado,1978-02-22
102391,Cliente 2391,2026-07-19,8759.58,4.03,36,10709.45,760.0,Sí,Activo,1966-02-22
102392,Cliente 2392,2026-07-20,21811.2,20.92,60,10399.13,576.0,Sí,En Mora,1971-09-03
102393,Cliente 2393,2026-07-21,7558.41,15.04,48,6195.71,768.0,No,Activo,1969-07-30
102394,Cliente 2394,2026-07-22,44559.8,9.48,60,6225.38,519.0,No,Pagado,1969-01-26
102395,Cliente 2395,2026-07-23,17620.93,4.82,24,4194.86,524.0,Sí,Activo,1996-11-14
102396,Cliente 2396,2026-07-24,8145.76,6.99,60,2774.09,400.0,Sí,En Mora,2002-12-07
102397,Cliente 2397,2026-07-25,1759.66,22.74,36,10542.37,806.0,Sí,Activo,1996-07-26
102398,Cliente 2398,2026-07-26,32468.21,18.25,36,1851.24,630.0,No,En Mora,1995-04-13
102399,Cliente 2399,2026-07-27,32026.66,8.87,60,14097.99,536.0,Sí,Pagado,1977-08-23
102400,Cliente 2400,2026-07-28,17359.91,4.91,24,12486.95,638.0,Sí,Pagado,1952-03-23
102401,Cliente 2401,2026-07-29,4049.74,18.35,36,12933.83,805.0,No,Activo,1999-10-18
102402,Cliente 2402,2026-07-30,20776.63,15.81,48,13646.7,464.0,Sí,En Mora,1975-03-31
102403,Cliente 2403,2026-07-31,15905.27,12.2,60,6424.77,517.0,Sí,Activo,1992-05-22
102404,Cliente 2404,2026-08-01,34017.47,11.32,24,12777.16,675.0,Sí,Pagado,2000-05-20
102405,Cliente 2405,2026-08-02,30486.07,8.16,48,2791.89,311.0,Sí,Activo,1968-10-16
102406,Cliente 2406,2026-08-03,18547.39,17.9,60,813.81,731.0,No,Activo,1952-04-26
102407,Cliente 2407,2026-08-04,11285.68,24.37,24,11880.93,382.0,No,Activo,1964-08-04
102408,Cliente 2408,2026-08-05,49407.78,7.28,48,1584.55,730.0,Sí,Activo,1996-06-20
102409,Cliente 2409,2026-08-06,22973.08,16.34,36,14833.61,777.0,Sí,Pagado,1977-04-05
102410,Cliente 2410,2026-08-07,34569.57,12.62,60,10284.55,668.0,Sí,En Mora,1979-06-06
102411,Cliente 2411,2026-08-08,7457.37,13.1,60,11425.02,440.0,Sí,En Mora,1957-05-26
102412,Cliente 2412,2026-08-09,24536.69,8.96,36,4064.16,755.0,Sí,Pagado,1996-09-07
102413,Cliente 2413,2026-08-10,1863.07,21.24,12,10271.05,801.0,Sí,En Mora,1984-12-20
102414,Cliente 2414,2026-08-11,25520.03,13.93,48,1126.69,702.0,Sí,En Mora,1990-04-20
102415,Cliente 2415,2026-08-12,48218.86,15.18,36,12648.47,587.0,Sí,Pagado,1956-05-24
102416,Cliente 2416,2026-08-13,19518.23,10.05,60,2959.55,654.0,Sí,Pagado,1965-03-28
102417,Cliente 2417,2026-08-14,2430.3,7.41,48,10611.69,642.0,Sí,Activo,1961-01-12
102418,Cliente 2418,2026-08-15,2032.31,5.35,48,3754.97,448.0,Sí,Pagado,2007-03-03
102419,Cliente 2419,2026-08-16,19705.34,18.85,12,1492.57,509.0,Sí,Pagado,1958-08-27
102420,Cliente 2420,2026-08-17,8421.23,7.72,60,7481.66,411.0,Sí,Activo,2008-03-20
102421,Cliente 2421,2026-08-18,1655.93,18.34,24,2954.65,835.0,Sí,Pagado,1959-02-14
102422,Cliente 2422,2026-08-19,37932.57,11.89,12,11076.94,348.0,Sí,En Mora,1954-10-13
102423,Cliente 2423,2026-08-20,23196.89,12.44,12,3944.7,630.0,Sí,Pagado,2008-04-07
102424,Cliente 2424,2026-08-21,14817.62,13.59,24,5465.85,664.0,Sí,Activo,1970-04-20
102425,Cliente 2425,2026-08-22,45054.12,11.41,24,8727.87,310.0,Sí,Pagado,1985-01-06
102426,Cliente 2426,2026-08-23,6248.88,5.66,12,4632.04,487.0,Sí,Pagado,1971-03-20
102427,Cliente 2427,2026-08-24,47817.98,10.16,48,5980.83,808.0,No,En Mora,1992-05-26
102428,Cliente 2428,2026-08-25,16041.35,17.77,36,12326.52,744.0,Sí,Pagado,1996-08-29
102429,Cliente 2429,2026-08-26,44475.98,17.81,36,3098.54,389.0,No,Activo,1996-04-09
102430,Cliente 2430,2026-08-27,30345.67,9.65,12,1691.92,747.0,No,Activo,1986-08-01
102431,Cliente 2431,2026-08-28,41422.01,13.39,48,5261.19,331.0,Sí,Activo,1996-10-06
102432,Cliente 2432,2026-08-29,49208.65,7.66,24,6653.46,626.0,No,Pagado,1986-05-16
102433,Cliente 2433,2026-08-30,14776.07,8.02,12,8368.56,373.0,Sí,Activo,2003-09-07
102434,Cliente 2434,2026-08-31,48076.21,4.0,60,5900.14,550.0,Sí,En Mora,1981-07-18
102435,Cliente 2435,2026-09-01,19779.35,22.78,48,11953.72,749.0,No,Pagado,2004-04-27
102436,Cliente 2436,2026-09-02,19582.84,8.03,60,1070.13,654.0,No,Pagado,1978-10-02
102437,Cliente 2437,2026-09-03,17349.16,8.39,60,6760.63,832.0,Sí,Activo,1979-03-13
102438,Cliente 2438,2026-09-04,27299.68,9.51,12,6042.71,595.0,Sí,Activo,1991-10-24
102439,Cliente 2439,2026-09-05,8130.18,6.24,48,9889.89,597.0,No,Pagado,1990-04-23
102440,Cliente 2440,2026-09-06,27908.72,17.24,60,14511.01,627.0,No,Activo,1983-08-05
102441,Cliente 2441,2026-09-07,27314.39,5.12,48,7900.44,601.0,Sí,Activo,2006-10-29
102442,Cliente 2442,2026-09-08,38214.14,6.39,36,14809.71,811.0,Sí,Pagado,1977-04-30
102443,Cliente 2443,2026-09-09,41765.67,17.36,60,4882.62,637.0,Sí,Activo,1973-06-12
102444,Cliente 2444,2026-09-10,22301.85,10.8,60,947.59,673.0,Sí,Pagado,2001-10-12
102445,Cliente 2445,2026-09-11,15465.5,18.72,48,2902.12,393.0,No,Activo,1996-04-25
102446,Cliente 2446,2026-09-12,13337.08,15.48,36,6229.31,431.0,Sí,Activo,1968-12-16
102447,Cliente 2447,2026-09-13,10133.88,9.0,60,5086.84,352.0,No,En Mora,1970-08-14
102448,Cliente 2448,2026-09-14,3353.56,17.49,12,1907.28,795.0,No,Activo,1973-11-03
102449,Cliente 2449,2026-09-15,17451.17,6.0,48,6773.57,528.0,Sí,Pagado,2008-05-15
102450,Cliente 2450,2026-09-16,13877.26,15.03,48,5402.68,511.0,Sí,Activo,1988-01-12
102451,Cliente 2451,2026-09-17,48337.66,12.9,60,2277.98,803.0,Sí,Pagado,1991-05-18
102452,Cliente 2452,2026-09-18,28106.59,9.26,36,4793.7,794.0,Sí,Activo,2005-07-12
102453,Cliente 2453,2026-09-19,17690.21,16.49,60,13353.32,532.0,Sí,En Mora,1952-12-13
102454,Cliente 2454,2026-09-20,29233.15,22.23,24,4879.71,370.0,Sí,Activo,1955-12-23
102455,Cliente 2455,2026-09-21,7390.24,24.98,60,10852.35,488.0,Sí,En Mora,1961-02-10
102456,Cliente 2456,2026-09-22,22480.17,16.57,24,9374.68,307.0,Sí,Activo,1979-11-24
102457,Cliente 2457,2026-09-23,31498.6,12.2,12,6694.13,631.0,Sí,Pagado,1981-05-30
102458,Cliente 2458,2026-09-24,24700.44,8.34,48,3965.87,315.0,Sí,Pagado,1997-04-03
102459,Cliente 2459,2026-09-25,20388.05,9.03,48,5850.71,392.0,No,Pagado,1977-08-06
102460,Cliente 2460,2026-09-26,49695.5,13.81,36,9085.55,561.0,Sí,Activo,1962-01-07
102461,Cliente 2461,XX/YY/ZZZZ,44075.58,11.4,60,5585.92,848.0,Sí,En Mora,2001-05-03
102462,Cliente 2462,2026-09-28,31358.59,23.15,12,3616.0,460.0,No,En Mora,1983-08-18
102463,Cliente 2463,2026-09-29,28684.18,11.42,24,2188.71,650.0,No,Activo,2004-06-21
102464,Cliente 2464,2026-09-30,31222.69,11.53,36,13256.62,473.0,No,Activo,1954-10-20
102465,Cliente 2465,2026-10-01,10464.95,11.75,12,6884.54,616.0,Sí,Pagado,2004-02-26
102466,Cliente 2466,2026-10-02,20059.32,21.49,12,9565.52,317.0,Sí,En Mora,2004-10-19
102467,Cliente 2467,2026-10-03,2453.25,17.49,24,7610.95,785.0,Sí,Pagado,1998-07-28
102468,Cliente 2468,2026-10-04,24039.53,16.7,9999,13152.21,666.0,Sí,Activo,1999-04-28
102469,Cliente 2469,2026-10-05,27379.72,10.68,48,8430.56,650.0,Sí,Activo,1958-08-08
102470,Cliente 2470,2026-10-06,11773.61,21.08,60,7471.33,827.0,Sí,Activo,1978-06-16
102471,Cliente 2471,2026-10-07,48219.43,4.32,36,13906.71,734.0,Sí,Activo,1998-10-21
102472,Cliente 2472,2026-10-08,45518.0,22.22,60,10935.5,569.0,Sí,En Mora,1993-04-25
102473,Cliente 2473,2026-10-09,36246.09,14.52,36,2117.47,367.0,Sí,En Mora,1953-03-29
102474,Cliente 2474,2026-10-10,26902.64,12.06,12,3076.71,329.0,Sí,Pagado,1988-03-30
102475,Cliente 2475,2026-10-11,43563.47,14.19,24,11913.28,615.0,Sí,Pagado,2007-02-12
102476,Cliente 2476,2026-10-12,6967.29,17.85,24,12619.84,463.0,No,Activo,1999-12-20
102477,Cliente 2477,2026-10-13,39630.23,3.77,12,8405.27,619.0,No,En Mora,1953-07-14
102478,Cliente 2478,2026-10-14,6678.63,22.24,12,8539.6,313.0,Sí,Activo,1984-05-17
102479,Cliente 2479,2026-10-15,39813.43,13.1,36,9663.03,578.0,No,Activo,1957-08-09
102480,Cliente 2480,2026-10-16,14150.49,10.87,12,6867.18,731.0,Sí,Activo,2006-08-16
102481,Cliente 2481,2026-10-17,43915.98,6.47,36,10362.89,562.0,Sí,En Mora,1962-09-29
102482,Cliente 2482,2026-10-18,47230.08,12.95,60,2072.98,821.0,Sí,Pagado,1981-07-29
102483,Cliente 2483,2026-10-19,7865.4,14.17,24,14438.55,471.0,No,Pagado,1986-03-14
102484,Cliente 2484,2026-10-20,23402.44,12.18,24,11377.24,657.0,Sí,Activo,1957-07-04
102485,Cliente 2485,2026-10-21,49058.88,18.09,24,9652.03,312.0,Sí,Pagado,1975-04-21
102486,Cliente 2486,2026-10-22,24428.67,12.55,60,5086.67,531.0,No,Pagado,1996-02-23
102487,Cliente 2487,2026-10-23,43245.6,24.17,60,2833.85,775.0,Sí,Activo,1991-11-20
102488,Cliente 2488,2026-10-24,29642.21,16.38,48,6435.47,770.0,No,Activo,1954-07-23
102489,Cliente 2489,2026-10-25,19078.83,20.86,36,10092.86,459.0,Sí,Activo,1990-12-02
102490,Cliente 2490,2026-10-26,14646.29,5.85,36,9688.79,560.0,Sí,Pagado,1954-06-07
102491,Cliente 2491,2026-10-27,10559.54,12.04,48,6048.3,658.0,No,Activo,1996-03-28
102492,Cliente 2492,2026-10-28,38209.01,10.74,24,9392.65,554.0,Sí,Activo,1970-01-13
102493,Cliente 2493,2026-10-29,19633.76,15.74,36,12299.35,814.0,No,Activo,1968-11-15
102494,Cliente 2494,2026-10-30,25808.14,22.01,36,881.13,579.0,No,Pagado,1955-08-16
102495,Cliente 2495,2026-10-31,24870.11,5.18,24,7034.01,416.0,Sí,Activo,1957-01-11
102496,Cliente 2496,2026-11-01,29075.31,5.06,12,11499.05,461.0,Sí,Activo,1961-10-03
102497,Cliente 2497,2026-11-02,43346.07,21.78,12,8419.09,597.0,Sí,En Mora,1965-04-25
102498,###Cliente??,2026-11-03,49046.6,8.08,48,9946.4,596.0,Sí,Pagado,1986-05-20
102499,Cliente 2499,2026-11-04,20675.42,17.88,60,7991.81,657.0,Sí,Activo,2001-09-02
102500,Cliente 2500,2026-11-05,41462.19,15.17,36,14882.18,817.0,No,Activo,2004-07-10
102501,Cliente 2501,2026-11-06,38344.13,21.41,36,1292.01,677.0,Sí,Activo,1957-01-13
102502,Cliente 2502,2026-11-07,28889.68,6.19,48,7620.15,725.0,No,Pagado,1988-03-22
102503,Cliente 2503,2026-11-08,47824.33,6.29,48,1825.54,836.0,No,En Mora,1997-06-30
102504,Cliente 2504,2026-11-09,10423.49,15.47,36,2816.89,468.0,No,Pagado,1970-11-18
102505,Cliente 2505,2026-11-10,5908.58,23.85,24,6054.06,814.0,No,Activo,2007-09-06
102506,Cliente 2506,2026-11-11,42771.12,12.42,24,2755.33,663.0,No,Activo,1968-02-24
102507,Cliente 2507,2026-11-12,22237.92,10.53,60,14473.46,729.0,No,Pagado,1967-08-03
102508,Cliente 2508,2026-11-13,42424.96,16.54,36,14228.45,382.0,No,Activo,2005-07-30
102509,Cliente 2509,2026-11-14,44707.97,23.5,36,5373.59,629.0,No,Activo,1961-11-20
102510,Cliente 2510,2026-11-15,3591.65,21.49,36,9776.34,432.0,No,Pagado,1984-04-08
102511,Cliente 2511,2026-11-16,44231.51,24.9,36,8239.42,756.0,No,Pagado,1988-02-22
102512,Cliente 2512,2026-11-17,22691.79,3.99,48,12326.01,652.0,Sí,Pagado,1979-02-14
102513,Cliente 2513,2026-11-18,25766.41,5.93,12,9597.96,643.0,Sí,En Mora,2004-12-06
102514,Cliente 2514,2026-11-19,31516.33,16.6,36,503.66,393.0,Sí,Pagado,1974-10-28
102515,Cliente 2515,2026-11-20,46355.94,21.14,12,11566.03,681.0,Sí,Activo,1958-09-25
102516,Cliente 2516,2026-11-21,1446.25,9.63,24,11329.3,594.0,Sí,Activo,1954-12-20
102517,Cliente 2517,2026-11-22,24103.75,8.64,60,7890.98,497.0,No,En Mora,1994-07-29
102518,Cliente 2518,2026-11-23,34542.24,20.42,24,13592.33,378.0,Sí,Pagado,1954-10-04
102519,Cliente 2519,2026-11-24,36273.99,4.71,36,13672.47,513.0,Sí,Activo,2007-12-21
102520,Cliente 2520,2026-11-25,34780.36,11.44,24,8096.72,458.0,No,Pagado,1971-05-12
102521,Cliente 2521,2026-11-26,7154.54,14.37,48,9315.83,500.0,No,Activo,1958-05-06
102522,Cliente 2522,2026-11-27,15320.08,15.55,12,14949.57,321.0,No,En Mora,1993-09-03
102523,Cliente 2523,2026-11-28,18256.42,19.17,36,4832.89,638.0,No,Pagado,1984-03-08
102524,Cliente 2524,2026-11-29,40319.64,11.13,48,5206.95,541.0,Sí,Activo,1976-07-31
102525,Cliente 2525,2026-11-30,14298.61,16.67,12,3150.22,537.0,Sí,Activo,1979-08-01
102526,Cliente 2526,2026-12-01,10929.9,16.09,48,13490.07,448.0,Sí,Pagado,2008-07-15
102527,Cliente 2527,2026-12-02,47893.68,15.27,24,11295.08,306.0,Sí,En Mora,1985-09-24
102528,Cliente 2528,2026-12-03,938.73,17.27,36,2031.82,532.0,Sí,Activo,1973-09-05
102529,Cliente 2529,2026-12-04,49892.13,9.08,24,14735.63,376.0,No,Pagado,1997-10-12
102530,Cliente 2530,2026-12-05,34002.65,5.32,60,11098.94,788.0,No,Pagado,1974-10-16
102531,Cliente 2531,2026-12-06,41509.23,6.06,36,12832.57,386.0,Sí,Activo,2003-03-17
102532,Cliente 2532,2026-12-07,15083.66,8.33,24,1198.19,521.0,Sí,Activo,1991-10-07
102533,Cliente 2533,2026-12-08,1208.61,14.25,36,7821.93,712.0,Sí,Activo,1986-09-30
102534,Cliente 2534,2026-12-09,37024.54,21.57,12,10629.68,501.0,Sí,Pagado,2008-06-23
102535,Cliente 2535,2026-12-10,41790.16,18.58,36,8372.73,575.0,No,Pagado,1966-03-17
102536,Cliente 2536,2026-12-11,37153.57,20.46,36,10166.39,520.0,Sí,En Mora,2004-05-23
102537,Cliente 2537,2026-12-12,7571.09,11.05,12,12359.17,456.0,No,Activo,2001-02-03
102538,Cliente 2538,2026-12-13,37794.68,12.2,24,5927.89,480.0,No,Activo,1981-07-16
102539,Cliente 2539,2026-12-14,38561.68,11.96,36,12805.7,428.0,Sí,Pagado,1956-12-10
102540,Cliente 2540,2026-12-15,33097.76,7.63,48,2862.28,542.0,No,Pagado,1958-06-15
102541,Cliente 2541,2026-12-16,38422.74,4.82,36,4427.85,471.0,Sí,Activo,2007-06-20
102542,Cliente 2542,2026-12-17,42373.11,16.2,24,1128.51,802.0,Sí,En Mora,1977-11-08
102543,Cliente 2543,2026-12-18,30873.4,24.77,12,5784.19,779.0,Sí,Pagado,1989-08-17
102544,Cliente 2544,2026-12-19,4885.93,7.09,24,6008.69,569.0,Sí,Pagado,1961-12-19
102545,Cliente 2545,2026-12-20,24637.58,4.5,60,12176.42,720.0,Sí,Activo,1986-06-21
102546,Cliente 2546,2026-12-21,4343.64,20.26,36,9970.39,462.0,Sí,Activo,2002-12-29
102547,Cliente 2547,2026-12-22,20673.38,8.93,36,6832.48,323.0,Sí,Pagado,1986-09-23
102548,Cliente 2548,2026-12-23,20651.77,21.34,12,9955.65,796.0,Sí,Pagado,2005-03-10
102549,Cliente 2549,2026-12-24,3767.49,18.63,36,1265.36,492.0,No,Pagado,1960-01-10
102550,Cliente 2550,2026-12-25,17766.62,23.83,48,3113.94,689.0,Sí,Pagado,2001-08-17
102551,Cliente 2551,2026-12-26,5994.41,12.29,48,9590.74,796.0,No,En Mora,2004-07-07
102552,Cliente 2552,2026-12-27,40507.64,17.73,24,9799.82,428.0,Sí,Pagado,1966-10-24
102553,Cliente 2553,2026-12-28,47410.56,13.49,12,11724.95,842.0,No,Activo,1980-08-29
102554,Cliente 2554,2026-12-29,4079.67,17.06,60,6343.5,335.0,Sí,En Mora,1989-02-15
102555,Cliente 2555,2026-12-30,47778.2,13.17,24,10977.03,756.0,Sí,Activo,2005-09-03
102556,Cliente 2556,2026-12-31,26367.54,7.56,12,10417.71,660.0,Sí,Activo,1975-02-07
102557,Cliente 2557,2027-01-01,15328.5,14.42,12,14469.2,514.0,Sí,Pagado,1964-02-08
102558,Cliente 2558,2027-01-02,4304.67,14.86,24,3619.39,586.0,Sí,Pagado,1987-10-01
102559,Cliente 2559,2027-01-03,25280.9,20.93,24,8499.35,668.0,No,Activo,1985-09-14
102560,Cliente 2560,2027-01-04,39828.52,19.31,36,9225.58,768.0,No,Activo,1960-05-06
102561,Cliente 2561,2027-01-05,35500.78,17.77,60,14980.39,485.0,Sí,En Mora,1970-02-25
102562,Cliente 2562,2027-01-06,2986.19,5.94,48,3417.17,773.0,Sí,Pagado,1997-02-03
102563,Cliente 2563,2027-01-07,4108.64,18.99,36,8086.66,360.0,Sí,Activo,1985-11-24
102564,Cliente 2564,2027-01-08,20442.23,14.26,12,5519.69,561.0,No,Pagado,1972-05-07
102565,Cliente 2565,2027-01-09,15116.88,22.72,60,8125.45,410.0,Sí,Pagado,1989-10-20
102566,Cliente 2566,2027-01-10,12003.02,23.28,60,3865.86,440.0,Sí,Activo,1975-12-25
102567,Cliente 2567,2027-01-11,14409.72,4.69,24,1190.38,834.0,Sí,Activo,1981-05-09
102568,Cliente 2568,2027-01-12,40272.4,21.14,60,8802.2,378.0,Sí,Activo,2003-12-17
102569,Cliente 2569,2027-01-13,46496.79,4.31,60,5369.89,793.0,Sí,Pagado,1998-01-15
102570,Cliente 2570,2027-01-14,20552.58,11.39,12,3138.15,330.0,Sí,En Mora,1961-06-18
102571,Cliente 2571,2027-01-15,45352.49,15.16,36,5197.07,815.0,Sí,Activo,1952-10-20
102572,Cliente 2572,2027-01-16,16414.04,6.68,60,1214.56,808.0,Sí,Activo,1994-09-07
102573,Cliente 2573,2027-01-17,24083.63,19.55,24,14281.41,365.0,No,En Mora,1976-06-06
102574,Cliente 2574,2027-01-18,11688.44,3.68,36,8926.64,809.0,No,Activo,1956-06-09
102575,Cliente 2575,2027-01-19,32203.56,7.12,24,12314.15,670.0,Sí,Pagado,1974-10-11
102576,Cliente 2576,2027-01-20,48959.57,15.99,60,6635.21,586.0,Sí,Pagado,1998-10-31
102577,Cliente 2577,2027-01-21,30372.91,18.86,36,13598.06,475.0,Sí,Pagado,1953-03-11
102578,Cliente 2578,2027-01-22,18211.8,23.21,60,7508.11,422.0,Sí,Activo,1996-05-25
102579,Cliente 2579,2027-01-23,32566.96,18.67,12,8822.21,530.0,Sí,Activo,1959-07-14
102580,Cliente 2580,2027-01-24,6584.57,17.94,36,7631.01,303.0,Sí,Activo,2003-09-30
102581,Cliente 2581,2027-01-25,44488.62,11.98,24,11132.54,711.0,Sí,Pagado,1972-03-03
102582,Cliente 2582,2027-01-26,25402.66,3.53,12,8716.51,549.0,Sí,Activo,1968-08-17
102583,Cliente 2583,2027-01-27,22742.81,6.08,48,4438.18,786.0,Sí,Pagado,1985-12-13
102584,Cliente 2584,2027-01-28,29500.31,14.99,24,2610.32,644.0,Sí,Pagado,1980-06-17
102585,Cliente 2585,2027-01-29,31426.8,18.02,60,9288.8,632.0,No,Activo,1979-07-02
102586,Cliente 2586,2027-01-30,4052.9,12.48,24,7593.11,752.0,No,Pagado,1970-04-25
102587,Cliente 2587,2027-01-31,34289.55,19.21,48,1891.65,457.0,No,En Mora,1983-12-28
102588,Cliente 2588,2027-02-01,12475.62,14.72,24,6236.45,569.0,No,En Mora,1987-05-14
102589,Cliente 2589,2027-02-02,35840.66,5.09,12,7964.26,717.0,Sí,Pagado,2000-07-27
102590,Cliente 2590,2027-02-03,41215.47,7.63,24,12489.95,739.0,No,Pagado,2006-03-01
102591,Cliente 2591,2027-02-04,40295.95,21.56,36,1603.47,328.0,Sí,En Mora,1976-09-17
102592,Cliente 2592,2027-02-05,27848.8,19.09,48,5553.18,634.0,Sí,Pagado,1961-01-23
102593,Cliente 2593,2027-02-06,26248.41,22.74,24,12428.51,537.0,Sí,Pagado,1964-01-17
102594,Cliente 2594,2027-02-07,7572.36,6.03,48,9902.15,452.0,Sí,Activo,1959-02-06
102595,Cliente 2595,2027-02-08,38879.63,24.79,12,4704.4,414.0,No,Pagado,1996-05-08
102596,Cliente 2596,2027-02-09,13934.76,8.0,36,12757.36,698.0,No,Activo,2004-03-19
102597,Cliente 2597,2027-02-10,25086.42,3.75,60,7652.76,331.0,Sí,Activo,1960-09-20
102598,Cliente 2598,2027-02-11,14571.57,24.94,24,7726.1,831.0,Sí,Activo,1978-02-09
102599,Cliente 2599,2027-02-12,7124.5,9.54,12,14660.52,352.0,No,Activo,1980-04-13
102600,Cliente 2600,2027-02-13,31663.11,17.86,48,14233.19,494.0,Sí,Pagado,1998-03-30
102601,Cliente 2601,2027-02-14,3189.44,7.3,48,5698.72,604.0,Sí,Pagado,1984-10-10
102602,Cliente 2602,2027-02-15,37557.94,15.97,12,2538.4,644.0,Sí,Activo,2005-04-22
102603,Cliente 2603,2027-02-16,16220.55,22.94,24,5222.17,381.0,No,Activo,1978-09-24
102604,Cliente 2604,2027-02-17,506.67,10.38,60,942.01,300.0,Sí,Pagado,1984-02-26
102605,Cliente 2605,2027-02-18,25800.89,17.91,24,801.13,466.0,No,En Mora,1994-09-27
102606,Cliente 2606,2027-02-19,2819.17,7.54,36,6235.07,616.0,No,Activo,1968-04-22
102607,Cliente 2607,2027-02-20,14170.39,16.93,24,14144.79,482.0,Sí,Activo,1956-03-28
102608,Cliente 2608,2027-02-21,35495.34,10.73,36,13134.68,572.0,Sí,Activo,1978-01-17
102609,Cliente 2609,2027-02-22,3603.14,8.04,48,7915.92,672.0,Sí,Pagado,1963-12-09
102610,Cliente 2610,2027-02-23,42047.26,10.23,36,8695.78,661.0,Sí,Pagado,1985-03-24
102611,Cliente 2611,2027-02-24,689.09,7.35,60,586.04,500.0,Sí,Pagado,1971-08-29
102612,Cliente 2612,2027-02-25,12717.78,22.89,12,3624.77,491.0,Sí,Pagado,1995-08-01
102613,Cliente 2613,2027-02-26,37174.75,12.04,36,859.22,640.0,Sí,Activo,2005-07-13
102614,Cliente 2614,2027-02-27,16155.37,8.77,24,11440.82,598.0,Sí,Pagado,1957-05-13
102615,Cliente 2615,2027-02-28,5543.67,13.14,36,2611.86,805.0,Sí,Pagado,1989-03-12
102616,Cliente 2616,2027-03-01,18331.58,10.39,48,13101.18,439.0,Sí,Pagado,1981-03-27
102617,Cliente 2617,2027-03-02,13884.47,19.51,36,9828.2,605.0,Sí,Activo,1979-06-10
102618,Cliente 2618,2027-03-03,42214.24,24.38,60,3826.57,495.0,No,En Mora,1952-08-22
102619,Cliente 2619,2027-03-04,16010.72,12.92,36,2786.94,360.0,Sí,Activo,1981-01-12
102620,Cliente 2620,2027-03-05,39552.16,22.01,60,9600.56,659.0,Sí,Activo,2000-04-29
102621,Cliente 2621,2027-03-06,44647.67,15.67,24,13562.14,606.0,Sí,En Mora,1980-07-27
102622,Cliente 2622,2027-03-07,21973.96,6.88,48,10916.22,779.0,No,Pagado,1971-03-17
102623,Cliente 2623,2027-03-08,45542.19,18.35,12,5553.93,632.0,Sí,Activo,1968-06-29
102624,Cliente 2624,2027-03-09,19177.24,14.54,24,9017.06,382.0,No,Activo,1957-08-26
102625,Cliente 2625,2027-03-10,48221.88,17.49,24,5006.04,633.0,No,Pagado,2005-12-10
102626,Cliente 2626,2027-03-11,4919.83,22.63,12,14987.67,816.0,Sí,Pagado,1956-09-02
102627,Cliente 2627,2027-03-12,34507.45,12.97,36,11358.17,773.0,Sí,Activo,1991-09-26
102628,Cliente 2628,2027-03-13,24943.8,22.88,36,9408.53,693.0,Sí,Pagado,2007-10-11
102629,Cliente 2629,2027-03-14,19688.62,19.64,36,6637.26,679.0,Sí,En Mora,1977-09-11
102630,Cliente 2630,2027-03-15,31819.24,14.01,48,9463.21,320.0,Sí,Activo,2003-08-12
102631,Cliente 2631,2027-03-16,35340.93,16.47,24,5453.43,476.0,Sí,Pagado,1981-01-30
102632,Cliente 2632,2027-03-17,715.98,10.5,60,918.54,662.0,No,Activo,1954-02-01
102633,Cliente 2633,2027-03-18,8764.18,24.65,12,6228.78,321.0,Sí,Pagado,1987-07-01
102634,Cliente 2634,2027-03-19,35795.78,17.85,24,13991.97,847.0,Sí,Pagado,1956-11-14
102635,Cliente 2635,2027-03-20,33486.08,4.44,36,9581.37,549.0,Sí,Activo,2007-10-23
102636,Cliente 2636,2027-03-21,48319.35,10.52,12,1717.36,372.0,Sí,Pagado,1972-12-21
102637,Cliente 2637,2027-03-22,38171.37,16.9,60,13332.41,390.0,No,Activo,1996-08-26
102638,Cliente 2638,2027-03-23,47563.25,4.71,24,4398.69,475.0,Sí,Pagado,1976-05-31
102639,Cliente 2639,2027-03-24,35275.75,4.01,24,4034.66,425.0,No,Pagado,1993-11-01
102640,Cliente 2640,2027-03-25,15253.58,13.18,48,4807.82,503.0,Sí,Pagado,1968-12-14
102641,Cliente 2641,2027-03-26,5715.56,10.65,24,8869.43,545.0,No,Activo,2007-01-24
102642,Cliente 2642,2027-03-27,39200.28,12.92,24,8397.98,570.0,Sí,Pagado,2005-06-20
102643,Cliente 2643,2027-03-28,32385.39,9.15,60,7625.5,343.0,No,Pagado,1969-08-18
102644,Cliente 2644,2027-03-29,2885.21,7.04,60,10904.28,847.0,No,En Mora,2007-02-01
102645,Cliente 2645,2027-03-30,18322.5,18.32,12,5089.8,467.0,No,Activo,2008-01-08
102646,Cliente 2646,2027-03-31,47861.59,14.56,36,11839.94,734.0,Sí,Pagado,2000-12-08
102647,Cliente 2647,2027-04-01,25269.86,7.8,60,3042.16,329.0,Sí,Activo,1980-01-07
102648,Cliente 2648,2027-04-02,21920.09,10.37,12,11848.0,656.0,Sí,Activo,1971-09-01
102649,Cliente 2649,2027-04-03,23156.13,16.22,24,10125.25,790.0,No,En Mora,1986-05-06
102650,Cliente 2650,2027-04-04,10839.69,5.05,12,10406.52,547.0,Sí,En Mora,1963-09-01
102651,Cliente 2651,2027-04-05,18751.0,6.67,12,7482.52,552.0,No,Activo,1989-12-03
102652,Cliente 2652,2027-04-06,18805.76,5.07,12,10171.52,681.0,Sí,En Mora,1970-01-05
102653,Cliente 2653,2027-04-07,3091.57,20.96,12,1657.06,835.0,Sí,Activo,1971-11-07
102654,Cliente 2654,2027-04-08,38494.6,19.68,60,12847.49,718.0,Sí,Pagado,1989-09-20
102655,Cliente 2655,2027-04-09,21116.97,19.7,36,1305.43,422.0,Sí,En Mora,1960-02-29
102656,Cliente 2656,2027-04-10,41197.9,18.9,12,2656.75,593.0,Sí,Activo,1997-02-21
102657,Cliente 2657,2027-04-11,42592.23,17.89,48,8863.45,442.0,Sí,Pagado,1987-05-22
102658,Cliente 2658,2027-04-12,10993.71,13.76,24,11221.47,810.0,Sí,Pagado,1995-04-21
102659,Cliente 2659,2027-04-13,33039.0,17.31,24,1605.65,356.0,No,Activo,2004-03-30
102660,Cliente 2660,2027-04-14,23877.95,4.32,24,13851.09,341.0,Sí,Activo,2009-01-21
102661,Cliente 2661,2027-04-15,44067.76,16.86,24,14617.31,420.0,No,Pagado,1990-12-26
102662,Cliente 2662,2027-04-16,11179.16,20.22,24,9286.28,642.0,Sí,Activo,1967-10-09
102663,Cliente 2663,2027-04-17,34051.75,14.26,12,7478.03,631.0,No,Activo,2002-01-07
102664,Cliente 2664,2027-04-18,30583.73,11.19,36,11250.23,755.0,Sí,Activo,1975-09-07
102665,Cliente 2665,2027-04-19,15117.42,9.46,48,5261.18,736.0,Sí,Activo,1960-10-12
102666,Cliente 2666,2027-04-20,7261.74,17.32,60,7652.33,640.0,Sí,Activo,1989-03-08
102667,Cliente 2667,2027-04-21,32756.17,18.4,48,13784.19,640.0,Sí,Activo,1952-11-12
102668,Cliente 2668,2027-04-22,37060.57,22.23,60,14357.0,715.0,Sí,Pagado,2004-01-21
102669,Cliente 2669,2027-04-23,16123.55,10.86,60,13942.5,481.0,No,Activo,1965-10-22
102670,Cliente 2670,2027-04-24,32419.21,20.05,48,4305.5,563.0,No,Pagado,1974-07-12
102671,Cliente 2671,2027-04-25,20058.98,15.57,12,3870.8,509.0,Sí,Pagado,1980-10-29
102672,Cliente 2672,2027-04-26,35803.74,22.48,24,4816.14,822.0,No,Activo,1980-11-30
102673,Cliente 2673,2027-04-27,10361.16,14.85,12,6899.01,481.0,Sí,Pagado,1994-08-20
102674,Cliente 2674,2027-04-28,44565.64,14.63,24,5055.43,743.0,Sí,Activo,2007-07-16
102675,Cliente 2675,2027-04-29,14726.78,15.92,36,5926.09,550.0,Sí,Activo,2006-02-02
102676,Cliente 2676,2027-04-30,18705.41,19.61,60,9499.24,437.0,No,Pagado,1981-03-27
102677,Cliente 2677,2027-05-01,3375.55,24.24,48,11556.62,517.0,Sí,Pagado,1961-02-26
102678,Cliente 2678,2027-05-02,6019.85,5.08,36,11165.59,753.0,No,En Mora,1993-08-11
102679,Cliente 2679,2027-05-03,26035.16,4.65,24,12309.14,386.0,Sí,Activo,2005-07-07
102680,Cliente 2680,2027-05-04,13745.84,23.66,12,966.67,592.0,No,Activo,2003-04-04
102681,Cliente 2681,2027-05-05,41856.27,14.89,48,1192.14,391.0,No,Pagado,1956-04-07
102682,Cliente 2682,2027-05-06,1227.32,16.72,60,11946.05,507.0,No,Activo,1963-09-17
102683,Cliente 2683,2027-05-07,19265.16,13.87,36,8229.64,503.0,Sí,Pagado,1952-08-06
102684,Cliente 2684,2027-05-08,17198.6,5.51,60,8883.04,485.0,Sí,Pagado,1981-03-11
102685,Cliente 2685,2027-05-09,1456.72,20.01,24,1262.51,384.0,Sí,Pagado,1974-04-17
102686,Cliente 2686,2027-05-10,6656.24,19.57,60,4202.05,455.0,Sí,Pagado,1971-08-09
102687,Cliente 2687,2027-05-11,20975.31,10.2,12,9756.14,592.0,No,Activo,2006-11-28
102688,Cliente 2688,2027-05-12,24896.8,10.08,36,12958.14,832.0,Sí,En Mora,1979-05-20
102689,Cliente 2689,2027-05-13,20512.34,21.51,36,13796.26,460.0,Sí,Activo,1998-07-13
102690,Cliente 2690,2027-05-14,26781.42,5.06,12,7756.08,685.0,Sí,Activo,1987-09-06
102691,Cliente 2691,2027-05-15,29959.02,22.44,60,8409.38,784.0,Sí,Pagado,1966-02-05
102692,Cliente 2692,2027-05-16,991.23,9.02,12,12579.22,802.0,No,En Mora,1996-06-24
102693,Cliente 2693,2027-05-17,23472.71,-16.25,48,8295.56,455.0,Sí,Pagado,1972-01-25
102694,Cliente 2694,2027-05-18,48193.21,23.62,12,7994.45,442.0,No,En Mora,2000-08-30
102695,Cliente 2695,2027-05-19,26192.1,18.08,60,13623.72,583.0,Sí,Pagado,1986-10-09
102696,Cliente 2696,2027-05-20,34038.34,12.41,12,11954.02,334.0,Sí,Pagado,1960-12-23
102697,Cliente 2697,2027-05-21,15937.26,18.32,24,13681.55,523.0,Sí,Pagado,1997-07-04
102698,Cliente 2698,2027-05-22,38812.57,10.9,12,3664.58,692.0,Sí,Activo,1983-11-20
102699,Cliente 2699,2027-05-23,38759.61,9.46,12,8103.44,707.0,Sí,En Mora,1984-08-15
102700,Cliente 2700,2027-05-24,26304.15,24.93,60,12715.85,687.0,No,Activo,1989-10-28
102701,Cliente 2701,2027-05-25,48812.68,19.64,48,2111.64,596.0,Sí,En Mora,1972-10-16
102702,Cliente 2702,2027-05-26,6714.74,17.36,48,12022.6,622.0,Sí,Activo,1976-10-22
102703,Cliente 2703,2027-05-27,1338.91,11.14,60,3153.11,787.0,No,Pagado,1981-06-27
102704,Cliente 2704,2027-05-28,38622.83,4.56,60,12217.72,338.0,Sí,Activo,1953-07-18
102705,Cliente 2705,2027-05-29,40454.2,4.17,60,9374.01,804.0,No,Pagado,1968-03-17
102706,Cliente 2706,2027-05-30,6450.26,15.41,24,3301.92,802.0,Sí,Pagado,1954-05-07
102707,Cliente 2707,2027-05-31,13646.35,19.88,36,7363.64,836.0,Sí,Activo,1965-09-13
102708,Cliente 2708,2027-06-01,1368.84,15.05,12,10387.62,615.0,Sí,Activo,2004-07-05
102709,Cliente 2709,2027-06-02,15018.78,21.58,60,9690.87,795.0,Sí,Activo,1967-12-27
102710,Cliente 2710,2027-06-03,38770.52,4.22,60,6695.08,416.0,Sí,Pagado,1988-06-21
102711,Cliente 2711,2027-06-04,26139.05,11.39,60,13540.81,641.0,Sí,Activo,1969-05-09
102712,Cliente 2712,2027-06-05,17730.73,8.6,48,8029.32,539.0,No,Pagado,1953-04-12
102713,Cliente 2713,2027-06-06,18901.1,13.12,60,7835.08,744.0,Sí,Pagado,1953-08-09
102714,Cliente 2714,2027-06-07,567.0,5.06,12,1402.63,786.0,Sí,Activo,1982-10-26
102715,Cliente 2715,2027-06-08,15340.13,24.01,60,13870.75,710.0,Sí,En Mora,1986-08-11
102716,Cliente 2716,2027-06-09,32499.71,8.3,12,3068.19,597.0,Sí,Activo,1973-12-14
102717,Cliente 2717,2027-06-10,48722.62,23.33,24,8161.0,351.0,Sí,Pagado,1956-04-08
102718,Cliente 2718,2027-06-11,42429.51,12.66,36,12151.73,603.0,Sí,Activo,1956-07-10
102719,Cliente 2719,2027-06-12,1667.95,24.69,48,3624.07,587.0,No,Activo,2002-05-22
102720,Cliente 2720,2027-06-13,44978.75,15.41,12,8146.91,417.0,Sí,En Mora,1977-02-24
102721,Cliente 2721,2027-06-14,39268.32,23.51,24,3989.93,723.0,Sí,Pagado,1959-06-04
102722,Cliente 2722,2027-06-15,39128.62,3.62,36,11515.58,508.0,Sí,Activo,1957-03-31
102723,Cliente 2723,XX/YY/ZZZZ,23170.79,19.59,36,8682.95,426.0,Sí,Activo,2002-06-13
102724,Cliente 2724,2027-06-17,20201.26,22.92,36,12911.65,592.0,Sí,En Mora,1970-09-24
102725,Cliente 2725,2027-06-18,15494.33,6.5,12,13471.09,818.0,Sí,Activo,2002-04-11
102726,Cliente 2726,2027-06-19,3751.9,5.57,24,9906.64,521.0,Sí,En Mora,2001-12-04
102727,Cliente 2727,2027-06-20,11797.65,12.63,60,11018.17,376.0,Sí,Activo,1953-09-10
102728,Cliente 2728,2027-06-21,12706.88,23.57,24,8463.69,637.0,No,Activo,1962-02-26
102729,Cliente 2729,2027-06-22,24461.81,15.16,24,6074.22,574.0,Sí,Pagado,1954-10-10
102730,Cliente 2730,2027-06-23,37498.5,14.84,24,9897.71,416.0,No,Activo,2005-10-30
102731,Cliente 2731,2027-06-24,23953.59,6.53,12,13670.19,591.0,Sí,Pagado,1975-01-12
102732,Cliente 2732,2027-06-25,3363.3,3.52,12,6541.87,570.0,No,En Mora,1992-03-17
102733,Cliente 2733,2027-06-26,47910.6,20.92,12,5058.95,746.0,No,Activo,1990-01-05
102734,Cliente 2734,2027-06-27,47164.85,5.38,24,6132.34,456.0,No,Pagado,1954-03-23
102735,Cliente 2735,2027-06-28,39366.88,17.13,12,6813.27,483.0,Sí,Pagado,1991-01-13
102736,Cliente 2736,2027-06-29,49570.73,23.16,36,1566.63,723.0,Sí,Activo,1967-07-02
102737,Cliente 2737,2027-06-30,27451.88,7.99,12,7727.41,315.0,Sí,En Mora,1957-07-12
102738,Cliente 2738,2027-07-01,48157.03,17.8,48,7667.56,397.0,Sí,En Mora,1993-06-26
102739,Cliente 2739,2027-07-02,4242.45,5.19,12,9032.44,599.0,Sí,Pagado,1997-04-03
102740,###Cliente??,2027-07-03,18601.2,16.48,12,5760.89,721.0,Sí,Pagado,1960-07-12
102741,Cliente 2741,2027-07-04,11656.37,7.02,12,9390.06,606.0,Sí,Pagado,1986-02-18
102742,Cliente 2742,2027-07-05,10193.74,19.32,12,13234.14,573.0,Sí,Activo,1966-12-05
102743,Cliente 2743,2027-07-06,7469.75,9.98,48,14354.33,560.0,Sí,En Mora,1990-09-18
102744,Cliente 2744,2027-07-07,31309.48,13.46,60,8962.38,538.0,Sí,En Mora,1977-10-14
102745,Cliente 2745,2027-07-08,39175.43,16.39,12,1117.57,631.0,Sí,Pagado,1971-01-02
102746,Cliente 2746,2027-07-09,29125.77,7.18,36,14553.92,414.0,Sí,Pagado,1961-12-07
102747,Cliente 2747,2027-07-10,7774.65,19.45,48,10735.0,567.0,No,Pagado,1999-02-08
102748,Cliente 2748,2027-07-11,40650.63,10.01,60,5371.47,311.0,Sí,Activo,1994-12-18
102749,Cliente 2749,XX/YY/ZZZZ,31979.76,17.74,12,2633.79,372.0,No,Pagado,1981-05-16
102750,Cliente 2750,2027-07-13,19714.2,6.9,60,2579.57,705.0,Sí,Activo,1978-10-31
102751,Cliente 2751,2027-07-14,33869.45,18.29,36,2932.29,477.0,No,Pagado,2006-09-04
102752,Cliente 2752,2027-07-15,13365.3,6.26,48,1160.8,558.0,Sí,Pagado,1995-09-30
102753,Cliente 2753,2027-07-16,17587.01,12.65,48,13581.24,699.0,No,En Mora,1957-08-22
102754,Cliente 2754,2027-07-17,45915.55,8.81,60,8341.14,569.0,Sí,Pagado,1953-03-20
102755,Cliente 2755,2027-07-18,14879.97,19.59,12,10649.41,785.0,No,Activo,1980-08-31
102756,Cliente 2756,2027-07-19,23764.42,9.13,24,12507.57,358.0,Sí,Activo,1957-04-08
102757,Cliente 2757,2027-07-20,44561.99,22.46,48,11977.34,565.0,Sí,Pagado,1976-05-14
102758,Cliente 2758,2027-07-21,35532.21,22.67,24,13297.78,374.0,Sí,Activo,1970-06-05
102759,Cliente 2759,2027-07-22,3579.06,7.72,48,14525.19,389.0,Sí,Activo,2008-05-03
102760,Cliente 2760,2027-07-23,7791.5,16.7,12,6866.52,804.0,Sí,Activo,1976-02-14
102761,Cliente 2761,2027-07-24,888.16,5.39,12,14279.86,656.0,No,Pagado,2006-07-01
102762,Cliente 2762,2027-07-25,31730.63,11.92,48,10987.7,453.0,Sí,Pagado,2002-12-19
102763,Cliente 2763,2027-07-26,22659.83,18.84,60,1524.69,517.0,Sí,En Mora,1964-07-18
102764,Cliente 2764,2027-07-27,7146.61,17.68,12,10385.86,785.0,Sí,En Mora,1996-10-17
102765,Cliente 2765,2027-07-28,47917.74,16.93,12,10457.39,839.0,Sí,Activo,1964-03-23
102766,Cliente 2766,2027-07-29,26718.16,9.57,36,13634.98,429.0,Sí,Activo,2003-01-06
102767,Cliente 2767,2027-07-30,12473.72,11.63,12,5907.52,365.0,No,Pagado,2006-04-14
102768,Cliente 2768,2027-07-31,25279.88,5.71,36,8981.22,443.0,Sí,Activo,1968-05-10
102769,Cliente 2769,2027-08-01,34141.21,18.96,12,676.72,679.0,Sí,Activo,1987-06-25
102770,Cliente 2770,2027-08-02,4273.84,14.33,12,5315.09,612.0,Sí,Activo,1979-06-13
102771,Cliente 2771,2027-08-03,14097.84,18.74,60,1402.53,706.0,Sí,Activo,2007-07-20
102772,Cliente 2772,2027-08-04,40444.79,8.85,60,8067.16,706.0,Sí,Activo,1988-04-29
102773,Cliente 2773,2027-08-05,23253.41,10.48,12,12352.99,576.0,Sí,Pagado,1972-12-16
102774,Cliente 2774,2027-08-06,27555.57,10.69,48,3493.42,708.0,Sí,Activo,1983-10-24
102775,Cliente 2775,2027-08-07,21924.39,4.05,48,8147.9,613.0,No,Pagado,1993-07-14
102776,Cliente 2776,2027-08-08,2673.05,10.83,12,3458.13,848.0,Sí,Pagado,1953-05-24
102777,Cliente 2777,2027-08-09,8704.61,20.77,48,2249.98,548.0,No,En Mora,2007-09-06
102778,Cliente 2778,2027-08-10,22554.31,22.79,12,7909.45,760.0,Sí,Activo,1981-12-11
102779,Cliente 2779,2027-08-11,10854.68,14.64,60,1647.66,698.0,Sí,En Mora,1985-08-26
102780,Cliente 2780,2027-08-12,2973.96,13.29,24,9016.64,750.0,Sí,Activo,1983-06-17
102781,Cliente 2781,2027-08-13,42260.66,4.16,36,954.39,770.0,Sí,En Mora,1953-06-29
102782,Cliente 2782,2027-08-14,49069.03,22.4,48,2047.37,733.0,Sí,Pagado,1999-12-05
102783,Cliente 2783,2027-08-15,39760.57,3.78,48,8474.96,745.0,Sí,Pagado,1986-11-10
102784,Cliente 2784,2027-08-16,42762.35,23.81,60,9075.41,402.0,No,En Mora,1962-05-26
102785,Cliente 2785,2027-08-17,12477.87,14.02,48,920.31,627.0,Sí,Pagado,1973-08-05
102786,Cliente 2786,2027-08-18,48051.04,10.85,12,8813.96,545.0,No,En Mora,1991-05-01
102787,Cliente 2787,2027-08-19,10247.82,23.37,12,12658.29,357.0,Sí,Pagado,1975-06-07
102788,Cliente 2788,2027-08-20,47595.78,4.02,24,10973.58,404.0,Sí,Activo,1969-04-02
102789,Cliente 2789,2027-08-21,49743.56,16.0,24,2402.18,368.0,Sí,En Mora,1971-11-04
102790,Cliente 2790,2027-08-22,35730.28,15.3,24,9090.88,601.0,Sí,Activo,1965-06-26
102791,Cliente 2791,2027-08-23,49066.61,8.22,12,10247.66,452.0,Sí,Pagado,1998-11-06
102792,Cliente 2792,2027-08-24,28692.22,12.72,24,1039.85,836.0,Sí,Pagado,1957-10-20
102793,Cliente 2793,2027-08-25,13347.32,17.52,24,12902.54,334.0,Sí,Activo,2005-07-25
102794,Cliente 2794,2027-08-26,22131.3,19.13,12,13640.88,314.0,Sí,Activo,1961-01-26
102795,Cliente 2795,2027-08-27,29881.27,3.52,60,12831.56,405.0,Sí,Pagado,1985-03-17
102796,Cliente 2796,2027-08-28,4117.54,23.64,48,12457.16,373.0,Sí,Pagado,1956-02-11
102797,Cliente 2797,2027-08-29,31305.99,7.04,36,11302.0,584.0,No,Activo,2002-10-25
102798,Cliente 2798,2027-08-30,49068.3,8.52,12,9684.76,849.0,Sí,Pagado,1994-01-16
102799,Cliente 2799,2027-08-31,9910.33,9.16,12,10340.09,496.0,No,Pagado,1996-11-05
102800,Cliente 2800,2027-09-01,39733.46,4.31,36,12192.73,579.0,Sí,Pagado,1996-07-21
102801,Cliente 2801,2027-09-02,45440.99,6.15,36,10106.23,452.0,Sí,Activo,1955-04-11
102802,Cliente 2802,2027-09-03,47213.23,24.71,24,5252.04,590.0,Sí,Activo,1952-10-01
102803,Cliente 2803,2027-09-04,48026.71,10.28,36,5951.44,441.0,Sí,Pagado,1973-10-07
102804,Cliente 2804,2027-09-05,26312.25,5.98,48,13507.33,611.0,No,Pagado,1962-01-21
102805,Cliente 2805,2027-09-06,48876.74,5.8,48,748.27,331.0,Sí,En Mora,1955-10-10
102806,Cliente 2806,2027-09-07,37986.86,18.97,48,10632.9,325.0,Sí,Pagado,1954-07-29
102807,Cliente 2807,2027-09-08,8502.74,21.87,48,14344.27,554.0,Sí,Pagado,1968-02-14
102808,Cliente 2808,2027-09-09,24106.56,9.02,48,10740.31,355.0,Sí,Pagado,2000-06-24
102809,Cliente 2809,2027-09-10,36057.39,3.95,24,14911.72,592.0,No,Pagado,1988-02-28
102810,Cliente 2810,2027-09-11,12743.35,8.3,12,10469.4,529.0,No,Activo,1994-09-10
102811,Cliente 2811,2027-09-12,32210.45,4.72,36,998.26,352.0,Sí,Activo,1997-03-23
102812,Cliente 2812,2027-09-13,33496.72,5.72,12,12491.64,400.0,Sí,Activo,1991-06-28
102813,Cliente 2813,2027-09-14,8553.64,12.78,36,4627.13,766.0,No,En Mora,1992-07-27
102814,Cliente 2814,2027-09-15,28471.72,8.44,24,6967.83,566.0,Sí,Activo,1993-06-09
102815,Cliente 2815,2027-09-16,38695.53,14.59,24,5025.33,301.0,No,Activo,1992-01-23
102816,Cliente 2816,2027-09-17,25195.34,8.95,60,4394.03,321.0,Sí,Pagado,1991-11-16
102817,Cliente 2817,2027-09-18,1099.1,23.72,60,6755.38,511.0,Sí,Pagado,2001-07-21
102818,Cliente 2818,2027-09-19,947.4,22.98,24,5991.9,535.0,No,Activo,1991-11-04
102819,Cliente 2819,2027-09-20,18172.95,15.69,24,9683.41,828.0,Sí,Activo,1961-10-23
102820,Cliente 2820,2027-09-21,46346.61,11.12,36,12290.69,687.0,Sí,Activo,1983-02-14
102821,Cliente 2821,2027-09-22,11819.5,11.69,24,4807.79,313.0,Sí,Activo,1978-12-14
102822,Cliente 2822,2027-09-23,31901.0,12.35,12,3598.96,818.0,Sí,En Mora,1998-02-28
102823,Cliente 2823,2027-09-24,11492.76,19.14,36,10169.98,521.0,Sí,Pagado,1964-11-18
102824,Cliente 2824,2027-09-25,16422.66,13.21,24,10219.64,702.0,Sí,En Mora,1977-09-20
102825,Cliente 2825,2027-09-26,42478.08,21.92,36,13566.4,812.0,Sí,Activo,1973-09-22
102826,Cliente 2826,2027-09-27,36578.64,23.8,36,731.21,586.0,Sí,Activo,1987-04-26
102827,Cliente 2827,2027-09-28,5222.26,10.72,48,12869.09,683.0,Sí,Pagado,1993-08-26
102828,Cliente 2828,2027-09-29,21720.75,15.55,60,8054.53,546.0,No,En Mora,1965-02-03
102829,Cliente 2829,2027-09-30,1943.9,5.54,36,9508.88,390.0,No,En Mora,1990-08-03
102830,Cliente 2830,2027-10-01,24304.06,7.81,36,1824.89,611.0,Sí,Pagado,1994-02-19
102831,Cliente 2831,2027-10-02,33290.48,12.39,48,6772.92,736.0,Sí,Activo,1976-03-21
102832,Cliente 2832,2027-10-03,6365.88,7.93,24,3795.88,342.0,Sí,En Mora,1975-09-25
102833,Cliente 2833,2027-10-04,14799.8,22.35,36,4186.26,373.0,No,Pagado,1977-11-11
102834,Cliente 2834,2027-10-05,20192.91,6.9,48,7809.38,615.0,Sí,En Mora,1991-07-28
102835,Cliente 2835,2027-10-06,46016.79,13.3,12,12280.61,443.0,No,Pagado,1971-07-30
102836,Cliente 2836,2027-10-07,49666.12,16.52,48,11284.82,628.0,Sí,En Mora,1960-11-27
102837,Cliente 2837,2027-10-08,2723.11,18.38,60,9069.5,508.0,Sí,Pagado,1991-07-23
102838,Cliente 2838,2027-10-09,38169.89,11.74,60,8321.56,398.0,Sí,Pagado,1967-01-10
102839,Cliente 2839,2027-10-10,18900.34,22.19,24,6695.94,413.0,Sí,Activo,1982-11-04
102840,Cliente 2840,2027-10-11,,15.72,24,14604.29,474.0,Sí,Activo,1971-09-04
102841,Cliente 2841,2027-10-12,37836.12,12.95,60,8622.79,570.0,Sí,Activo,1967-05-05
102842,Cliente 2842,2027-10-13,45962.11,4.95,60,4182.51,362.0,Sí,Activo,1967-02-25
102843,Cliente 2843,2027-10-14,47570.97,13.49,36,3836.32,703.0,Sí,Activo,1979-04-28
102844,Cliente 2844,2027-10-15,29067.57,21.15,60,9364.62,524.0,Sí,Activo,1953-07-22
102845,Cliente 2845,2027-10-16,18177.5,16.71,24,8081.0,460.0,Sí,En Mora,1987-10-06
102846,###Cliente??,2027-10-17,39483.68,21.39,60,611.62,335.0,No,Pagado,1960-07-19
102847,Cliente 2847,2027-10-18,12924.57,14.12,24,12535.95,680.0,Sí,Pagado,1989-09-26
102848,Cliente 2848,2027-10-19,28421.66,6.05,12,10709.77,617.0,No,En Mora,1986-07-05
102849,Cliente 2849,2027-10-20,18249.63,3.79,60,10096.52,755.0,Sí,Activo,1965-01-27
102850,Cliente 2850,2027-10-21,33003.24,10.02,24,1497.32,568.0,Sí,Activo,1995-11-11
102851,Cliente 2851,2027-10-22,12399.75,18.51,48,5749.81,643.0,Sí,En Mora,1991-07-22
102852,Cliente 2852,2027-10-23,9983.85,20.49,36,14063.04,339.0,No,Activo,1993-01-26
102853,Cliente 2853,2027-10-24,45952.83,9.86,24,13007.54,713.0,Sí,En Mora,1988-09-19
102854,Cliente 2854,2027-10-25,5539.28,14.16,60,4640.37,679.0,Sí,Activo,1984-05-20
102855,Cliente 2855,2027-10-26,25544.92,12.55,60,2777.35,521.0,No,Activo,1962-09-09
102856,Cliente 2856,2027-10-27,11432.21,12.33,12,7011.78,580.0,Sí,Activo,1958-05-26
102857,Cliente 2857,2027-10-28,2427.03,8.47,48,5659.54,524.0,Sí,En Mora,2004-11-25
102858,Cliente 2858,2027-10-29,2282.93,6.43,24,10392.28,756.0,Sí,Pagado,2004-01-24
102859,Cliente 2859,2027-10-30,9173.48,7.73,48,14513.3,453.0,No,Pagado,1967-04-12
102860,Cliente 2860,2027-10-31,43405.13,4.69,12,5763.52,579.0,Sí,Pagado,1976-07-21
102861,Cliente 2861,2027-11-01,14482.7,7.76,36,1402.25,652.0,No,Pagado,1965-12-15
102862,Cliente 2862,2027-11-02,47547.73,3.7,48,13515.4,338.0,Sí,Activo,1988-03-18
102863,Cliente 2863,2027-11-03,29290.3,16.99,12,1050.27,788.0,No,Pagado,1983-09-15
102864,Cliente 2864,2027-11-04,22112.4,10.3,24,14315.11,497.0,Sí,Pagado,1968-02-27
102865,Cliente 2865,2027-11-05,29214.4,24.42,36,10136.4,575.0,Sí,En Mora,1998-10-10
102866,Cliente 2866,2027-11-06,26076.57,7.66,60,14154.49,471.0,Sí,En Mora,1953-12-07
102867,Cliente 2867,2027-11-07,38059.42,10.94,12,3395.07,807.0,No,Activo,1978-06-03
102868,Cliente 2868,2027-11-08,14483.56,11.19,60,1090.15,704.0,Sí,Pagado,2006-09-02
102869,Cliente 2869,2027-11-09,17975.99,3.68,36,7579.04,570.0,Sí,Activo,1977-10-12
102870,Cliente 2870,2027-11-10,44757.67,21.54,12,7034.04,430.0,Sí,Pagado,1981-02-25
102871,Cliente 2871,2027-11-11,47349.6,4.19,12,5306.64,684.0,Sí,Activo,1956-10-22
102872,Cliente 2872,2027-11-12,44681.63,23.71,36,14386.02,696.0,No,En Mora,1988-11-06
102873,Cliente 2873,2027-11-13,21262.68,22.68,24,12427.46,595.0,Sí,Activo,2003-04-09
102874,Cliente 2874,2027-11-14,39128.09,15.01,12,10092.94,682.0,Sí,Pagado,1991-09-18
102875,Cliente 2875,2027-11-15,24078.62,15.19,36,2861.45,811.0,Sí,Activo,2008-06-15
102876,Cliente 2876,2027-11-16,25128.22,17.56,48,11147.69,694.0,No,Activo,1955-02-06
102877,Cliente 2877,2027-11-17,10631.67,11.82,60,11041.68,559.0,No,Pagado,2006-05-19
102878,Cliente 2878,2027-11-18,29760.95,17.42,12,6663.49,580.0,No,Pagado,1983-08-04
102879,Cliente 2879,2027-11-19,9713.73,4.46,48,13909.4,655.0,Sí,Activo,2003-05-16
102880,Cliente 2880,2027-11-20,16912.45,4.66,12,2921.18,719.0,No,En Mora,1970-10-15
102881,Cliente 2881,2027-11-21,42823.99,13.33,24,4376.39,491.0,Sí,Activo,1958-05-16
102882,Cliente 2882,2027-11-22,10750.25,15.32,36,1416.75,727.0,Sí,Activo,1978-09-19
102883,Cliente 2883,2027-11-23,4022.34,22.59,12,12034.04,647.0,No,Pagado,1976-03-20
102884,Cliente 2884,2027-11-24,3915.88,5.75,36,9515.51,728.0,Sí,Pagado,1988-06-19
102885,Cliente 2885,2027-11-25,47068.83,21.19,12,5066.63,691.0,No,Activo,1995-08-07
102886,Cliente 2886,2027-11-26,25592.56,8.02,24,2875.3,640.0,Sí,En Mora,1988-06-23
102887,Cliente 2887,2027-11-27,20765.9,11.97,24,1082.14,846.0,Sí,Pagado,1980-07-26
102888,Cliente 2888,2027-11-28,40638.49,10.31,48,2917.81,701.0,Sí,Activo,1984-05-30
102889,Cliente 2889,2027-11-29,41873.38,12.1,24,7072.63,346.0,Sí,Pagado,1984-12-25
102890,Cliente 2890,2027-11-30,16943.46,6.74,36,4084.07,724.0,Sí,Activo,1961-03-12
102891,Cliente 2891,2027-12-01,34834.09,14.33,24,4255.24,816.0,Sí,Pagado,2004-09-11
102892,Cliente 2892,2027-12-02,38670.58,20.74,12,13195.86,627.0,No,Pagado,1957-03-06
102893,Cliente 2893,2027-12-03,32905.21,12.99,24,7969.5,386.0,No,Pagado,1974-01-24
102894,Cliente 2894,2027-12-04,8003.96,14.05,36,11074.15,814.0,Sí,Pagado,1963-06-26
102895,Cliente 2895,2027-12-05,43856.21,21.75,12,1017.81,464.0,Sí,En Mora,1959-12-31
102896,Cliente 2896,2027-12-06,27185.18,18.68,48,5794.87,522.0,Sí,Activo,2000-07-06
102897,Cliente 2897,2027-12-07,14482.39,14.04,48,7447.96,596.0,Sí,Activo,1986-11-22
102898,Cliente 2898,2027-12-08,21548.8,9.04,48,3203.04,750.0,Sí,Activo,1980-10-21
102899,Cliente 2899,2027-12-09,2359.77,22.53,12,2242.78,642.0,Sí,Pagado,1955-02-09
102900,Cliente 2900,2027-12-10,6829.41,15.91,48,13119.4,640.0,Sí,En Mora,1989-09-23
102901,Cliente 2901,2027-12-11,38394.56,8.25,24,14121.76,760.0,No,Activo,1988-12-17
102902,Cliente 2902,2027-12-12,500.58,9.29,12,1642.7,691.0,Sí,Pagado,1994-04-01
102903,Cliente 2903,2027-12-13,21120.01,20.77,12,5560.77,836.0,Sí,Pagado,2009-09-14
102904,Cliente 2904,2027-12-14,26364.25,4.45,12,14395.14,720.0,Sí,En Mora,1994-02-22
102905,Cliente 2905,2027-12-15,3204.4,24.83,60,1705.85,680.0,Sí,Pagado,1956-07-18
102906,Cliente 2906,2027-12-16,48667.37,6.3,36,9832.8,304.0,Sí,Pagado,1962-06-30
102907,Cliente 2907,2027-12-17,11693.2,20.62,60,14597.21,303.0,Sí,Activo,1997-09-09
102908,Cliente 2908,2027-12-18,15557.84,11.99,60,14684.24,615.0,Sí,Activo,1993-02-02
102909,Cliente 2909,2027-12-19,15545.15,14.08,60,7332.74,377.0,Sí,En Mora,1996-01-28
102910,Cliente 2910,2027-12-20,11905.62,22.43,36,2859.86,830.0,Sí,Activo,1993-02-01
102911,Cliente 2911,2027-12-21,572.95,12.38,60,3430.22,654.0,Sí,Pagado,1999-09-14
102912,Cliente 2912,2027-12-22,36602.57,15.06,48,13399.22,332.0,No,En Mora,1964-09-19
102913,Cliente 2913,2027-12-23,48358.85,4.56,12,13719.4,438.0,Sí,Activo,1965-12-29
102914,Cliente 2914,2027-12-24,11602.53,3.55,12,9314.25,571.0,Sí,En Mora,1969-04-28
102915,Cliente 2915,2027-12-25,33320.84,8.76,24,11609.56,495.0,No,Pagado,1985-10-20
102916,Cliente 2916,2027-12-26,37223.87,18.13,48,11229.0,426.0,Sí,Activo,2005-09-01
102917,Cliente 2917,2027-12-27,42497.06,6.11,36,10096.41,648.0,Sí,Activo,1971-03-21
102918,Cliente 2918,2027-12-28,21420.15,5.95,12,12495.52,343.0,Sí,Activo,1994-08-24
102919,Cliente 2919,2027-12-29,15495.08,12.34,60,10438.4,543.0,Sí,Pagado,1992-02-21
102920,Cliente 2920,2027-12-30,16602.11,17.43,24,8243.03,308.0,Sí,Pagado,1996-02-19
102921,Cliente 2921,2027-12-31,35774.76,18.81,24,3935.87,378.0,Sí,Pagado,2007-06-05
102922,Cliente 2922,2028-01-01,40930.58,7.34,12,11286.38,489.0,No,Pagado,1964-01-06
102923,Cliente 2923,2028-01-02,9489.89,5.21,48,7364.85,385.0,Sí,Activo,1994-09-22
102924,Cliente 2924,2028-01-03,18861.58,23.72,24,4774.48,784.0,Sí,Activo,1966-06-12
102925,Cliente 2925,2028-01-04,45146.04,9.1,12,12128.22,570.0,Sí,En Mora,2001-09-17
102926,Cliente 2926,2028-01-05,40431.33,21.85,48,10602.35,812.0,Sí,Activo,1995-11-18
102927,Cliente 2927,2028-01-06,49250.49,22.07,12,14091.42,319.0,Sí,Pagado,1974-01-30
102928,Cliente 2928,2028-01-07,37835.29,20.11,12,2898.9,788.0,No,Activo,1957-10-28
102929,Cliente 2929,2028-01-08,19963.16,7.13,48,9913.24,429.0,Sí,Pagado,1955-01-10
102930,Cliente 2930,2028-01-09,29736.57,21.17,48,4041.47,306.0,Sí,Pagado,2006-01-27
102931,Cliente 2931,2028-01-10,33220.21,20.04,48,13601.95,609.0,Sí,Pagado,1976-04-29
102932,Cliente 2932,2028-01-11,4383.56,16.33,12,1942.74,772.0,Sí,Activo,2006-11-23
102933,Cliente 2933,2028-01-12,27452.6,10.75,24,10014.35,401.0,No,En Mora,2009-10-25
102934,Cliente 2934,2028-01-13,35611.38,9.14,36,11970.74,637.0,Sí,Pagado,1977-04-04
102935,Cliente 2935,2028-01-14,8782.4,6.12,36,5646.31,618.0,Sí,En Mora,1964-11-01
102936,Cliente 2936,2028-01-15,39141.27,14.46,12,14335.0,812.0,No,Pagado,2001-08-24
102937,Cliente 2937,2028-01-16,29396.75,16.08,12,12835.59,324.0,Sí,Pagado,1980-12-16
102938,Cliente 2938,2028-01-17,47634.98,11.23,24,4771.97,729.0,Sí,Activo,1975-02-25
102939,Cliente 2939,2028-01-18,2599.9,13.72,48,609.35,442.0,No,Pagado,1994-03-08
102940,Cliente 2940,2028-01-19,13633.64,11.32,12,4801.53,448.0,No,Activo,1983-08-27
102941,Cliente 2941,2028-01-20,30276.92,17.28,60,4579.0,354.0,Sí,En Mora,1962-05-19
102942,Cliente 2942,2028-01-21,15179.72,22.88,48,13404.49,770.0,Sí,Pagado,1991-09-29
102943,Cliente 2943,2028-01-22,35864.0,7.02,12,14523.26,662.0,Sí,Pagado,1971-05-17
102944,Cliente 2944,2028-01-23,38070.76,11.7,60,1521.38,508.0,Sí,Activo,1974-08-23
102945,Cliente 2945,2028-01-24,5574.54,6.53,24,7333.78,484.0,Sí,Pagado,1985-09-25
102946,Cliente 2946,2028-01-25,25935.8,16.94,60,8450.81,364.0,No,En Mora,1964-08-06
102947,Cliente 2947,2028-01-26,25690.08,19.17,12,1847.22,848.0,Sí,Activo,1960-09-19
102948,Cliente 2948,2028-01-27,18779.4,23.54,36,5973.72,411.0,Sí,Activo,1966-03-08
102949,Cliente 2949,2028-01-28,46679.78,9.5,12,5097.7,562.0,Sí,Activo,1972-01-01
102950,Cliente 2950,2028-01-29,41461.56,23.93,36,8272.82,375.0,Sí,Activo,1961-01-29
102951,Cliente 2951,2028-01-30,35011.86,4.86,24,10087.27,595.0,Sí,Pagado,1999-12-03
102952,Cliente 2952,2028-01-31,35859.17,16.46,24,10700.53,477.0,No,Pagado,2007-03-10
102953,Cliente 2953,2028-02-01,23354.95,4.73,48,2482.95,300.0,Sí,Activo,2003-08-27
102954,Cliente 2954,2028-02-02,46089.23,22.72,48,12287.74,447.0,Sí,Pagado,1994-09-15
102955,Cliente 2955,2028-02-03,34882.47,14.89,36,10338.86,428.0,Sí,En Mora,2008-05-02
102956,Cliente 2956,2028-02-04,36584.56,17.89,36,13391.59,812.0,No,Activo,1992-11-07
102957,Cliente 2957,2028-02-05,43153.7,21.38,24,7015.37,801.0,No,Pagado,1967-10-27
102958,Cliente 2958,2028-02-06,14066.54,6.73,60,13461.4,448.0,No,Pagado,1970-09-07
102959,Cliente 2959,2028-02-07,40450.01,4.33,36,13053.72,568.0,Sí,Activo,2008-01-06
102960,Cliente 2960,2028-02-08,10164.41,22.4,36,6856.94,404.0,No,Activo,1959-05-21
102961,Cliente 2961,2028-02-09,17594.43,10.27,60,6026.58,765.0,Sí,Pagado,2004-08-29
102962,Cliente 2962,2028-02-10,17112.72,6.27,48,14025.77,580.0,Sí,En Mora,1967-11-17
102963,Cliente 2963,2028-02-11,48937.01,13.57,48,10869.89,706.0,No,En Mora,1990-03-24
102964,Cliente 2964,2028-02-12,42898.59,16.36,36,13959.56,657.0,No,Pagado,1996-10-20
102965,Cliente 2965,2028-02-13,35207.91,4.17,48,12056.13,502.0,No,Pagado,1983-11-27
102966,Cliente 2966,2028-02-14,36489.31,9.41,48,9334.81,580.0,Sí,Pagado,1997-05-19
102967,Cliente 2967,2028-02-15,28322.6,4.21,48,2179.87,556.0,Sí,Activo,2010-02-05
102968,Cliente 2968,2028-02-16,47380.99,12.54,24,4726.47,393.0,No,En Mora,1961-06-22
102969,Cliente 2969,2028-02-17,25064.81,22.74,12,14548.21,623.0,Sí,Activo,1993-01-04
102970,Cliente 2970,2028-02-18,19335.63,24.63,36,5131.62,661.0,Sí,Pagado,2007-03-10
102971,Cliente 2971,2028-02-19,8570.25,17.2,36,1852.2,650.0,No,Activo,1973-05-28
102972,Cliente 2972,2028-02-20,39417.18,6.98,24,10759.52,361.0,Sí,En Mora,1962-07-09
102973,Cliente 2973,2028-02-21,36854.97,22.98,12,11143.06,486.0,No,Pagado,1973-04-09
102974,Cliente 2974,2028-02-22,19525.57,14.6,12,4639.14,841.0,No,Pagado,1974-09-15
102975,Cliente 2975,2028-02-23,1747.07,6.81,24,4816.24,603.0,Sí,Activo,1995-05-03
102976,Cliente 2976,2028-02-24,42030.37,23.32,60,7298.95,735.0,Sí,Activo,1963-08-10
102977,Cliente 2977,2028-02-25,1065.19,19.79,60,815.94,512.0,Sí,Activo,1955-05-12
102978,Cliente 2978,2028-02-26,35333.14,19.23,12,11945.18,705.0,No,Activo,1956-07-09
102979,Cliente 2979,2028-02-27,48527.73,18.75,60,5097.79,433.0,Sí,Pagado,1998-11-11
102980,Cliente 2980,2028-02-28,22164.24,7.81,60,12879.56,518.0,Sí,Pagado,1970-02-06
102981,Cliente 2981,2028-02-29,12131.18,8.04,60,12138.14,720.0,Sí,Pagado,2008-08-07
102982,Cliente 2982,2028-03-01,35391.11,18.3,12,10090.33,618.0,Sí,Pagado,1986-09-26
102983,Cliente 2983,2028-03-02,40947.84,8.22,60,5210.69,456.0,Sí,Activo,1998-05-23
102984,Cliente 2984,2028-03-03,27548.3,12.93,36,7986.59,487.0,No,Activo,1984-12-17
102985,Cliente 2985,2028-03-04,48368.25,20.31,12,6950.02,775.0,No,Pagado,2007-06-24
102986,Cliente 2986,2028-03-05,3057.6,20.35,24,5413.79,461.0,Sí,Activo,1994-02-26
102987,Cliente 2987,2028-03-06,25487.38,13.25,60,12797.98,428.0,Sí,Pagado,2001-11-09
102988,Cliente 2988,2028-03-07,36063.47,20.53,48,7510.85,603.0,Sí,Pagado,1969-01-01
102989,Cliente 2989,2028-03-08,43200.7,21.53,12,12574.48,388.0,Sí,Pagado,2006-08-09
102990,Cliente 2990,2028-03-09,9373.15,17.58,24,2025.67,461.0,Sí,Pagado,2005-07-12
102991,Cliente 2991,2028-03-10,40100.17,8.41,36,2544.86,335.0,No,Pagado,2001-05-01
102992,Cliente 2992,2028-03-11,27859.0,9.39,24,14671.14,526.0,Sí,Pagado,1973-02-22
102993,Cliente 2993,2028-03-12,20129.41,10.27,60,9022.64,450.0,Sí,En Mora,2006-05-03
102994,Cliente 2994,2028-03-13,7019.89,6.01,48,7891.66,346.0,Sí,Pagado,2002-08-29
102995,Cliente 2995,2028-03-14,43332.14,9.37,60,8085.76,530.0,No,En Mora,1968-01-09
102996,Cliente 2996,2028-03-15,8285.02,8.0,24,3621.4,838.0,Sí,Pagado,1964-01-04
102997,Cliente 2997,2028-03-16,15834.5,13.29,12,10921.21,464.0,Sí,Activo,1989-10-03
102998,Cliente 2998,2028-03-17,14857.25,23.03,48,1729.32,365.0,Sí,Activo,1972-05-02
102999,Cliente 2999,2028-03-18,43634.99,5.75,48,8813.19,379.0,Sí,Activo,1994-09-28
103000,Cliente 3000,2028-03-19,33798.8,18.99,24,8776.15,439.0,Sí,En Mora,1967-01-15
103001,Cliente 3001,2028-03-20,39935.73,18.28,60,13755.73,699.0,Sí,Activo,1970-10-12
103002,Cliente 3002,2028-03-21,12898.16,5.56,24,8129.65,429.0,Sí,Pagado,1990-05-20
103003,Cliente 3003,2028-03-22,31431.27,23.34,48,2487.41,745.0,No,Activo,1978-02-20
103004,Cliente 3004,2028-03-23,28801.43,15.72,24,8804.92,328.0,No,Pagado,1995-03-08
103005,Cliente 3005,2028-03-24,41725.1,11.32,48,1824.25,501.0,Sí,Pagado,1960-07-08
103006,Cliente 3006,2028-03-25,45351.31,19.77,60,3455.01,536.0,No,Pagado,1973-03-13
103007,Cliente 3007,2028-03-26,1101.76,9.03,12,951.07,638.0,Sí,En Mora,1956-08-10
103008,Cliente 3008,2028-03-27,33863.99,18.41,12,7942.76,698.0,No,Pagado,2005-09-15
103009,Cliente 3009,2028-03-28,3065.87,4.35,24,1725.72,738.0,Sí,Activo,1955-02-10
103010,Cliente 3010,2028-03-29,27668.5,21.55,48,7306.22,588.0,Sí,Pagado,1954-12-23
103011,Cliente 3011,2028-03-30,14737.82,13.14,12,14027.7,551.0,Sí,Activo,1963-07-04
103012,Cliente 3012,2028-03-31,15685.44,17.19,48,10936.54,399.0,Sí,Pagado,1953-09-19
103013,Cliente 3013,2028-04-01,17971.45,8.26,60,1622.47,721.0,Sí,Activo,2000-05-06
103014,Cliente 3014,2028-04-02,31253.98,18.06,24,3751.04,317.0,Sí,Activo,1956-10-14
103015,Cliente 3015,2028-04-03,17035.47,20.1,48,10268.11,770.0,Sí,En Mora,1999-01-11
103016,Cliente 3016,2028-04-04,36768.6,13.67,24,13473.18,306.0,No,En Mora,2009-12-08
103017,Cliente 3017,2028-04-05,20524.11,16.78,48,977.32,718.0,Sí,Activo,1977-08-18
103018,Cliente 3018,2028-04-06,3883.48,13.31,48,12280.54,679.0,No,En Mora,1981-12-26
103019,Cliente 3019,2028-04-07,39296.11,22.72,60,8646.3,807.0,No,En Mora,2002-03-14
103020,Cliente 3020,2028-04-08,14645.04,14.2,24,8418.32,413.0,Sí,En Mora,1965-08-07
103021,Cliente 3021,2028-04-09,21921.96,21.6,36,14388.29,810.0,Sí,Pagado,1975-07-04
103022,Cliente 3022,2028-04-10,34429.47,20.73,48,11340.85,768.0,Sí,Pagado,1993-12-23
103023,Cliente 3023,2028-04-11,16956.58,12.33,48,12826.72,392.0,No,Pagado,1993-02-04
103024,Cliente 3024,2028-04-12,3300.99,8.45,12,5632.94,791.0,Sí,Activo,1995-03-28
103025,Cliente 3025,2028-04-13,19009.09,12.23,24,8538.28,401.0,No,Activo,2003-01-10
103026,Cliente 3026,2028-04-14,47250.2,21.26,36,9423.38,792.0,No,Pagado,1992-11-27
103027,Cliente 3027,2028-04-15,32265.85,8.39,60,5162.97,835.0,No,Pagado,1984-10-23
103028,Cliente 3028,2028-04-16,33738.22,14.78,36,8768.6,784.0,Sí,En Mora,2001-01-28
103029,Cliente 3029,2028-04-17,31797.97,20.83,60,3931.5,778.0,Sí,Pagado,1963-03-01
103030,Cliente 3030,2028-04-18,10350.11,11.1,36,2578.95,466.0,No,Activo,1970-01-13
103031,Cliente 3031,2028-04-19,21207.53,17.31,36,5922.57,439.0,No,Activo,1977-12-14
103032,Cliente 3032,2028-04-20,37671.52,8.78,24,11219.7,393.0,Sí,Activo,1981-02-06
103033,Cliente 3033,2028-04-21,5517.96,5.85,12,13784.71,480.0,Sí,Activo,1982-05-24
103034,Cliente 3034,2028-04-22,14253.71,20.58,36,7136.85,303.0,Sí,En Mora,2009-07-04
103035,Cliente 3035,2028-04-23,14177.8,5.63,48,9820.94,688.0,Sí,Activo,1973-02-12
103036,Cliente 3036,2028-04-24,21884.94,9.33,48,1994.04,571.0,No,Activo,1967-12-29
103037,Cliente 3037,2028-04-25,49028.25,21.88,48,13614.72,431.0,Sí,Activo,1959-12-23
103038,Cliente 3038,2028-04-26,3841.38,10.95,12,8744.76,811.0,Sí,Activo,1964-10-07
103039,Cliente 3039,2028-04-27,26175.7,24.42,36,11814.9,351.0,Sí,Activo,1995-08-16
103040,Cliente 3040,2028-04-28,9378.55,24.56,60,12019.4,589.0,No,Pagado,1973-06-10
103041,Cliente 3041,2028-04-29,48548.49,9.27,60,4218.97,745.0,Sí,Activo,1978-10-30
103042,Cliente 3042,2028-04-30,6108.52,4.38,24,8173.03,536.0,Sí,Activo,1977-11-06
103043,Cliente 3043,2028-05-01,20478.25,18.66,12,14426.96,790.0,Sí,Pagado,2008-09-26
103044,Cliente 3044,2028-05-02,37025.31,13.2,36,1799.7,579.0,Sí,Activo,1993-03-12
103045,Cliente 3045,2028-05-03,35375.44,5.67,48,10404.22,343.0,Sí,Pagado,1954-01-01
103046,Cliente 3046,2028-05-04,21425.07,18.71,12,14452.83,658.0,Sí,Activo,2009-07-17
103047,Cliente 3047,2028-05-05,17652.95,4.17,12,4858.37,825.0,Sí,Activo,1999-05-10
103048,Cliente 3048,2028-05-06,20181.81,22.21,36,12990.99,761.0,Sí,Pagado,1974-03-03
103049,Cliente 3049,2028-05-07,13581.68,6.48,24,14038.03,400.0,No,Activo,1958-01-02
103050,Cliente 3050,2028-05-08,10663.98,6.24,24,11332.75,760.0,Sí,Activo,1996-10-17
103051,Cliente 3051,2028-05-09,24410.47,7.28,24,3854.26,567.0,Sí,Activo,1984-02-21
103052,Cliente 3052,2028-05-10,13792.42,24.15,48,5343.01,661.0,Sí,Pagado,1997-05-24
103053,Cliente 3053,2028-05-11,14729.35,18.4,48,1019.23,707.0,Sí,Pagado,2000-08-29
103054,Cliente 3054,2028-05-12,33009.43,20.73,36,12556.07,336.0,Sí,En Mora,1959-01-02
103055,Cliente 3055,2028-05-13,48442.6,12.05,24,12819.36,767.0,No,Pagado,1991-07-19
103056,Cliente 3056,2028-05-14,30380.04,10.73,36,9674.3,558.0,Sí,En Mora,2005-01-03
103057,Cliente 3057,2028-05-15,4310.48,8.54,24,5611.65,808.0,No,Activo,1999-08-20
103058,Cliente 3058,2028-05-16,4241.39,13.83,12,1613.76,608.0,Sí,Activo,1963-05-21
103059,Cliente 3059,2028-05-17,47595.45,15.36,60,11419.34,572.0,Sí,Pagado,1987-10-19
103060,Cliente 3060,2028-05-18,15215.89,17.08,60,11034.63,409.0,No,Pagado,1984-10-02
103061,Cliente 3061,2028-05-19,5057.32,9.03,24,13732.74,559.0,Sí,Activo,1957-09-13
103062,Cliente 3062,2028-05-20,30152.71,23.9,36,11092.71,567.0,Sí,En Mora,1987-09-04
103063,Cliente 3063,2028-05-21,31370.61,7.15,48,12516.08,331.0,No,Activo,1988-08-15
103064,Cliente 3064,2028-05-22,32600.99,24.26,24,11316.34,476.0,Sí,Activo,1981-07-06
103065,Cliente 3065,2028-05-23,13736.4,3.82,24,9644.96,403.0,Sí,Activo,1996-02-26
103066,Cliente 3066,2028-05-24,1247.98,13.84,48,6691.01,535.0,Sí,Pagado,1988-03-25
103067,Cliente 3067,2028-05-25,48268.26,10.67,24,13580.7,392.0,No,Pagado,1995-01-22
103068,Cliente 3068,2028-05-26,12919.21,13.16,12,9939.04,500.0,Sí,Pagado,2002-10-31
103069,Cliente 3069,2028-05-27,33963.3,15.77,48,6276.15,334.0,Sí,Pagado,1999-08-22
103070,Cliente 3070,2028-05-28,35478.18,12.87,12,1710.3,416.0,No,Activo,1991-08-19
103071,Cliente 3071,2028-05-29,30695.37,12.42,60,4715.22,757.0,Sí,En Mora,1983-12-09
103072,Cliente 3072,2028-05-30,15988.92,19.25,48,8384.04,770.0,Sí,En Mora,1988-07-09
103073,Cliente 3073,2028-05-31,13919.26,18.25,48,4496.71,698.0,No,Activo,1981-06-21
103074,Cliente 3074,2028-06-01,30084.58,21.42,36,3707.91,416.0,Sí,En Mora,1990-10-08
103075,Cliente 3075,2028-06-02,43371.73,8.87,36,8147.21,661.0,Sí,En Mora,2009-04-11
103076,Cliente 3076,2028-06-03,47363.32,16.6,48,2962.4,503.0,Sí,Activo,1990-02-24
103077,Cliente 3077,2028-06-04,5742.34,16.08,60,12105.95,445.0,No,En Mora,1955-06-27
103078,Cliente 3078,2028-06-05,8164.02,11.45,24,7523.34,743.0,Sí,Pagado,2008-03-31
103079,Cliente 3079,2028-06-06,47264.44,13.95,36,8821.01,596.0,No,En Mora,2004-04-05
103080,Cliente 3080,2028-06-07,36958.49,10.25,60,2637.06,786.0,Sí,En Mora,1979-06-08
103081,Cliente 3081,2028-06-08,44208.19,6.55,60,5206.36,530.0,Sí,En Mora,2008-04-21
103082,Cliente 3082,2028-06-09,10530.32,8.1,36,6446.3,502.0,Sí,Pagado,1986-03-12
103083,Cliente 3083,2028-06-10,29585.5,5.77,24,12219.09,661.0,Sí,Pagado,2009-04-27
103084,Cliente 3084,2028-06-11,35206.41,18.19,36,11667.31,694.0,Sí,Pagado,1973-07-28
103085,Cliente 3085,2028-06-12,34165.54,17.71,60,3733.17,547.0,No,Pagado,1996-03-19
103086,Cliente 3086,2028-06-13,20703.51,23.94,12,9434.6,739.0,Sí,Activo,1993-02-16
103087,Cliente 3087,2028-06-14,1262.05,19.19,36,4030.12,695.0,Sí,Activo,1998-11-17
103088,Cliente 3088,2028-06-15,29354.84,4.62,60,14829.58,655.0,No,Activo,2002-03-24
103089,Cliente 3089,2028-06-16,13028.53,22.51,36,14305.8,700.0,Sí,Pagado,2003-05-12
103090,Cliente 3090,2028-06-17,22787.59,22.05,60,8667.34,540.0,No,Pagado,2007-05-30
103091,Cliente 3091,2028-06-18,47900.26,13.03,24,10634.09,640.0,Sí,Activo,1978-03-07
103092,Cliente 3092,2028-06-19,20252.25,16.1,60,12120.74,528.0,Sí,Activo,1983-09-18
103093,Cliente 3093,2028-06-20,42070.18,24.49,48,10954.48,842.0,No,Activo,1985-01-06
103094,Cliente 3094,2028-06-21,9832.76,14.94,12,10647.52,838.0,No,En Mora,1957-02-14
103095,Cliente 3095,2028-06-22,33786.79,22.96,60,14399.03,828.0,Sí,En Mora,2005-12-16
103096,Cliente 3096,2028-06-23,48861.84,5.29,36,9148.61,566.0,Sí,Activo,1988-09-24
103097,Cliente 3097,2028-06-24,5543.71,7.61,36,9726.39,428.0,Sí,Activo,1960-12-12
103098,Cliente 3098,2028-06-25,911.84,12.98,60,12814.4,519.0,Sí,Activo,1966-03-14
103099,Cliente 3099,2028-06-26,21962.35,16.07,48,10213.42,381.0,No,Activo,1968-04-11
103100,Cliente 3100,2028-06-27,5084.96,21.05,60,11127.52,319.0,Sí,Activo,1991-05-17
103101,Cliente 3101,2028-06-28,37545.03,24.75,24,3895.45,626.0,No,Activo,1982-03-30
103102,Cliente 3102,2028-06-29,45770.16,11.86,48,5883.37,336.0,Sí,Pagado,1960-02-13
103103,Cliente 3103,2028-06-30,21984.04,4.52,60,2635.87,681.0,Sí,Activo,1971-11-02
103104,Cliente 3104,2028-07-01,13306.23,20.73,12,7833.6,338.0,No,Pagado,1962-07-24
103105,Cliente 3105,2028-07-02,22002.96,16.49,48,7108.05,408.0,Sí,Pagado,2010-01-11
103106,Cliente 3106,2028-07-03,36310.67,7.77,60,14958.86,728.0,No,Activo,1992-12-27
103107,Cliente 3107,2028-07-04,948.18,14.14,12,9362.53,363.0,Sí,Activo,2006-10-28
103108,Cliente 3108,2028-07-05,29677.97,19.46,60,11903.45,474.0,Sí,Activo,1959-07-17
103109,Cliente 3109,2028-07-06,30857.94,20.06,24,5343.21,331.0,Sí,Pagado,1953-10-17
103110,Cliente 3110,2028-07-07,32065.57,14.24,36,12557.41,830.0,No,En Mora,1958-03-06
103111,Cliente 3111,2028-07-08,12480.09,10.06,60,9418.73,405.0,Sí,Activo,1989-07-18
103112,Cliente 3112,2028-07-09,35845.61,24.44,48,10606.39,781.0,Sí,Activo,1994-01-30
103113,Cliente 3113,2028-07-10,5023.88,17.76,60,4769.25,505.0,Sí,En Mora,1978-10-19
103114,Cliente 3114,2028-07-11,10363.88,12.28,60,8455.26,546.0,Sí,En Mora,1984-10-22
103115,Cliente 3115,2028-07-12,43934.77,9.53,60,9693.54,388.0,Sí,Activo,2000-06-06
103116,Cliente 3116,2028-07-13,37066.8,19.22,60,9041.87,615.0,Sí,Pagado,1973-06-07
103117,Cliente 3117,2028-07-14,1180.4,8.71,48,13770.31,310.0,Sí,Pagado,1984-03-18
103118,Cliente 3118,2028-07-15,12794.62,7.19,48,13524.95,348.0,Sí,Pagado,1963-12-03
103119,Cliente 3119,2028-07-16,11113.12,14.89,60,14579.27,470.0,No,En Mora,1981-11-15
103120,Cliente 3120,2028-07-17,13904.91,9.73,36,10177.71,442.0,No,Pagado,1973-07-21
103121,Cliente 3121,2028-07-18,12754.21,17.02,60,14592.75,506.0,Sí,En Mora,1992-01-31
103122,Cliente 3122,2028-07-19,3595.05,6.04,48,12570.93,762.0,Sí,Pagado,2010-01-05
103123,Cliente 3123,2028-07-20,23217.56,17.58,24,4427.07,808.0,Sí,Pagado,1993-08-20
103124,Cliente 3124,2028-07-21,36770.31,9.59,60,6697.82,500.0,Sí,Pagado,1992-06-30
103125,Cliente 3125,2028-07-22,30533.22,3.51,60,3956.69,304.0,No,Activo,2000-08-08
103126,Cliente 3126,2028-07-23,33807.15,6.23,60,560.86,510.0,Sí,Activo,2008-11-16
103127,Cliente 3127,2028-07-24,4516.88,23.57,60,3226.71,328.0,Sí,Pagado,1970-03-08
103128,Cliente 3128,2028-07-25,47598.79,22.15,12,558.88,489.0,No,Pagado,1957-03-19
103129,Cliente 3129,2028-07-26,42005.35,8.52,60,10937.66,487.0,Sí,En Mora,1989-09-11
103130,Cliente 3130,2028-07-27,40351.97,20.23,48,6670.25,449.0,Sí,Activo,1990-08-25
103131,Cliente 3131,2028-07-28,41237.7,16.58,48,5032.33,824.0,Sí,En Mora,1959-09-24
103132,Cliente 3132,2028-07-29,46669.17,24.37,12,11544.95,665.0,Sí,Activo,1971-04-14
103133,Cliente 3133,2028-07-30,27440.57,11.53,60,12571.06,456.0,Sí,Activo,1967-09-25
103134,Cliente 3134,2028-07-31,10413.96,18.15,36,14641.84,379.0,Sí,Activo,1966-11-29
103135,Cliente 3135,2028-08-01,31030.79,4.87,60,9809.2,572.0,Sí,Pagado,1971-06-28
103136,Cliente 3136,2028-08-02,37272.63,12.02,48,7192.17,817.0,No,Activo,1976-12-29
103137,Cliente 3137,2028-08-03,37026.91,24.22,24,4926.33,531.0,Sí,Activo,1996-11-11
103138,Cliente 3138,2028-08-04,26311.73,15.09,24,3723.61,459.0,Sí,Pagado,1962-06-22
103139,Cliente 3139,2028-08-05,3888.71,9.69,36,3587.43,643.0,Sí,Pagado,1973-08-11
103140,Cliente 3140,2028-08-06,18870.09,6.09,60,6433.25,588.0,Sí,En Mora,1963-09-21
103141,Cliente 3141,2028-08-07,46077.95,18.63,12,14880.9,504.0,Sí,Pagado,1965-03-18
103142,Cliente 3142,2028-08-08,29430.22,17.36,60,512.38,604.0,Sí,Activo,2004-11-10
103143,Cliente 3143,2028-08-09,27147.43,11.54,36,3359.49,659.0,Sí,Activo,1986-05-24
103144,Cliente 3144,2028-08-10,13808.25,23.95,36,3231.7,699.0,Sí,Pagado,1984-09-08
103145,Cliente 3145,2028-08-11,18738.22,3.98,36,10898.23,748.0,Sí,Pagado,1961-04-10
103146,Cliente 3146,2028-08-12,44819.63,10.03,24,5611.03,405.0,No,Activo,2008-01-16
103147,Cliente 3147,2028-08-13,33489.92,23.3,60,7130.28,381.0,Sí,Pagado,1990-11-12
103148,Cliente 3148,2028-08-14,39475.66,10.4,60,2655.05,641.0,No,Pagado,1985-07-15
103149,Cliente 3149,2028-08-15,22990.1,8.92,12,6372.46,720.0,Sí,Pagado,1994-06-05
103150,Cliente 3150,2028-08-16,31697.24,14.99,36,1996.4,348.0,Sí,Activo,2003-11-25
103151,Cliente 3151,2028-08-17,12794.99,21.21,36,8229.13,505.0,Sí,Activo,2010-03-24
103152,Cliente 3152,2028-08-18,35420.31,5.72,48,1920.11,517.0,No,En Mora,1984-08-27
103153,Cliente 3153,2028-08-19,21666.27,23.77,48,11962.37,735.0,No,Pagado,2006-12-02
103154,Cliente 3154,2028-08-20,22406.0,20.59,24,8715.72,621.0,No,En Mora,1963-10-06
103155,Cliente 3155,2028-08-21,32641.46,7.4,60,10997.53,530.0,No,Pagado,1967-11-18
103156,Cliente 3156,2028-08-22,46845.89,18.81,12,6568.49,786.0,Sí,Activo,2005-11-24
103157,Cliente 3157,2028-08-23,3668.31,11.78,12,6031.62,728.0,No,Pagado,2009-06-06
103158,Cliente 3158,2028-08-24,41324.79,12.15,36,1924.03,583.0,No,En Mora,1985-05-01
103159,Cliente 3159,2028-08-25,14972.96,20.34,12,8095.91,785.0,Sí,En Mora,1974-02-10
103160,Cliente 3160,2028-08-26,22474.01,24.2,36,7960.28,575.0,No,Pagado,2003-06-09
103161,Cliente 3161,2028-08-27,1584.71,6.22,60,7287.48,732.0,Sí,Activo,1992-10-23
103162,Cliente 3162,2028-08-28,15401.78,12.54,12,11237.52,484.0,No,Pagado,1977-06-18
103163,Cliente 3163,2028-08-29,25380.25,13.84,36,12571.31,515.0,No,Pagado,1985-07-09
103164,Cliente 3164,2028-08-30,3280.72,11.59,60,11386.45,396.0,No,Activo,2007-11-01
103165,Cliente 3165,2028-08-31,24809.24,11.31,60,2586.05,418.0,No,Pagado,1972-03-07
103166,Cliente 3166,2028-09-01,46391.98,4.62,36,9519.86,664.0,Sí,Pagado,1962-11-28
103167,Cliente 3167,2028-09-02,5716.96,18.24,36,1664.69,702.0,Sí,En Mora,1990-05-10
103168,Cliente 3168,2028-09-03,38339.82,12.88,24,10572.02,696.0,Sí,Pagado,1992-07-24
103169,Cliente 3169,2028-09-04,20778.72,7.69,60,6036.67,757.0,Sí,Activo,1973-11-01
103170,Cliente 3170,2028-09-05,32931.1,21.04,36,2421.23,617.0,Sí,Pagado,1996-02-05
103171,Cliente 3171,2028-09-06,13381.71,20.76,60,12999.74,681.0,Sí,Pagado,1993-08-15
103172,Cliente 3172,2028-09-07,8394.87,13.96,12,9403.12,441.0,Sí,Activo,1992-03-21
103173,Cliente 3173,2028-09-08,8442.9,9.92,48,5643.51,756.0,No,Pagado,1986-07-14
103174,Cliente 3174,2028-09-09,3989.35,17.22,48,945.54,800.0,No,Activo,1992-01-29
103175,Cliente 3175,2028-09-10,9689.51,9.7,36,8291.0,622.0,Sí,Pagado,1975-06-13
103176,Cliente 3176,2028-09-11,33378.86,8.57,36,13886.78,567.0,Sí,Pagado,1986-01-08
103177,Cliente 3177,2028-09-12,44143.69,19.21,60,9147.51,786.0,Sí,Pagado,1993-12-22
103178,Cliente 3178,2028-09-13,40799.22,4.37,36,14588.93,459.0,Sí,Pagado,1959-05-27
103179,Cliente 3179,2028-09-14,34414.15,5.54,60,2478.54,313.0,Sí,En Mora,1978-07-17
103180,Cliente 3180,2028-09-15,5966.38,3.65,9999,8740.42,454.0,No,Pagado,1976-07-30
103181,Cliente 3181,2028-09-16,14814.78,6.79,60,12072.81,400.0,Sí,En Mora,1960-01-16
103182,Cliente 3182,2028-09-17,15835.44,4.98,36,8120.34,342.0,No,Pagado,1978-01-02
103183,Cliente 3183,2028-09-18,12872.87,24.91,24,1820.46,492.0,Sí,Pagado,1959-08-28
103184,Cliente 3184,2028-09-19,25992.78,9.71,60,8951.85,610.0,Sí,Pagado,1964-03-11
103185,Cliente 3185,2028-09-20,27009.91,6.71,24,9370.2,764.0,No,En Mora,1974-01-05
103186,Cliente 3186,2028-09-21,18165.86,8.68,24,11066.28,462.0,Sí,Pagado,2002-05-01
103187,Cliente 3187,2028-09-22,18012.56,23.63,24,11537.57,650.0,Sí,Pagado,1984-05-13
103188,Cliente 3188,2028-09-23,41513.5,14.68,24,11676.2,533.0,No,Activo,1990-09-27
103189,Cliente 3189,2028-09-24,39570.0,11.34,12,10119.94,702.0,Sí,Pagado,1969-06-14
103190,Cliente 3190,2028-09-25,15735.89,22.28,48,3629.26,650.0,Sí,Pagado,1965-04-09
103191,Cliente 3191,2028-09-26,45732.53,11.99,12,6361.42,466.0,Sí,Pagado,1964-10-26
103192,Cliente 3192,2028-09-27,47664.34,10.7,36,11753.88,447.0,No,Pagado,2004-07-23
103193,Cliente 3193,2028-09-28,16673.76,7.96,36,14324.69,327.0,Sí,Activo,1987-07-11
103194,Cliente 3194,2028-09-29,18044.03,11.62,48,1644.73,558.0,No,Pagado,1990-06-22
103195,Cliente 3195,2028-09-30,25528.89,10.31,48,8265.28,741.0,Sí,En Mora,1960-03-10
103196,Cliente 3196,2028-10-01,47085.48,18.06,48,5031.57,826.0,Sí,En Mora,1974-05-28
103197,Cliente 3197,2028-10-02,43877.81,9.73,24,3768.21,510.0,Sí,Activo,2006-07-04
103198,Cliente 3198,2028-10-03,5577.11,15.91,12,7834.25,842.0,Sí,Pagado,2008-05-22
103199,Cliente 3199,2028-10-04,19940.17,4.92,36,9288.3,744.0,Sí,Activo,1970-11-30
103200,Cliente 3200,2028-10-05,27891.87,7.61,12,641.7,752.0,Sí,Pagado,2007-10-22
103201,Cliente 3201,2028-10-06,25405.06,12.26,12,11813.0,703.0,Sí,En Mora,1983-02-16
103202,Cliente 3202,2028-10-07,10096.22,23.64,12,12388.29,365.0,Sí,En Mora,1993-09-24
103203,Cliente 3203,2028-10-08,43011.43,11.61,48,14499.91,704.0,No,Pagado,1968-12-08
103204,Cliente 3204,2028-10-09,34008.57,17.78,48,3119.33,734.0,Sí,En Mora,2000-02-19
103205,Cliente 3205,2028-10-10,41976.46,8.98,36,9121.01,527.0,No,En Mora,1989-06-16
103206,Cliente 3206,2028-10-11,43008.83,6.23,36,6686.07,775.0,No,Pagado,1957-05-04
103207,Cliente 3207,2028-10-12,37543.61,4.76,36,5355.0,767.0,Sí,Pagado,1987-09-01
103208,Cliente 3208,2028-10-13,22240.92,10.07,12,8701.69,400.0,Sí,Pagado,1967-07-08
103209,Cliente 3209,2028-10-14,30722.06,6.89,48,11844.55,722.0,Sí,Pagado,1977-01-01
103210,Cliente 3210,2028-10-15,8438.09,7.24,24,834.27,655.0,No,Pagado,1979-03-09
103211,Cliente 3211,2028-10-16,33845.45,19.86,12,14556.3,438.0,Sí,En Mora,1981-03-27
103212,Cliente 3212,2028-10-17,9373.04,3.84,60,12243.28,430.0,No,Pagado,1954-04-25
103213,Cliente 3213,2028-10-18,34850.5,15.49,12,11391.73,848.0,Sí,Pagado,2000-06-18
103214,Cliente 3214,2028-10-19,11865.11,11.66,48,11525.62,767.0,No,Activo,1973-07-16
103215,Cliente 3215,2028-10-20,6318.79,14.39,60,6141.38,779.0,Sí,En Mora,1978-08-02
103216,Cliente 3216,2028-10-21,8681.58,15.6,12,11398.5,410.0,No,Activo,1969-11-28
103217,Cliente 3217,2028-10-22,598.61,10.24,48,6108.17,452.0,Sí,Activo,1980-05-10
103218,Cliente 3218,2028-10-23,36077.61,9.84,48,13531.25,541.0,Sí,Activo,1993-11-24
103219,Cliente 3219,2028-10-24,36753.85,19.27,24,3069.72,578.0,Sí,Pagado,1985-11-21
103220,Cliente 3220,2028-10-25,25989.2,22.23,12,4739.04,662.0,Sí,Activo,1996-07-29
103221,Cliente 3221,2028-10-26,8487.46,7.64,48,8494.39,707.0,Sí,Activo,1964-05-28
103222,Cliente 3222,2028-10-27,4635.94,5.6,36,5128.56,474.0,Sí,Activo,1976-08-27
103223,Cliente 3223,2028-10-28,1446.88,22.8,48,6651.44,434.0,Sí,Pagado,1955-07-14
103224,Cliente 3224,2028-10-29,8704.53,11.02,24,7640.13,805.0,Sí,Activo,1967-01-26
103225,Cliente 3225,2028-10-30,44597.35,15.35,48,12917.12,593.0,Sí,Activo,1990-05-13
103226,Cliente 3226,2028-10-31,12456.07,11.23,12,8086.29,794.0,Sí,Pagado,2004-08-29
103227,Cliente 3227,2028-11-01,18036.43,6.2,12,5755.67,718.0,No,Activo,1956-05-09
103228,Cliente 3228,2028-11-02,5714.6,16.17,60,4092.17,505.0,Sí,Pagado,2009-12-24
103229,Cliente 3229,2028-11-03,11506.88,14.79,12,6425.8,617.0,Sí,Activo,1966-01-16
103230,Cliente 3230,2028-11-04,26201.62,7.86,60,7978.17,372.0,Sí,Activo,1993-12-29
103231,Cliente 3231,2028-11-05,30583.76,13.22,36,11318.67,558.0,No,Pagado,1991-08-04
103232,Cliente 3232,2028-11-06,12644.94,20.63,24,2255.21,657.0,Sí,Activo,1978-02-22
103233,Cliente 3233,2028-11-07,3357.74,16.19,36,3713.33,447.0,No,Activo,1964-09-12
103234,Cliente 3234,2028-11-08,19856.13,5.58,60,6004.98,524.0,Sí,Pagado,1992-08-28
103235,Cliente 3235,2028-11-09,12093.07,15.28,48,5725.78,404.0,No,Pagado,2007-12-15
103236,Cliente 3236,2028-11-10,11367.92,18.61,48,6180.35,655.0,Sí,Activo,1981-10-30
103237,Cliente 3237,2028-11-11,48013.21,20.54,36,12006.06,837.0,No,En Mora,1960-08-25
103238,Cliente 3238,2028-11-12,31006.87,17.03,48,5200.24,560.0,Sí,En Mora,1965-11-21
103239,Cliente 3239,2028-11-13,28065.48,6.78,60,7777.52,369.0,Sí,Activo,1972-11-18
103240,Cliente 3240,2028-11-14,21080.87,18.77,24,9546.65,746.0,Sí,Activo,2006-08-28
103241,Cliente 3241,2028-11-15,21732.74,18.06,12,3866.59,746.0,No,En Mora,1990-03-13
103242,Cliente 3242,2028-11-16,27274.8,4.03,60,10921.08,556.0,No,Pagado,1968-12-27
103243,Cliente 3243,2028-11-17,34973.28,12.35,60,8433.11,830.0,No,En Mora,1983-04-08
103244,Cliente 3244,2028-11-18,35256.23,10.66,12,6978.33,418.0,Sí,Activo,1965-09-08
103245,Cliente 3245,2028-11-19,8998.85,17.89,12,12241.87,365.0,Sí,Activo,1986-08-15
103246,Cliente 3246,2028-11-20,25255.58,8.15,24,4030.68,544.0,Sí,Pagado,1968-03-28
103247,Cliente 3247,2028-11-21,20891.93,16.2,24,13306.05,356.0,Sí,En Mora,1971-11-24
103248,Cliente 3248,2028-11-22,43591.08,23.13,24,8635.21,343.0,No,En Mora,2005-06-24
103249,Cliente 3249,2028-11-23,31755.24,20.65,48,9333.04,823.0,Sí,Activo,1995-03-26
103250,Cliente 3250,2028-11-24,26858.95,23.31,60,13188.35,723.0,Sí,Pagado,1959-04-27
103251,Cliente 3251,2028-11-25,6212.03,24.54,12,12354.95,835.0,Sí,Activo,1969-09-13
103252,Cliente 3252,2028-11-26,30479.08,3.73,60,9222.65,694.0,No,En Mora,2007-08-16
103253,Cliente 3253,2028-11-27,6301.59,16.89,60,11421.22,749.0,Sí,Activo,1993-09-14
103254,Cliente 3254,2028-11-28,17191.73,12.38,24,6783.13,556.0,No,Pagado,1954-09-20
103255,Cliente 3255,2028-11-29,7570.68,21.99,24,8436.98,660.0,Sí,Activo,1960-12-07
103256,Cliente 3256,2028-11-30,34757.65,8.91,60,1400.02,679.0,No,Activo,1987-08-20
103257,Cliente 3257,2028-12-01,10709.48,24.59,24,1802.94,742.0,Sí,Activo,1957-06-01
103258,Cliente 3258,2028-12-02,19897.04,16.69,48,12526.67,833.0,Sí,Activo,1976-09-05
103259,Cliente 3259,2028-12-03,44835.9,20.56,12,1365.24,773.0,No,Pagado,1972-08-16
103260,Cliente 3260,2028-12-04,10613.66,5.34,60,2956.29,456.0,Sí,En Mora,1968-08-30
103261,Cliente 3261,2028-12-05,25636.35,7.44,12,12039.57,388.0,Sí,Pagado,1968-12-15
103262,###Cliente??,2028-12-06,21253.95,19.81,48,516.62,501.0,Sí,Pagado,2004-11-10
103263,Cliente 3263,2028-12-07,1397.14,3.97,24,4594.86,761.0,Sí,Pagado,1982-01-23
103264,Cliente 3264,2028-12-08,39741.53,21.06,36,8968.56,780.0,No,Activo,2002-03-03
103265,Cliente 3265,2028-12-09,3917.77,3.8,48,9134.02,753.0,Sí,Activo,1981-04-23
103266,Cliente 3266,2028-12-10,23975.62,17.63,36,11768.72,769.0,No,En Mora,1971-03-12
103267,Cliente 3267,2028-12-11,28253.58,11.35,12,7835.93,679.0,Sí,Activo,1960-08-09
103268,Cliente 3268,2028-12-12,31607.11,16.65,60,7886.33,700.0,Sí,Pagado,1985-11-10
103269,Cliente 3269,2028-12-13,34587.27,18.46,24,11017.0,378.0,Sí,Activo,1990-05-15
103270,Cliente 3270,2028-12-14,13036.98,10.86,48,7730.05,685.0,No,Pagado,1986-08-14
103271,Cliente 3271,2028-12-15,993.95,5.82,24,9323.12,642.0,No,En Mora,1998-11-06
103272,Cliente 3272,2028-12-16,36310.46,5.0,36,13517.72,744.0,Sí,En Mora,1976-11-05
103273,Cliente 3273,2028-12-17,27015.0,16.16,36,6321.04,351.0,Sí,Activo,1967-02-08
103274,Cliente 3274,2028-12-18,41887.83,14.69,60,6084.31,550.0,No,Activo,1999-05-24
103275,Cliente 3275,2028-12-19,,19.46,36,551.46,628.0,No,Pagado,2004-11-04
103276,Cliente 3276,2028-12-20,42244.65,14.46,60,9394.68,793.0,No,Pagado,1982-03-04
103277,Cliente 3277,2028-12-21,24512.19,12.58,48,931.69,649.0,Sí,Activo,1984-08-30
103278,Cliente 3278,2028-12-22,17014.61,12.06,60,7810.15,758.0,Sí,En Mora,1974-03-23
103279,Cliente 3279,2028-12-23,39682.13,4.07,36,12161.39,797.0,Sí,En Mora,1964-10-21
103280,Cliente 3280,2028-12-24,22839.06,10.71,12,8473.86,424.0,Sí,Pagado,1978-01-08
103281,Cliente 3281,2028-12-25,9580.39,24.48,60,4409.72,503.0,No,Activo,2003-01-27
103282,Cliente 3282,XX/YY/ZZZZ,42821.21,22.28,24,11899.44,320.0,Sí,Pagado,1984-02-27
103283,Cliente 3283,2028-12-27,44186.71,10.58,12,4410.9,661.0,No,Pagado,1963-04-26
103284,Cliente 3284,2028-12-28,23582.33,16.14,60,11128.96,660.0,Sí,Pagado,1998-12-01
103285,Cliente 3285,2028-12-29,4247.14,21.72,24,9348.75,415.0,Sí,Activo,1981-04-17
103286,Cliente 3286,2028-12-30,19697.39,12.99,12,2964.95,354.0,Sí,Pagado,1992-11-10
103287,Cliente 3287,2028-12-31,40275.11,3.89,60,13624.44,591.0,Sí,Activo,1979-05-06
103288,Cliente 3288,2029-01-01,45137.81,5.1,48,3409.33,350.0,Sí,Pagado,2007-10-26
103289,Cliente 3289,2029-01-02,10571.9,14.47,24,14849.01,553.0,Sí,En Mora,1982-11-13
103290,Cliente 3290,2029-01-03,3815.19,24.34,48,606.0,791.0,No,Activo,1967-11-25
103291,Cliente 3291,2029-01-04,43928.85,18.4,36,4320.51,524.0,Sí,Pagado,1979-08-23
103292,Cliente 3292,2029-01-05,19775.54,5.02,60,3397.97,768.0,No,Activo,1969-07-25
103293,Cliente 3293,2029-01-06,27317.17,7.57,60,702.9,402.0,No,Activo,1976-04-19
103294,Cliente 3294,2029-01-07,48419.26,20.08,24,11119.33,347.0,No,Activo,1978-01-04
103295,Cliente 3295,2029-01-08,3794.95,21.59,60,10554.67,641.0,No,Pagado,1997-05-15
103296,Cliente 3296,2029-01-09,32591.74,16.78,36,11989.09,532.0,Sí,Activo,2002-04-20
103297,Cliente 3297,2029-01-10,4168.22,17.36,60,4222.13,527.0,Sí,Activo,1955-11-06
103298,Cliente 3298,2029-01-11,19085.71,4.11,12,6942.86,821.0,No,Activo,2004-03-04
103299,Cliente 3299,2029-01-12,40288.82,21.31,48,10057.15,312.0,Sí,Activo,1964-12-01
103300,Cliente 3300,2029-01-13,21956.88,20.45,36,6876.64,798.0,Sí,En Mora,1974-02-08
103301,Cliente 3301,2029-01-14,49860.53,9.07,36,10611.22,744.0,No,Activo,1982-01-29
103302,Cliente 3302,2029-01-15,28173.43,18.74,48,9692.61,639.0,Sí,En Mora,1970-07-12
103303,Cliente 3303,2029-01-16,16397.53,8.12,48,2162.39,623.0,No,Pagado,2003-03-06
103304,Cliente 3304,2029-01-17,11395.51,4.37,36,11825.13,456.0,Sí,Activo,1973-02-21
103305,Cliente 3305,2029-01-18,17850.77,7.82,48,10949.81,730.0,No,Activo,1984-04-25
103306,Cliente 3306,2029-01-19,18940.4,7.34,24,10009.6,706.0,No,Activo,1965-11-25
103307,Cliente 3307,2029-01-20,3901.33,10.76,48,2748.86,457.0,Sí,Activo,2010-10-18
103308,Cliente 3308,2029-01-21,18793.92,12.5,12,4385.95,484.0,Sí,Pagado,2009-06-13
103309,Cliente 3309,2029-01-22,23479.81,14.43,12,6201.07,790.0,Sí,Pagado,2009-02-05
103310,Cliente 3310,2029-01-23,36275.52,13.75,24,4558.98,835.0,Sí,Pagado,1975-01-08
103311,Cliente 3311,2029-01-24,33008.11,9.32,48,3803.25,656.0,No,Pagado,1963-10-04
103312,Cliente 3312,2029-01-25,35583.9,4.13,12,12177.69,661.0,Sí,En Mora,1985-08-26
103313,Cliente 3313,2029-01-26,914.0,16.51,60,9754.37,523.0,Sí,Activo,1981-11-08
103314,Cliente 3314,2029-01-27,11274.54,12.01,48,8699.35,503.0,Sí,En Mora,1954-11-08
103315,Cliente 3315,2029-01-28,33253.37,9.92,24,3776.31,307.0,Sí,Pagado,1987-07-06
103316,Cliente 3316,2029-01-29,24457.47,22.14,48,13812.11,771.0,Sí,Pagado,1959-11-27
103317,Cliente 3317,2029-01-30,763.02,19.55,36,3272.15,471.0,No,Activo,1992-09-04
103318,Cliente 3318,2029-01-31,40322.48,21.94,36,12026.79,395.0,Sí,Pagado,1987-07-01
103319,Cliente 3319,2029-02-01,38754.07,14.14,12,14516.75,605.0,Sí,En Mora,2004-06-30
103320,Cliente 3320,2029-02-02,27646.75,6.32,36,11042.84,557.0,Sí,Pagado,1985-10-06
103321,Cliente 3321,2029-02-03,3789.93,18.47,24,14896.45,773.0,No,Pagado,1976-11-07
103322,Cliente 3322,2029-02-04,38442.49,7.93,12,9940.24,599.0,Sí,Activo,1965-01-04
103323,Cliente 3323,2029-02-05,29393.82,12.99,24,3653.17,764.0,Sí,En Mora,2011-01-09
103324,Cliente 3324,2029-02-06,39207.02,4.9,24,3455.38,627.0,Sí,Pagado,1983-01-23
103325,Cliente 3325,2029-02-07,37711.48,21.24,36,5206.18,409.0,No,Activo,1966-03-30
103326,Cliente 3326,2029-02-08,40248.6,6.21,36,603.39,428.0,Sí,Pagado,1962-08-31
103327,Cliente 3327,2029-02-09,26141.4,22.92,24,10384.63,436.0,Sí,Pagado,2000-09-02
103328,Cliente 3328,2029-02-10,7446.06,22.08,36,4395.68,838.0,Sí,Activo,1991-01-18
103329,Cliente 3329,2029-02-11,33722.29,13.49,36,12320.16,463.0,No,Activo,2009-09-27
103330,Cliente 3330,2029-02-12,31213.45,19.5,36,5708.0,648.0,Sí,Pagado,1960-04-21
103331,Cliente 3331,2029-02-13,37241.53,16.82,48,7459.37,762.0,No,Activo,1975-07-07
103332,Cliente 3332,2029-02-14,8909.11,20.77,24,14502.49,803.0,Sí,Pagado,1999-06-10
103333,Cliente 3333,2029-02-15,10151.27,12.78,60,4011.5,450.0,Sí,Activo,2009-10-04
103334,Cliente 3334,2029-02-16,44575.27,20.39,24,10958.18,545.0,No,Activo,1976-08-12
103335,Cliente 3335,2029-02-17,37623.9,13.44,12,11449.21,409.0,Sí,Pagado,1980-02-11
103336,Cliente 3336,2029-02-18,45457.31,23.73,36,3704.47,574.0,Sí,Pagado,1956-06-29
103337,Cliente 3337,2029-02-19,38056.41,13.96,36,7764.45,366.0,Sí,En Mora,1992-06-28
103338,Cliente 3338,2029-02-20,30059.19,13.45,60,5577.93,349.0,Sí,Activo,1954-06-26
103339,Cliente 3339,2029-02-21,32879.57,20.38,12,11692.64,814.0,No,Activo,1960-08-10
103340,Cliente 3340,2029-02-22,44511.83,21.16,48,9526.01,525.0,No,Activo,1969-09-16
103341,Cliente 3341,2029-02-23,29150.93,15.42,24,7401.75,805.0,No,Pagado,1958-06-06
103342,Cliente 3342,2029-02-24,31803.37,7.37,48,11800.77,454.0,No,Activo,1968-02-29
103343,Cliente 3343,2029-02-25,8245.6,13.56,12,3909.76,779.0,No,En Mora,1980-01-03
103344,Cliente 3344,2029-02-26,23959.1,24.31,60,11427.52,410.0,No,En Mora,1989-08-08
103345,Cliente 3345,2029-02-27,35961.66,19.69,12,13047.93,782.0,Sí,Activo,1972-07-18
103346,Cliente 3346,2029-02-28,13911.66,20.94,60,13240.01,573.0,Sí,Pagado,1969-07-09
103347,Cliente 3347,2029-03-01,10511.58,4.21,48,11863.27,454.0,No,Pagado,1973-06-30
103348,Cliente 3348,2029-03-02,16034.43,13.56,48,6416.21,466.0,Sí,Activo,1977-01-06
103349,Cliente 3349,2029-03-03,12454.28,17.4,12,14736.22,318.0,No,En Mora,1999-12-21
103350,Cliente 3350,2029-03-04,11138.18,21.35,12,6004.11,644.0,Sí,Activo,1995-04-10
103351,Cliente 3351,2029-03-05,21530.12,4.56,36,9760.07,593.0,Sí,Pagado,1994-07-17
103352,Cliente 3352,2029-03-06,45438.01,21.83,60,2835.58,761.0,Sí,Pagado,2006-01-21
103353,Cliente 3353,2029-03-07,25599.45,15.29,36,14716.51,637.0,Sí,Pagado,1996-10-28
103354,Cliente 3354,2029-03-08,9802.06,7.74,24,10707.8,751.0,No,En Mora,1965-05-03
103355,Cliente 3355,2029-03-09,4310.1,10.32,24,11423.97,643.0,Sí,Activo,1971-09-01
103356,Cliente 3356,2029-03-10,34959.73,9.56,12,1453.76,384.0,Sí,Pagado,1973-09-12
103357,Cliente 3357,2029-03-11,19448.54,14.91,48,11569.56,688.0,Sí,En Mora,1968-02-19
103358,Cliente 3358,2029-03-12,41180.63,4.61,24,11733.49,526.0,Sí,En Mora,1985-08-14
103359,Cliente 3359,2029-03-13,33145.78,6.91,24,10240.7,585.0,Sí,Activo,1968-04-22
103360,Cliente 3360,2029-03-14,39913.95,20.97,36,4732.69,583.0,No,En Mora,1979-11-23
103361,Cliente 3361,2029-03-15,13961.33,6.35,36,7600.51,408.0,No,Activo,1974-12-07
103362,Cliente 3362,2029-03-16,34771.77,8.52,24,2101.3,434.0,Sí,Activo,1986-10-25
103363,Cliente 3363,2029-03-17,13571.07,13.25,12,7338.01,590.0,No,Pagado,2002-05-02
103364,Cliente 3364,2029-03-18,46983.89,14.62,36,4035.45,807.0,No,Activo,1998-06-05
103365,Cliente 3365,2029-03-19,32000.53,19.92,24,5561.91,328.0,Sí,Activo,1990-10-13
103366,Cliente 3366,2029-03-20,16563.33,13.12,48,2857.71,693.0,Sí,Pagado,1966-05-31
103367,Cliente 3367,2029-03-21,13840.84,20.48,36,3835.79,326.0,Sí,Activo,1995-05-10
103368,Cliente 3368,2029-03-22,9950.87,16.79,24,1610.25,766.0,Sí,Activo,1982-07-18
103369,Cliente 3369,2029-03-23,34884.73,5.93,60,13838.57,312.0,Sí,Activo,2004-02-04
103370,Cliente 3370,2029-03-24,11326.42,6.86,36,8190.95,744.0,Sí,Pagado,1998-12-05
103371,Cliente 3371,2029-03-25,29967.51,12.9,60,6252.76,523.0,Sí,Activo,1969-04-21
103372,Cliente 3372,2029-03-26,13599.43,12.03,36,8257.92,762.0,No,Pagado,1976-04-12
103373,Cliente 3373,2029-03-27,33267.46,19.49,36,9610.25,320.0,No,Pagado,1968-06-27
103374,Cliente 3374,2029-03-28,40839.52,15.99,60,13867.24,686.0,Sí,Activo,1978-04-11
103375,Cliente 3375,2029-03-29,39012.25,11.84,12,3091.05,625.0,No,Activo,1985-03-06
103376,Cliente 3376,2029-03-30,38162.14,7.17,24,4785.51,766.0,No,En Mora,2005-01-21
103377,Cliente 3377,2029-03-31,9792.26,8.38,12,14648.95,821.0,Sí,En Mora,1985-07-24
103378,Cliente 3378,2029-04-01,4875.05,15.87,12,5882.3,524.0,Sí,Activo,1967-09-29
103379,Cliente 3379,2029-04-02,35097.97,12.6,24,827.14,774.0,Sí,Activo,1974-03-03
103380,Cliente 3380,2029-04-03,18733.19,14.57,48,2640.83,757.0,Sí,En Mora,1998-07-16
103381,Cliente 3381,2029-04-04,21901.14,7.17,12,881.91,512.0,Sí,Pagado,1977-12-14
103382,Cliente 3382,2029-04-05,2041.88,17.75,12,14853.89,780.0,Sí,Activo,1981-04-26
103383,Cliente 3383,2029-04-06,13349.03,21.83,12,4543.63,479.0,Sí,Pagado,1993-09-26
103384,Cliente 3384,2029-04-07,2166.98,9.05,48,13891.37,837.0,Sí,Pagado,1973-08-28
103385,Cliente 3385,2029-04-08,44019.7,14.07,36,14940.35,826.0,No,Activo,1990-09-26
103386,Cliente 3386,2029-04-09,12548.14,24.47,60,9197.7,321.0,No,En Mora,1995-09-22
103387,Cliente 3387,2029-04-10,28088.19,10.66,60,981.35,644.0,No,En Mora,1968-09-20
103388,Cliente 3388,2029-04-11,2429.48,16.29,48,1683.08,320.0,No,Activo,1999-07-23
103389,Cliente 3389,2029-04-12,33508.95,5.44,12,7483.04,707.0,No,Pagado,1984-05-28
103390,Cliente 3390,2029-04-13,16489.85,16.53,60,6389.49,786.0,Sí,Pagado,1970-12-12
103391,Cliente 3391,2029-04-14,44947.0,5.43,48,9289.57,827.0,No,Pagado,1967-09-09
103392,Cliente 3392,2029-04-15,44461.85,24.12,24,6863.29,715.0,No,Pagado,1981-01-07
103393,Cliente 3393,2029-04-16,16601.89,18.89,60,14044.11,571.0,Sí,En Mora,1973-07-16
103394,Cliente 3394,2029-04-17,45097.56,20.45,24,8253.73,504.0,Sí,Pagado,1979-03-03
103395,Cliente 3395,2029-04-18,49809.8,18.64,12,10559.03,597.0,Sí,Activo,1960-08-01
103396,Cliente 3396,2029-04-19,41358.08,16.18,60,13499.04,407.0,Sí,Activo,1996-09-15
103397,###Cliente??,2029-04-20,42321.13,13.17,48,2629.64,451.0,Sí,En Mora,1970-08-05
103398,Cliente 3398,2029-04-21,12825.93,21.96,36,3831.15,312.0,Sí,Pagado,1993-09-17
103399,Cliente 3399,2029-04-22,29046.77,24.07,60,2056.12,378.0,No,En Mora,2008-03-02
103400,Cliente 3400,2029-04-23,3829.17,14.23,60,2524.76,468.0,Sí,Activo,1956-06-15
103401,Cliente 3401,2029-04-24,5198.44,23.53,60,7932.47,548.0,Sí,Pagado,1968-07-25
103402,Cliente 3402,2029-04-25,49945.18,16.04,60,5157.1,420.0,Sí,Activo,1976-03-19
103403,Cliente 3403,2029-04-26,16668.64,15.08,48,6636.01,686.0,No,Pagado,2007-09-20
103404,Cliente 3404,2029-04-27,37535.1,13.27,48,14746.1,738.0,No,Activo,1997-01-08
103405,Cliente 3405,2029-04-28,40429.92,8.0,36,2772.21,571.0,Sí,En Mora,1996-06-09
103406,Cliente 3406,2029-04-29,42972.15,3.58,48,8341.78,599.0,Sí,Activo,1998-02-10
103407,Cliente 3407,2029-04-30,49882.6,8.69,48,1933.63,772.0,Sí,Activo,1989-03-03
103408,Cliente 3408,2029-05-01,12454.08,14.46,12,5118.2,457.0,No,En Mora,1978-03-02
103409,Cliente 3409,2029-05-02,2497.37,11.67,9999,8149.13,526.0,No,Activo,1972-02-03
103410,Cliente 3410,2029-05-03,20853.98,13.14,24,14226.16,720.0,No,Activo,1961-06-04
103411,Cliente 3411,2029-05-04,6938.99,24.58,36,6172.81,323.0,Sí,Activo,1982-10-10
103412,Cliente 3412,2029-05-05,1610.08,11.03,12,1441.15,837.0,Sí,Activo,1965-11-03
103413,Cliente 3413,2029-05-06,18341.13,13.22,36,6128.34,839.0,Sí,Pagado,1982-08-11
103414,Cliente 3414,2029-05-07,39295.04,6.37,36,2613.25,427.0,No,Pagado,1998-03-03
103415,Cliente 3415,2029-05-08,28525.94,4.53,60,3834.85,393.0,Sí,Pagado,1994-02-23
103416,Cliente 3416,2029-05-09,15982.51,20.17,36,9462.31,720.0,No,Activo,2001-02-17
103417,Cliente 3417,2029-05-10,32889.93,15.77,60,1477.65,571.0,No,Pagado,1996-05-30
103418,Cliente 3418,2029-05-11,11984.9,19.86,24,7238.49,783.0,No,Activo,1981-04-11
103419,Cliente 3419,2029-05-12,1211.88,6.72,24,9337.19,304.0,Sí,Pagado,1994-09-15
103420,Cliente 3420,2029-05-13,38335.49,15.79,24,6616.95,456.0,Sí,Pagado,1990-06-21
103421,Cliente 3421,2029-05-14,31375.28,8.95,60,777.33,351.0,No,En Mora,1958-08-29
103422,Cliente 3422,2029-05-15,38233.98,8.4,60,14790.03,542.0,No,Pagado,1989-06-17
103423,Cliente 3423,2029-05-16,2427.43,3.75,24,5823.18,719.0,Sí,En Mora,2002-05-10
103424,Cliente 3424,2029-05-17,41937.42,6.3,60,11789.37,724.0,No,En Mora,1956-02-20
103425,Cliente 3425,2029-05-18,31166.55,10.15,48,5221.87,379.0,Sí,Pagado,2002-12-10
103426,Cliente 3426,2029-05-19,28388.07,6.01,48,7387.74,653.0,Sí,Activo,1976-04-29
103427,Cliente 3427,2029-05-20,31418.4,24.7,60,6132.72,592.0,Sí,En Mora,2002-01-19
103428,Cliente 3428,2029-05-21,43289.45,10.14,60,5466.82,415.0,No,En Mora,1998-05-24
103429,Cliente 3429,2029-05-22,29553.36,6.3,12,816.84,828.0,Sí,Activo,1978-03-16
103430,Cliente 3430,2029-05-23,29257.04,7.78,12,5720.3,779.0,Sí,Pagado,1976-07-14
103431,Cliente 3431,2029-05-24,49538.62,16.14,36,13397.6,587.0,Sí,Pagado,2008-06-19
103432,Cliente 3432,2029-05-25,37958.14,4.88,36,10510.7,776.0,Sí,En Mora,1985-01-11
103433,Cliente 3433,2029-05-26,22393.54,22.04,36,2608.63,324.0,No,En Mora,1958-01-23
103434,Cliente 3434,2029-05-27,35516.15,24.17,24,9071.75,730.0,Sí,Pagado,2008-05-28
103435,Cliente 3435,2029-05-28,19766.91,8.81,48,13437.35,577.0,No,Pagado,1993-04-13
103436,Cliente 3436,2029-05-29,11829.34,13.18,24,10650.49,616.0,No,En Mora,1992-12-02
103437,Cliente 3437,2029-05-30,30044.17,3.98,60,2655.92,657.0,No,Pagado,1985-05-02
103438,Cliente 3438,2029-05-31,46445.01,17.28,12,13083.57,575.0,No,Pagado,1978-07-05
103439,Cliente 3439,2029-06-01,46492.41,12.4,60,4872.39,643.0,Sí,Pagado,1986-09-14
103440,Cliente 3440,2029-06-02,17424.31,9.31,60,7084.1,730.0,Sí,En Mora,1957-06-01
103441,Cliente 3441,2029-06-03,26620.03,7.95,12,8129.07,738.0,Sí,Pagado,1962-05-02
103442,Cliente 3442,2029-06-04,10975.98,17.56,60,12832.35,761.0,Sí,Activo,1994-06-23
103443,Cliente 3443,2029-06-05,49783.74,12.45,36,14008.31,569.0,Sí,Activo,1988-11-05
103444,Cliente 3444,2029-06-06,49065.34,7.36,12,13979.97,730.0,Sí,Activo,1985-09-02
103445,Cliente 3445,2029-06-07,32650.69,18.32,60,615.34,320.0,No,Activo,1980-08-17
103446,Cliente 3446,2029-06-08,40318.5,15.65,36,13867.38,442.0,No,Activo,2003-01-22
103447,Cliente 3447,2029-06-09,35897.46,21.96,36,1288.61,652.0,Sí,En Mora,1976-02-03
103448,Cliente 3448,2029-06-10,29861.33,6.03,48,4353.72,764.0,Sí,Pagado,1981-01-04
103449,Cliente 3449,2029-06-11,3140.73,20.39,36,7967.32,767.0,Sí,Pagado,2011-03-24
103450,Cliente 3450,2029-06-12,23010.83,17.98,24,7458.92,812.0,Sí,Pagado,1979-07-05
103451,Cliente 3451,2029-06-13,33901.92,5.97,12,9268.29,763.0,No,Pagado,1995-05-01
103452,Cliente 3452,2029-06-14,34037.81,18.44,12,7451.97,693.0,Sí,Activo,2000-10-06
103453,Cliente 3453,2029-06-15,18969.57,12.99,12,14048.45,357.0,Sí,Activo,1976-06-16
103454,Cliente 3454,2029-06-16,47113.75,23.82,60,3987.96,425.0,Sí,Pagado,1984-05-22
103455,Cliente 3455,2029-06-17,8784.17,6.54,60,4473.36,760.0,Sí,En Mora,2003-12-16
103456,Cliente 3456,2029-06-18,25267.79,17.32,24,13850.7,351.0,Sí,En Mora,1996-04-06
103457,Cliente 3457,2029-06-19,34698.76,11.71,36,1612.72,568.0,Sí,Activo,1981-01-21
103458,Cliente 3458,2029-06-20,35008.22,24.07,60,9338.63,395.0,Sí,Activo,2007-01-31
103459,Cliente 3459,2029-06-21,32607.63,10.59,36,10385.17,572.0,Sí,Pagado,1963-07-15
103460,Cliente 3460,2029-06-22,14126.77,24.19,36,7830.35,622.0,Sí,Activo,1980-01-07
103461,Cliente 3461,2029-06-23,8232.23,22.88,60,10566.36,432.0,Sí,Activo,1978-11-22
103462,Cliente 3462,2029-06-24,31979.05,9.31,60,3004.94,388.0,No,En Mora,1962-01-10
103463,Cliente 3463,2029-06-25,30165.45,20.78,24,12863.17,304.0,Sí,En Mora,2003-01-03
103464,Cliente 3464,2029-06-26,9378.12,24.91,48,2530.37,656.0,Sí,Activo,1963-06-02
103465,Cliente 3465,2029-06-27,35404.39,8.93,12,6311.78,642.0,Sí,Activo,1986-08-21
103466,Cliente 3466,2029-06-28,23031.01,12.89,60,1591.24,503.0,Sí,En Mora,1972-08-13
103467,Cliente 3467,2029-06-29,33554.15,14.68,60,8405.56,770.0,Sí,Pagado,2001-11-18
103468,Cliente 3468,2029-06-30,41949.67,9.84,36,10211.31,763.0,Sí,En Mora,1974-06-18
103469,Cliente 3469,2029-07-01,8901.56,3.83,48,14147.71,796.0,Sí,Activo,2006-07-21
103470,Cliente 3470,2029-07-02,1447.67,8.23,60,11220.37,362.0,Sí,Pagado,1969-05-14
103471,Cliente 3471,2029-07-03,39065.58,9.56,48,8345.99,538.0,Sí,En Mora,1998-08-01
103472,Cliente 3472,2029-07-04,30680.02,13.04,12,14022.95,839.0,Sí,Pagado,1968-08-09
103473,Cliente 3473,2029-07-05,35132.16,7.18,36,7437.33,497.0,No,Pagado,1996-03-18
103474,Cliente 3474,2029-07-06,41988.67,22.27,24,8637.48,329.0,Sí,Pagado,1991-04-22
103475,Cliente 3475,2029-07-07,40239.14,18.66,12,9143.43,508.0,Sí,Pagado,1963-10-13
103476,###Cliente??,2029-07-08,48065.55,5.33,48,6444.71,362.0,Sí,En Mora,1966-06-28
103477,Cliente 3477,2029-07-09,27028.79,17.48,48,12658.0,356.0,Sí,Activo,2007-05-20
103478,Cliente 3478,2029-07-10,24680.53,17.55,12,3185.05,732.0,No,En Mora,1966-04-02
103479,Cliente 3479,2029-07-11,20393.42,24.06,48,8545.21,607.0,Sí,En Mora,1984-03-16
103480,Cliente 3480,2029-07-12,8107.71,3.56,24,10972.38,765.0,No,Activo,1964-11-23
103481,Cliente 3481,2029-07-13,28844.06,8.83,24,13607.65,406.0,Sí,Pagado,1988-05-12
103482,Cliente 3482,2029-07-14,14212.12,23.45,48,13316.82,600.0,Sí,Pagado,1971-06-09
103483,Cliente 3483,2029-07-15,46104.72,23.54,48,7876.73,345.0,Sí,Pagado,1966-04-25
103484,Cliente 3484,2029-07-16,29367.94,18.99,24,9825.84,376.0,No,Activo,1977-11-26
103485,Cliente 3485,2029-07-17,29845.59,19.96,48,6216.45,468.0,Sí,Activo,1984-05-20
103486,Cliente 3486,2029-07-18,18068.77,5.47,60,7288.58,428.0,Sí,Pagado,1983-02-26
103487,Cliente 3487,2029-07-19,3073.47,14.55,36,13640.85,567.0,Sí,Activo,1968-05-12
103488,Cliente 3488,2029-07-20,2071.32,8.48,60,13995.21,718.0,Sí,Activo,2009-12-13
103489,Cliente 3489,2029-07-21,21455.09,7.4,48,13483.5,460.0,No,Pagado,2003-07-20
103490,Cliente 3490,2029-07-22,4685.99,20.92,48,2506.38,357.0,Sí,Activo,1971-10-11
103491,Cliente 3491,2029-07-23,30538.92,6.4,36,12826.22,683.0,Sí,Pagado,1991-01-15
103492,Cliente 3492,2029-07-24,44108.16,13.58,48,14251.27,809.0,Sí,En Mora,2002-09-22
103493,Cliente 3493,2029-07-25,44204.28,23.68,36,5738.12,729.0,Sí,En Mora,1971-09-10
103494,Cliente 3494,2029-07-26,33122.75,7.5,24,8020.37,639.0,Sí,Activo,2000-10-02
103495,Cliente 3495,2029-07-27,10955.98,24.53,36,11796.88,325.0,Sí,En Mora,1996-06-14
103496,Cliente 3496,2029-07-28,43218.34,24.88,36,8650.13,671.0,Sí,En Mora,1967-10-26
103497,Cliente 3497,2029-07-29,44361.63,15.45,60,14905.51,335.0,Sí,Pagado,1989-12-12
103498,Cliente 3498,2029-07-30,10234.35,7.16,48,7107.84,830.0,No,Pagado,2001-06-03
103499,Cliente 3499,2029-07-31,37002.59,10.3,24,10852.17,566.0,Sí,Activo,1994-03-11
103500,Cliente 3500,2029-08-01,14682.72,12.63,12,11992.57,731.0,Sí,Pagado,1999-04-15
103501,Cliente 3501,2029-08-02,40230.7,10.15,36,7664.46,318.0,Sí,Pagado,2003-03-08
103502,Cliente 3502,2029-08-03,49863.28,9.53,12,12926.27,638.0,Sí,Pagado,1973-07-03
103503,Cliente 3503,2029-08-04,1986.29,24.4,48,8419.24,439.0,Sí,Pagado,1995-01-13
103504,Cliente 3504,2029-08-05,44919.61,6.8,36,6468.94,366.0,No,Pagado,1970-04-21
103505,Cliente 3505,2029-08-06,31320.21,19.27,12,2063.44,829.0,Sí,Activo,1968-10-09
103506,Cliente 3506,2029-08-07,48682.44,3.51,60,6204.5,668.0,Sí,Pagado,2006-08-20
103507,Cliente 3507,2029-08-08,23517.97,16.32,12,11142.08,560.0,Sí,En Mora,1965-05-31
103508,Cliente 3508,2029-08-09,42445.7,23.19,60,13858.65,502.0,Sí,En Mora,1976-05-02
103509,Cliente 3509,2029-08-10,3588.51,9.69,24,4149.35,709.0,Sí,Activo,1972-12-19
103510,Cliente 3510,2029-08-11,17096.31,7.49,48,5650.92,379.0,No,En Mora,1980-02-11
103511,Cliente 3511,2029-08-12,3817.32,17.51,12,2732.43,412.0,No,Activo,1966-11-09
103512,Cliente 3512,2029-08-13,48779.49,18.82,36,10515.48,436.0,Sí,Pagado,1994-06-21
103513,Cliente 3513,2029-08-14,40940.21,18.29,48,14422.73,488.0,Sí,Activo,1965-09-29
103514,Cliente 3514,2029-08-15,42701.1,10.37,12,9793.81,576.0,Sí,Pagado,1969-12-18
103515,Cliente 3515,2029-08-16,46929.28,8.92,36,9447.61,402.0,Sí,Activo,1962-02-24
103516,Cliente 3516,2029-08-17,4712.62,24.05,36,8525.6,406.0,Sí,Pagado,2008-07-05
103517,Cliente 3517,2029-08-18,19587.08,23.35,36,1782.61,472.0,Sí,Pagado,1968-02-14
103518,Cliente 3518,2029-08-19,4016.23,13.33,36,11077.81,630.0,No,Pagado,1969-04-12
103519,Cliente 3519,2029-08-20,10934.26,21.69,12,9229.72,490.0,Sí,Activo,1989-12-28
103520,Cliente 3520,2029-08-21,11853.61,13.22,24,10091.41,524.0,Sí,Pagado,1994-08-17
103521,Cliente 3521,2029-08-22,23720.81,12.62,60,13532.76,622.0,Sí,Activo,1989-03-07
103522,Cliente 3522,2029-08-23,13793.83,6.87,60,11867.43,807.0,No,Activo,2010-11-10
103523,Cliente 3523,2029-08-24,5498.42,12.67,60,11823.27,847.0,Sí,Pagado,1993-09-03
103524,Cliente 3524,2029-08-25,8790.81,15.05,24,13944.16,433.0,Sí,Activo,2003-09-16
103525,Cliente 3525,2029-08-26,7790.14,3.98,36,14854.06,336.0,Sí,Pagado,1972-08-20
103526,Cliente 3526,2029-08-27,48667.3,13.05,36,8928.6,392.0,No,Activo,1981-12-17
103527,Cliente 3527,2029-08-28,38084.98,20.3,48,2078.78,374.0,Sí,Activo,1984-05-22
103528,Cliente 3528,2029-08-29,48404.19,18.12,60,7157.38,482.0,Sí,Activo,1971-04-21
103529,Cliente 3529,2029-08-30,22267.15,17.16,60,11920.22,758.0,No,En Mora,1992-08-19
103530,Cliente 3530,2029-08-31,14279.24,23.06,36,902.02,708.0,Sí,Activo,1991-04-28
103531,Cliente 3531,2029-09-01,40015.51,3.89,60,1324.87,506.0,Sí,Pagado,1992-11-08
103532,Cliente 3532,2029-09-02,16649.57,15.48,36,1473.79,544.0,Sí,En Mora,1969-05-28
103533,Cliente 3533,2029-09-03,15319.48,20.43,36,11100.02,632.0,Sí,Pagado,2000-12-04
103534,Cliente 3534,2029-09-04,12009.05,15.14,36,7766.92,824.0,Sí,Pagado,2005-11-30
103535,Cliente 3535,2029-09-05,6919.11,10.46,12,5849.02,593.0,No,Activo,2009-11-24
103536,Cliente 3536,2029-09-06,13194.92,6.43,12,2031.45,572.0,Sí,Pagado,1986-09-11
103537,Cliente 3537,2029-09-07,18088.33,22.58,12,11117.48,678.0,No,Activo,2000-06-26
103538,Cliente 3538,2029-09-08,33862.71,13.62,12,5154.79,325.0,No,Activo,1973-07-23
103539,Cliente 3539,2029-09-09,3596.96,22.38,24,4347.2,843.0,No,Activo,1971-07-30
103540,Cliente 3540,2029-09-10,10920.09,16.1,48,9958.63,390.0,Sí,Activo,1986-05-10
103541,Cliente 3541,2029-09-11,40546.67,18.0,48,8605.66,775.0,Sí,Activo,2009-07-06
103542,Cliente 3542,2029-09-12,7772.64,20.79,36,5754.95,487.0,No,Pagado,1987-02-22
103543,Cliente 3543,2029-09-13,17460.93,17.67,60,9801.57,494.0,No,En Mora,1967-07-23
103544,Cliente 3544,2029-09-14,43300.62,12.06,12,4432.71,833.0,No,Pagado,1986-11-24
103545,Cliente 3545,2029-09-15,8168.8,14.54,48,12025.04,384.0,Sí,Pagado,1981-07-23
103546,Cliente 3546,2029-09-16,4595.47,20.77,48,3825.12,376.0,Sí,Pagado,1970-06-13
103547,Cliente 3547,2029-09-17,24484.63,11.53,12,2803.15,629.0,No,Activo,1974-09-07
103548,Cliente 3548,2029-09-18,15469.77,11.84,24,11845.37,682.0,No,Pagado,1996-06-19
103549,Cliente 3549,2029-09-19,28388.71,5.56,24,10764.43,732.0,Sí,En Mora,1994-10-23
103550,Cliente 3550,2029-09-20,40288.34,23.16,48,3148.27,676.0,Sí,En Mora,1997-02-01
103551,Cliente 3551,2029-09-21,7288.85,5.46,24,2185.56,640.0,Sí,Pagado,1991-01-13
103552,Cliente 3552,2029-09-22,29244.6,17.44,12,12656.79,476.0,Sí,Activo,2007-01-30
103553,Cliente 3553,2029-09-23,25522.68,12.38,48,11760.68,725.0,No,Activo,1986-01-17
103554,Cliente 3554,2029-09-24,7631.9,12.22,12,5245.23,723.0,Sí,Activo,1988-06-20
103555,Cliente 3555,2029-09-25,31387.93,18.11,24,10043.86,473.0,Sí,Pagado,2011-07-27
103556,Cliente 3556,2029-09-26,14045.2,4.94,12,2300.32,705.0,No,En Mora,1981-04-27
103557,Cliente 3557,2029-09-27,24647.8,16.26,24,7852.19,381.0,Sí,En Mora,1975-10-02
103558,Cliente 3558,2029-09-28,4572.48,20.1,24,771.59,320.0,No,Activo,1969-11-06
103559,Cliente 3559,2029-09-29,23249.41,21.31,12,6178.23,697.0,No,En Mora,2011-01-21
103560,Cliente 3560,2029-09-30,15669.94,7.17,24,1585.22,629.0,No,En Mora,1967-06-21
103561,Cliente 3561,2029-10-01,41207.87,22.79,36,7389.63,524.0,Sí,Pagado,1955-08-21
103562,Cliente 3562,2029-10-02,3320.45,17.61,12,6614.38,701.0,Sí,Pagado,2002-07-13
103563,Cliente 3563,2029-10-03,21221.06,22.46,36,6943.58,737.0,Sí,Pagado,1960-11-07
103564,Cliente 3564,2029-10-04,23192.36,13.93,12,1157.3,571.0,Sí,Activo,1957-07-02
103565,Cliente 3565,2029-10-05,36387.8,15.15,24,5743.44,579.0,Sí,Activo,1963-05-21
103566,Cliente 3566,2029-10-06,28927.23,23.26,24,11469.02,522.0,Sí,Pagado,1970-12-31
103567,Cliente 3567,2029-10-07,33527.01,22.85,9999,5849.26,808.0,Sí,En Mora,1967-03-26
103568,Cliente 3568,2029-10-08,38963.94,13.14,48,10869.99,641.0,Sí,Pagado,2009-05-15
103569,Cliente 3569,2029-10-09,43179.05,9.4,36,5857.44,341.0,No,Activo,1969-04-02
103570,Cliente 3570,2029-10-10,16036.84,11.95,24,6636.97,475.0,No,Activo,1968-04-15
103571,Cliente 3571,2029-10-11,27132.12,11.84,48,8676.44,544.0,Sí,Activo,1960-01-01
103572,Cliente 3572,2029-10-12,42085.35,9.67,24,14284.89,552.0,No,Pagado,1958-01-08
103573,Cliente 3573,2029-10-13,49477.83,9.27,12,2078.48,573.0,Sí,Activo,2008-07-16
103574,Cliente 3574,2029-10-14,44531.21,22.01,48,977.25,633.0,No,Activo,1979-12-17
103575,Cliente 3575,2029-10-15,18887.63,5.0,36,9315.38,310.0,Sí,Activo,2001-10-18
103576,Cliente 3576,2029-10-16,10160.74,18.07,48,14261.91,451.0,Sí,Pagado,1986-07-03
103577,Cliente 3577,2029-10-17,24724.93,7.22,24,14850.99,488.0,Sí,Activo,1992-09-07
103578,Cliente 3578,2029-10-18,37211.25,10.91,60,7520.38,510.0,Sí,Activo,1967-08-30
103579,Cliente 3579,2029-10-19,24882.17,4.82,60,7287.18,396.0,Sí,Pagado,1960-10-31
103580,Cliente 3580,2029-10-20,24417.45,9.3,24,9851.97,638.0,Sí,Pagado,1981-05-16
103581,Cliente 3581,2029-10-21,41992.41,20.02,12,8556.7,346.0,Sí,Activo,2007-11-16
103582,Cliente 3582,2029-10-22,18389.49,22.53,48,9694.28,356.0,Sí,Activo,1983-06-22
103583,Cliente 3583,2029-10-23,43059.84,8.26,60,13172.99,374.0,Sí,Activo,1965-06-03
103584,Cliente 3584,2029-10-24,20636.84,13.47,12,11321.44,553.0,Sí,Pagado,1958-09-11
103585,Cliente 3585,2029-10-25,16747.54,13.61,24,7704.72,469.0,Sí,Activo,1979-03-13
103586,Cliente 3586,2029-10-26,22972.5,22.28,12,7197.03,445.0,Sí,Pagado,1968-09-30
103587,Cliente 3587,2029-10-27,38241.12,19.9,24,9774.23,332.0,No,Activo,2008-04-24
103588,Cliente 3588,2029-10-28,6737.1,14.53,48,7107.74,814.0,Sí,Pagado,1995-10-11
103589,Cliente 3589,2029-10-29,10222.75,17.92,12,7137.8,556.0,No,Pagado,1988-12-27
103590,Cliente 3590,2029-10-30,47596.52,21.72,48,736.44,425.0,Sí,Pagado,1999-09-06
103591,Cliente 3591,2029-10-31,9186.84,3.71,12,3023.93,412.0,No,Activo,1991-10-04
103592,Cliente 3592,2029-11-01,28602.5,12.16,24,7583.45,641.0,Sí,Pagado,1999-04-15
103593,Cliente 3593,2029-11-02,29176.07,23.01,24,12428.48,347.0,Sí,Activo,2000-06-16
103594,Cliente 3594,2029-11-03,24736.41,19.42,12,4541.54,663.0,Sí,En Mora,1999-07-19
103595,Cliente 3595,2029-11-04,32414.89,15.17,24,8078.33,697.0,Sí,En Mora,1974-03-16
103596,Cliente 3596,2029-11-05,11876.42,14.89,36,5501.95,494.0,Sí,Pagado,1970-11-15
103597,Cliente 3597,2029-11-06,27856.78,10.98,36,2019.66,620.0,No,Pagado,1985-07-30
103598,Cliente 3598,2029-11-07,18922.58,14.69,48,14395.33,437.0,No,Pagado,1973-11-06
103599,Cliente 3599,2029-11-08,33252.53,17.59,36,12892.77,654.0,Sí,Activo,1980-12-04
103600,Cliente 3600,2029-11-09,7490.57,12.49,36,1638.14,369.0,No,En Mora,2011-04-10
103601,Cliente 3601,2029-11-10,28758.43,18.85,60,10936.92,782.0,No,Pagado,1959-09-12
103602,Cliente 3602,2029-11-11,9670.88,22.02,60,5539.91,358.0,Sí,En Mora,1970-09-11
103603,Cliente 3603,2029-11-12,14292.83,6.83,60,14925.32,688.0,No,Pagado,2010-01-21
103604,Cliente 3604,2029-11-13,11326.14,13.21,60,4884.78,650.0,Sí,En Mora,1957-11-02
103605,Cliente 3605,2029-11-14,9550.47,12.27,24,3961.71,638.0,Sí,Activo,1979-01-22
103606,Cliente 3606,2029-11-15,41372.69,18.28,48,8734.41,735.0,Sí,Pagado,1961-04-02
103607,Cliente 3607,2029-11-16,14642.52,8.87,48,12609.33,749.0,No,Activo,1991-12-29
103608,Cliente 3608,2029-11-17,46392.63,17.27,36,3291.52,676.0,Sí,Activo,1963-04-05
103609,Cliente 3609,2029-11-18,48511.36,22.37,48,10786.34,690.0,Sí,En Mora,1972-09-23
103610,Cliente 3610,2029-11-19,28777.39,12.49,36,1390.4,780.0,Sí,En Mora,1971-03-02
103611,Cliente 3611,2029-11-20,7578.56,23.09,48,13824.55,413.0,Sí,En Mora,1973-07-23
103612,Cliente 3612,2029-11-21,19040.14,24.85,12,1675.59,471.0,Sí,Pagado,1995-07-03
103613,Cliente 3613,2029-11-22,39987.75,5.78,12,13756.35,317.0,Sí,Activo,2000-03-18
103614,Cliente 3614,2029-11-23,18685.84,8.51,48,7616.71,534.0,Sí,Activo,1993-08-19
103615,Cliente 3615,2029-11-24,4807.35,23.93,24,6997.32,609.0,Sí,Activo,2002-06-24
103616,Cliente 3616,2029-11-25,28060.85,24.1,36,14612.95,580.0,Sí,Activo,2007-08-16
103617,Cliente 3617,2029-11-26,42333.48,5.6,48,14860.57,495.0,No,Pagado,1982-01-26
103618,Cliente 3618,2029-11-27,39898.36,3.82,36,9927.58,414.0,No,Activo,2006-06-12
103619,Cliente 3619,2029-11-28,9168.6,6.96,60,2343.23,696.0,Sí,Activo,1985-07-04
103620,Cliente 3620,2029-11-29,33801.85,24.91,48,7839.47,717.0,Sí,Activo,1990-02-06
103621,Cliente 3621,2029-11-30,11414.96,7.37,24,8172.86,583.0,No,Activo,1958-09-18
103622,Cliente 3622,2029-12-01,11301.27,14.3,60,7959.47,627.0,Sí,Activo,1978-07-10
103623,Cliente 3623,2029-12-02,43766.55,21.74,48,8757.63,640.0,No,Pagado,1967-10-24
103624,Cliente 3624,2029-12-03,12858.61,3.94,12,771.51,520.0,Sí,Pagado,1972-05-17
103625,Cliente 3625,2029-12-04,13530.74,16.5,48,10812.8,308.0,Sí,Activo,1973-08-30
103626,Cliente 3626,2029-12-05,532.34,9.46,12,10829.72,381.0,Sí,En Mora,1969-09-16
103627,Cliente 3627,2029-12-06,43598.12,22.04,12,2174.31,593.0,Sí,Activo,1958-01-12
103628,Cliente 3628,2029-12-07,39733.44,9.59,48,8768.47,674.0,Sí,En Mora,1966-09-17
103629,Cliente 3629,2029-12-08,31552.78,18.27,48,8741.24,833.0,Sí,En Mora,1957-08-08
103630,Cliente 3630,2029-12-09,37638.16,18.0,12,10395.53,714.0,No,Pagado,1994-10-15
103631,Cliente 3631,2029-12-10,8026.4,8.26,36,1738.27,398.0,Sí,Activo,2001-06-15
103632,Cliente 3632,2029-12-11,23187.02,4.25,60,9584.3,681.0,Sí,Pagado,2007-02-12
103633,Cliente 3633,2029-12-12,17885.36,12.3,24,4570.9,803.0,Sí,Activo,1988-12-16
103634,Cliente 3634,2029-12-13,5141.94,9.72,48,7851.54,746.0,Sí,Activo,1995-02-14
103635,Cliente 3635,2029-12-14,24563.46,20.89,60,11713.19,643.0,Sí,Pagado,1975-04-04
103636,Cliente 3636,2029-12-15,46076.61,20.71,60,10731.87,724.0,Sí,Pagado,1975-01-19
103637,Cliente 3637,2029-12-16,2482.93,13.33,36,2224.09,605.0,Sí,Pagado,2005-04-12
103638,Cliente 3638,2029-12-17,14927.32,16.54,60,9072.18,447.0,Sí,Pagado,2000-10-25
103639,Cliente 3639,2029-12-18,10773.28,16.49,48,14552.19,753.0,Sí,Pagado,1990-03-08
103640,Cliente 3640,2029-12-19,12288.26,21.28,60,2773.16,332.0,No,En Mora,1978-04-13
103641,Cliente 3641,2029-12-20,45467.51,12.64,48,12867.15,800.0,No,En Mora,1985-12-26
103642,Cliente 3642,2029-12-21,23669.42,9.42,48,10686.95,618.0,No,Pagado,1964-02-25
103643,Cliente 3643,2029-12-22,23581.82,9.2,12,11723.05,492.0,No,Activo,1991-01-17
103644,Cliente 3644,2029-12-23,38148.49,15.03,36,4588.4,479.0,Sí,Activo,1970-06-25
103645,Cliente 3645,2029-12-24,8147.36,13.16,24,4674.39,817.0,No,Pagado,1977-07-04
103646,Cliente 3646,2029-12-25,24619.64,12.96,12,13637.28,690.0,Sí,Activo,1956-01-09
103647,Cliente 3647,2029-12-26,21784.27,5.46,24,5717.56,820.0,Sí,Pagado,1997-02-13
103648,Cliente 3648,2029-12-27,30047.08,18.95,48,1413.72,656.0,Sí,Pagado,1970-01-24
103649,Cliente 3649,2029-12-28,49978.11,8.1,12,9208.65,763.0,No,En Mora,2002-03-16
103650,Cliente 3650,2029-12-29,38587.72,7.73,60,2309.86,398.0,Sí,Pagado,1993-07-10
103651,Cliente 3651,2029-12-30,20194.35,12.37,60,12050.65,447.0,Sí,Pagado,1970-03-31
103652,Cliente 3652,2029-12-31,41463.88,8.4,24,9805.32,615.0,No,Pagado,1965-07-12
103653,Cliente 3653,2030-01-01,8950.06,16.05,48,13183.53,481.0,Sí,Activo,2006-09-09
103654,Cliente 3654,2030-01-02,2007.95,11.49,24,11880.14,846.0,Sí,Pagado,1972-07-10
103655,Cliente 3655,2030-01-03,10620.19,13.15,36,2125.65,602.0,Sí,Activo,1988-12-18
103656,Cliente 3656,2030-01-04,17350.37,15.05,60,6025.52,303.0,No,Activo,1994-04-17
103657,Cliente 3657,2030-01-05,25773.75,7.88,12,11731.12,406.0,No,Pagado,1955-12-12
103658,Cliente 3658,2030-01-06,30948.89,6.85,12,6551.45,374.0,No,Pagado,1963-11-22
103659,Cliente 3659,2030-01-07,45574.98,22.43,12,14599.3,339.0,Sí,Pagado,1983-10-07
103660,Cliente 3660,2030-01-08,25737.77,12.83,60,11168.24,418.0,Sí,Pagado,1993-08-28
103661,Cliente 3661,2030-01-09,25313.14,12.36,48,724.75,372.0,Sí,Pagado,1981-11-24
103662,Cliente 3662,2030-01-10,2987.03,4.27,60,13259.79,503.0,Sí,Pagado,1968-03-12
103663,Cliente 3663,2030-01-11,2228.12,14.21,60,1961.67,395.0,Sí,Pagado,1998-09-20
103664,Cliente 3664,2030-01-12,27782.42,15.41,12,2537.59,578.0,Sí,Pagado,1973-11-11
103665,Cliente 3665,2030-01-13,22189.84,15.52,60,11150.14,442.0,No,En Mora,1980-09-24
103666,Cliente 3666,2030-01-14,42039.43,18.7,12,13042.04,414.0,No,Pagado,1991-10-06
103667,Cliente 3667,2030-01-15,8453.64,7.32,48,8277.07,775.0,Sí,Activo,1977-10-01
103668,Cliente 3668,2030-01-16,1736.1,8.92,36,4691.22,432.0,Sí,Pagado,1990-09-13
103669,Cliente 3669,2030-01-17,22727.42,20.93,12,5594.08,467.0,Sí,Activo,1990-04-28
103670,Cliente 3670,2030-01-18,12255.19,23.86,24,5471.9,544.0,Sí,Activo,2003-07-05
103671,Cliente 3671,2030-01-19,2955.91,6.42,36,5236.83,576.0,Sí,Pagado,1983-10-11
103672,Cliente 3672,2030-01-20,36367.62,14.2,48,4022.19,558.0,Sí,En Mora,1957-07-20
103673,Cliente 3673,2030-01-21,6023.85,8.1,36,9328.57,345.0,No,En Mora,1967-08-25
103674,Cliente 3674,2030-01-22,30611.82,4.79,12,13555.88,645.0,Sí,Activo,1973-04-16
103675,Cliente 3675,2030-01-23,14411.96,10.5,48,4952.69,536.0,Sí,Activo,1990-07-28
103676,Cliente 3676,2030-01-24,9088.05,6.59,24,3207.07,352.0,No,Pagado,1972-03-22
103677,Cliente 3677,2030-01-25,19297.7,18.76,12,12659.38,447.0,No,Activo,1979-12-25
103678,Cliente 3678,2030-01-26,40171.57,14.98,12,11255.86,832.0,Sí,En Mora,2001-04-17
103679,Cliente 3679,2030-01-27,19908.63,6.59,48,13997.14,389.0,No,Pagado,1967-05-03
103680,Cliente 3680,2030-01-28,37663.1,3.7,48,2900.04,532.0,Sí,Activo,1975-09-13
103681,Cliente 3681,2030-01-29,6711.57,20.88,36,2591.64,350.0,No,Activo,1971-06-17
103682,Cliente 3682,2030-01-30,38752.19,7.29,24,8350.73,693.0,Sí,Pagado,1997-12-01
103683,Cliente 3683,2030-01-31,12228.2,16.53,36,9409.29,513.0,Sí,Activo,1996-08-05
103684,Cliente 3684,2030-02-01,34030.96,10.74,36,7462.51,750.0,No,Pagado,1975-09-09
103685,Cliente 3685,2030-02-02,28506.19,16.09,12,9185.02,638.0,Sí,Activo,1961-01-24
103686,Cliente 3686,2030-02-03,46492.66,10.29,48,3115.51,650.0,Sí,Pagado,1996-09-01
103687,Cliente 3687,2030-02-04,19672.46,5.37,12,7454.4,584.0,No,Activo,1992-08-27
103688,Cliente 3688,2030-02-05,3775.18,8.29,24,10042.34,544.0,Sí,Activo,2007-02-14
103689,Cliente 3689,2030-02-06,1448.2,7.54,36,6774.24,849.0,Sí,En Mora,1970-04-19
103690,Cliente 3690,2030-02-07,41429.5,12.7,24,10351.99,525.0,No,Activo,1963-06-29
103691,Cliente 3691,2030-02-08,26474.41,17.65,48,7042.27,740.0,No,Pagado,1977-06-19
103692,Cliente 3692,2030-02-09,38874.58,9.17,48,5337.19,773.0,No,Pagado,1958-10-06
103693,Cliente 3693,2030-02-10,12104.07,3.76,60,4902.27,743.0,No,En Mora,2010-03-08
103694,Cliente 3694,2030-02-11,17581.65,14.66,24,6458.08,711.0,No,En Mora,1970-10-05
103695,Cliente 3695,2030-02-12,1990.14,16.52,12,834.8,545.0,No,En Mora,1990-12-19
103696,Cliente 3696,2030-02-13,48093.87,24.2,24,10193.61,799.0,Sí,Activo,2007-12-27
103697,Cliente 3697,2030-02-14,33559.46,16.17,36,12754.03,849.0,Sí,Activo,2008-11-26
103698,Cliente 3698,2030-02-15,46693.65,13.63,48,5642.09,416.0,Sí,Pagado,1971-04-13
103699,Cliente 3699,2030-02-16,13642.07,15.83,48,1167.48,663.0,Sí,Activo,2007-02-06
103700,Cliente 3700,2030-02-17,30767.45,23.45,24,14808.25,503.0,Sí,Activo,1976-10-14
103701,Cliente 3701,2030-02-18,34085.75,21.31,24,4323.62,650.0,No,Activo,1976-05-03
103702,Cliente 3702,2030-02-19,16218.71,10.44,24,2336.01,618.0,Sí,Activo,1999-05-07
103703,Cliente 3703,2030-02-20,42481.41,8.6,36,5861.41,658.0,No,Pagado,1956-10-06
103704,Cliente 3704,2030-02-21,47384.49,9.15,36,11209.08,816.0,Sí,Activo,2000-01-16
103705,Cliente 3705,2030-02-22,44300.33,14.35,12,4761.79,788.0,Sí,Pagado,1960-02-13
103706,Cliente 3706,2030-02-23,37083.82,19.5,24,8833.2,406.0,Sí,Activo,1979-06-22
103707,Cliente 3707,2030-02-24,14234.5,14.32,12,6525.62,471.0,No,Activo,1990-11-01
103708,Cliente 3708,2030-02-25,14439.99,4.96,60,2207.58,818.0,Sí,Pagado,1985-08-04
103709,Cliente 3709,2030-02-26,48186.34,19.06,36,5289.16,827.0,Sí,Activo,1999-04-09
103710,Cliente 3710,2030-02-27,1009.08,20.83,48,11010.62,619.0,Sí,Activo,1996-06-23
103711,Cliente 3711,2030-02-28,35944.47,9.72,60,9374.06,336.0,Sí,Activo,1974-05-18
103712,Cliente 3712,2030-03-01,35459.19,17.78,48,2236.79,798.0,Sí,Pagado,1978-04-18
103713,Cliente 3713,2030-03-02,31323.13,12.67,60,2868.17,564.0,Sí,Activo,1978-04-06
103714,Cliente 3714,2030-03-03,49510.39,22.62,12,9790.63,701.0,No,Activo,1961-12-09
103715,Cliente 3715,2030-03-04,15938.03,21.67,12,12294.52,517.0,Sí,En Mora,1958-11-07
103716,Cliente 3716,2030-03-05,17328.61,14.8,36,5567.38,629.0,Sí,Activo,1961-12-12
103717,Cliente 3717,2030-03-06,4407.5,18.37,48,9132.01,485.0,No,Activo,1985-11-17
103718,Cliente 3718,2030-03-07,22418.51,22.49,60,2974.33,680.0,No,Activo,1985-05-19
103719,Cliente 3719,2030-03-08,13421.9,14.16,24,5014.96,508.0,No,Pagado,2000-05-13
103720,Cliente 3720,2030-03-09,17497.64,10.23,24,793.92,587.0,Sí,Activo,1966-04-05
103721,Cliente 3721,2030-03-10,41811.3,19.7,36,11640.0,387.0,No,Activo,2003-09-24
103722,Cliente 3722,2030-03-11,46806.48,8.23,48,6314.64,435.0,Sí,Activo,1985-05-01
103723,Cliente 3723,2030-03-12,9693.79,11.85,24,12333.82,457.0,Sí,Pagado,1960-01-28
103724,Cliente 3724,2030-03-13,18939.19,22.11,36,10771.41,454.0,Sí,Pagado,1974-12-20
103725,Cliente 3725,2030-03-14,46467.21,19.08,36,12516.79,762.0,Sí,Pagado,1969-08-28
103726,Cliente 3726,2030-03-15,3559.52,12.18,48,4642.05,519.0,Sí,Activo,1974-02-26
103727,Cliente 3727,2030-03-16,5071.85,8.12,24,3184.08,758.0,No,Pagado,2011-08-27
103728,Cliente 3728,2030-03-17,8558.15,11.15,24,14592.63,466.0,No,Pagado,1981-05-28
103729,Cliente 3729,2030-03-18,29963.04,9.61,24,10901.25,621.0,No,Activo,1967-10-03
103730,Cliente 3730,2030-03-19,7948.38,7.29,12,12593.61,811.0,Sí,Pagado,1955-06-30
103731,Cliente 3731,2030-03-20,48419.78,19.48,24,690.43,386.0,No,Activo,1965-08-04
103732,Cliente 3732,2030-03-21,22612.37,8.92,60,5639.69,844.0,Sí,En Mora,1963-05-20
103733,Cliente 3733,2030-03-22,25325.14,13.26,12,11270.84,574.0,Sí,Activo,1957-05-09
103734,Cliente 3734,2030-03-23,12709.6,11.8,12,1630.75,440.0,No,Pagado,1957-04-27
103735,Cliente 3735,2030-03-24,23812.53,24.61,12,8726.43,652.0,No,Pagado,1959-04-07
103736,Cliente 3736,2030-03-25,33264.72,11.91,12,6721.56,304.0,Sí,Pagado,1992-08-02
103737,Cliente 3737,2030-03-26,37683.27,5.22,36,755.44,681.0,Sí,Activo,1995-06-15
103738,Cliente 3738,2030-03-27,37816.47,5.43,60,3921.65,633.0,Sí,Pagado,1975-09-13
103739,Cliente 3739,2030-03-28,29105.61,16.2,48,4629.48,774.0,No,Pagado,1988-11-13
103740,Cliente 3740,2030-03-29,45265.81,16.39,24,2121.97,329.0,No,Activo,1968-01-29
103741,Cliente 3741,2030-03-30,40961.69,12.5,12,9657.29,646.0,Sí,Pagado,1986-07-07
103742,Cliente 3742,2030-03-31,37973.88,12.78,48,4014.77,792.0,Sí,Activo,2011-06-28
103743,Cliente 3743,2030-04-01,3252.47,4.66,36,4525.48,794.0,Sí,Activo,1988-11-30
103744,Cliente 3744,2030-04-02,840.46,14.61,48,13524.46,687.0,Sí,Pagado,1957-07-19
103745,Cliente 3745,2030-04-03,11016.14,14.35,12,7273.28,552.0,Sí,Activo,2001-04-13
103746,Cliente 3746,2030-04-04,33344.42,6.72,60,6185.86,329.0,Sí,En Mora,2001-05-03
103747,Cliente 3747,2030-04-05,20854.28,5.73,48,10996.13,641.0,No,Pagado,1994-11-18
103748,Cliente 3748,2030-04-06,20419.11,6.16,12,13689.4,586.0,Sí,Pagado,2011-04-27
103749,Cliente 3749,2030-04-07,44287.05,5.67,12,863.03,696.0,Sí,Activo,1979-06-27
103750,Cliente 3750,2030-04-08,44830.36,16.61,24,6999.46,808.0,No,Pagado,2011-08-03
103751,Cliente 3751,2030-04-09,45504.18,7.72,24,9356.33,543.0,Sí,En Mora,1969-05-18
103752,Cliente 3752,2030-04-10,16036.96,8.91,60,5119.16,520.0,No,Activo,1981-04-08
103753,Cliente 3753,2030-04-11,34707.26,7.23,24,11699.91,455.0,Sí,Pagado,1955-09-16
103754,Cliente 3754,2030-04-12,13945.84,24.09,60,14586.42,682.0,Sí,Activo,1976-06-11
103755,Cliente 3755,2030-04-13,9935.19,21.87,36,14179.7,619.0,Sí,Pagado,1958-05-29
103756,Cliente 3756,2030-04-14,9639.31,8.46,36,4356.75,672.0,Sí,Pagado,1977-10-05
103757,Cliente 3757,2030-04-15,17434.33,10.54,24,3781.91,830.0,No,Activo,1962-02-28
103758,###Cliente??,2030-04-16,21782.9,8.01,36,14383.61,514.0,Sí,Pagado,1978-03-07
103759,Cliente 3759,2030-04-17,41631.98,14.08,48,7150.11,666.0,No,Activo,1985-03-13
103760,Cliente 3760,2030-04-18,6434.61,3.92,48,3520.32,413.0,No,Activo,2005-05-18
103761,Cliente 3761,2030-04-19,36878.83,17.93,48,10751.46,499.0,Sí,Pagado,2010-04-21
103762,Cliente 3762,2030-04-20,26807.02,14.75,36,4624.09,324.0,No,Pagado,1969-07-04
103763,Cliente 3763,2030-04-21,14753.29,22.82,48,4375.08,420.0,Sí,Pagado,2010-08-25
103764,Cliente 3764,2030-04-22,24894.57,7.03,60,13249.11,302.0,Sí,Activo,2010-11-04
103765,Cliente 3765,2030-04-23,15347.13,20.79,12,,744.0,No,Pagado,2002-10-04
103766,Cliente 3766,2030-04-24,30006.06,20.53,24,1433.7,553.0,Sí,Pagado,1956-08-03
103767,Cliente 3767,2030-04-25,21975.27,6.23,60,4403.2,319.0,No,Activo,1966-07-04
103768,Cliente 3768,2030-04-26,8638.07,12.07,48,9300.71,503.0,No,En Mora,1968-01-16
103769,Cliente 3769,2030-04-27,6270.86,7.16,12,2284.77,656.0,No,Pagado,1983-09-07
103770,Cliente 3770,2030-04-28,27561.44,8.98,24,7338.12,427.0,No,Activo,1976-01-05
103771,Cliente 3771,2030-04-29,45169.45,9.16,60,9596.39,657.0,Sí,Pagado,1971-09-17
103772,Cliente 3772,2030-04-30,17525.91,15.46,24,12806.69,591.0,Sí,En Mora,2001-01-23
103773,Cliente 3773,2030-05-01,36783.51,12.35,36,3833.11,473.0,Sí,Pagado,2008-07-05
103774,Cliente 3774,2030-05-02,33103.74,23.88,48,12351.52,654.0,No,Activo,1976-05-01
103775,Cliente 3775,2030-05-03,46611.97,6.22,60,3906.14,336.0,Sí,Pagado,2011-08-07
103776,Cliente 3776,2030-05-04,41138.56,24.43,60,10313.11,609.0,No,Pagado,1956-04-28
103777,Cliente 3777,2030-05-05,28546.96,8.46,12,6744.77,383.0,No,Pagado,1981-04-12
103778,Cliente 3778,2030-05-06,33023.01,20.12,12,2162.88,809.0,Sí,Activo,1955-10-22
103779,Cliente 3779,2030-05-07,44970.13,10.79,12,10856.82,743.0,Sí,Pagado,1982-03-24
103780,Cliente 3780,2030-05-08,20276.18,6.58,24,3657.56,719.0,Sí,Pagado,1995-10-06
103781,Cliente 3781,2030-05-09,16676.34,21.94,48,3061.04,504.0,No,En Mora,1992-03-20
103782,Cliente 3782,2030-05-10,1035.15,10.14,24,5695.68,787.0,No,Pagado,1987-02-26
103783,Cliente 3783,2030-05-11,41414.28,17.67,48,9972.71,387.0,Sí,Activo,1955-09-03
103784,Cliente 3784,2030-05-12,40148.54,15.68,60,3892.95,551.0,No,Activo,1957-08-30
103785,Cliente 3785,2030-05-13,5670.5,13.64,24,3163.09,330.0,Sí,Pagado,2005-06-22
103786,Cliente 3786,2030-05-14,29054.44,14.16,24,644.33,720.0,Sí,En Mora,2001-05-09
103787,Cliente 3787,2030-05-15,23467.09,19.24,24,7338.82,360.0,Sí,Pagado,1991-08-31
103788,Cliente 3788,2030-05-16,6376.1,5.39,36,6715.36,525.0,Sí,En Mora,1985-08-05
103789,Cliente 3789,2030-05-17,49038.13,17.87,48,3891.08,634.0,Sí,Activo,1978-09-30
103790,Cliente 3790,2030-05-18,11127.45,22.76,48,1277.96,410.0,No,En Mora,2005-04-13
103791,Cliente 3791,2030-05-19,3828.09,4.74,24,6724.21,790.0,No,Pagado,1967-01-25
103792,Cliente 3792,2030-05-20,29944.95,6.52,36,11928.97,571.0,Sí,Pagado,1994-04-20
103793,Cliente 3793,2030-05-21,37073.9,18.91,24,10871.59,333.0,No,Activo,1961-12-12
103794,Cliente 3794,2030-05-22,2105.95,12.9,48,12981.53,511.0,Sí,Activo,1978-07-01
103795,Cliente 3795,2030-05-23,33106.52,12.18,60,638.95,599.0,No,Pagado,1966-01-29
103796,Cliente 3796,2030-05-24,26848.45,6.44,36,14513.08,672.0,Sí,Pagado,2006-02-18
103797,Cliente 3797,2030-05-25,5611.62,14.4,36,5450.48,424.0,Sí,Activo,1958-12-08
103798,Cliente 3798,2030-05-26,9039.93,6.22,24,14860.77,402.0,Sí,En Mora,1998-07-03
103799,Cliente 3799,2030-05-27,28614.73,13.75,60,4162.98,419.0,No,En Mora,1982-03-23
103800,Cliente 3800,2030-05-28,15169.7,19.92,48,7337.28,846.0,Sí,Activo,2007-05-24
103801,Cliente 3801,2030-05-29,46946.63,9.05,12,5631.95,630.0,Sí,Pagado,1994-10-23
103802,Cliente 3802,2030-05-30,41027.64,13.84,48,5658.53,608.0,Sí,En Mora,1962-06-11
103803,Cliente 3803,2030-05-31,49186.58,24.83,48,12713.09,711.0,Sí,Activo,1957-11-20
103804,Cliente 3804,2030-06-01,13353.71,18.26,60,11323.07,698.0,Sí,Pagado,1985-08-02
103805,Cliente 3805,2030-06-02,48501.32,21.59,36,14886.2,605.0,Sí,Activo,1967-08-28
103806,Cliente 3806,2030-06-03,21846.08,12.42,48,9395.96,462.0,Sí,En Mora,2003-08-28
103807,Cliente 3807,2030-06-04,17702.18,20.01,36,7217.22,364.0,Sí,Activo,1964-11-13
103808,Cliente 3808,2030-06-05,2992.3,4.37,60,1806.07,515.0,Sí,Pagado,1957-03-29
103809,Cliente 3809,2030-06-06,3111.88,6.14,60,14950.14,325.0,Sí,Activo,1970-12-23
103810,Cliente 3810,2030-06-07,34754.56,7.87,24,8497.19,343.0,Sí,Pagado,1964-07-22
103811,Cliente 3811,2030-06-08,23167.49,12.14,12,10656.92,389.0,Sí,En Mora,1976-07-16
103812,Cliente 3812,2030-06-09,11712.82,21.68,60,6397.76,432.0,Sí,Pagado,1977-12-31
103813,Cliente 3813,2030-06-10,30891.53,10.94,60,8441.88,460.0,Sí,Activo,1960-12-13
103814,Cliente 3814,2030-06-11,13016.48,17.57,36,14167.38,679.0,Sí,Pagado,1978-07-16
103815,Cliente 3815,2030-06-12,29092.77,18.75,60,2913.08,560.0,Sí,Activo,2005-10-17
103816,Cliente 3816,2030-06-13,18280.83,16.1,48,4739.4,682.0,Sí,En Mora,2008-04-23
103817,Cliente 3817,2030-06-14,41265.84,11.18,24,2704.87,668.0,Sí,Activo,1971-07-02
103818,Cliente 3818,2030-06-15,41124.46,15.91,24,11987.13,410.0,Sí,Pagado,2005-08-28
103819,Cliente 3819,2030-06-16,24128.84,10.86,48,1399.66,376.0,Sí,Pagado,1968-05-19
103820,Cliente 3820,2030-06-17,17865.55,5.3,60,1683.66,508.0,Sí,En Mora,1979-02-22
103821,Cliente 3821,2030-06-18,18446.71,24.85,12,4828.16,312.0,Sí,En Mora,1981-11-13
103822,Cliente 3822,2030-06-19,40382.87,6.23,60,7955.73,847.0,Sí,Pagado,1991-10-18
103823,Cliente 3823,2030-06-20,16744.88,5.06,24,6390.98,324.0,Sí,Activo,1997-01-09
103824,Cliente 3824,2030-06-21,10848.44,22.39,12,1149.84,845.0,No,Pagado,1970-10-10
103825,Cliente 3825,2030-06-22,4692.07,9.99,36,14383.63,439.0,Sí,Activo,2009-09-26
103826,Cliente 3826,2030-06-23,23601.31,17.48,36,14316.61,574.0,Sí,Pagado,1966-07-01
103827,Cliente 3827,2030-06-24,24365.54,10.57,60,4550.67,669.0,Sí,Pagado,1980-02-25
103828,Cliente 3828,2030-06-25,42124.98,11.92,60,11107.12,521.0,Sí,Activo,1996-11-01
103829,Cliente 3829,2030-06-26,11451.32,9.14,12,8889.34,336.0,Sí,En Mora,1970-04-15
103830,Cliente 3830,2030-06-27,19359.07,10.88,12,3943.41,428.0,Sí,Activo,1978-02-25
103831,Cliente 3831,2030-06-28,40516.08,12.33,60,4301.49,615.0,No,Pagado,2000-11-19
103832,Cliente 3832,2030-06-29,41269.37,18.99,24,7621.72,622.0,No,Pagado,2001-05-15
103833,Cliente 3833,2030-06-30,19538.25,14.5,36,6578.94,732.0,Sí,En Mora,1998-10-15
103834,Cliente 3834,2030-07-01,23226.64,23.79,12,4722.83,517.0,Sí,Pagado,1958-09-22
103835,Cliente 3835,2030-07-02,15512.65,4.4,24,12208.92,547.0,Sí,Pagado,1982-08-02
103836,Cliente 3836,2030-07-03,46661.47,14.32,60,7481.21,410.0,Sí,Pagado,1976-08-30
103837,Cliente 3837,2030-07-04,6372.87,16.06,48,9995.3,446.0,Sí,Pagado,2001-01-05
103838,Cliente 3838,2030-07-05,46720.6,23.28,12,3244.47,643.0,Sí,Pagado,1983-01-24
103839,Cliente 3839,2030-07-06,34351.39,4.56,48,8235.86,808.0,Sí,Activo,1973-07-08
103840,Cliente 3840,2030-07-07,26812.82,15.83,24,5110.65,804.0,Sí,En Mora,2000-02-08
103841,Cliente 3841,2030-07-08,2116.62,21.85,36,8133.0,433.0,Sí,Activo,1973-07-21
103842,Cliente 3842,2030-07-09,24042.01,8.7,24,11821.97,763.0,Sí,Pagado,1974-03-15
103843,Cliente 3843,2030-07-10,20683.53,22.34,36,11649.24,490.0,No,Activo,1997-12-30
103844,Cliente 3844,2030-07-11,8480.33,3.91,24,5636.2,462.0,No,Pagado,2009-05-29
103845,Cliente 3845,2030-07-12,32992.28,19.25,12,10567.02,755.0,No,Pagado,1967-11-26
103846,Cliente 3846,2030-07-13,48571.97,23.56,12,14148.7,360.0,Sí,Pagado,2009-08-05
103847,Cliente 3847,2030-07-14,28328.35,17.63,48,9572.21,304.0,Sí,En Mora,1995-12-18
103848,Cliente 3848,2030-07-15,35880.29,12.94,24,2651.95,336.0,Sí,Activo,1993-07-29
103849,Cliente 3849,2030-07-16,3888.3,4.46,24,10355.78,759.0,Sí,Pagado,1972-04-08
103850,Cliente 3850,2030-07-17,21174.52,23.28,48,2021.11,516.0,Sí,Activo,1997-02-19
103851,Cliente 3851,2030-07-18,6259.75,13.61,60,13145.6,438.0,Sí,Activo,1974-10-03
103852,Cliente 3852,2030-07-19,30833.39,4.12,24,7991.58,398.0,Sí,Pagado,1988-03-08
103853,Cliente 3853,2030-07-20,46954.87,18.33,24,6084.54,563.0,Sí,Pagado,1995-11-04
103854,Cliente 3854,2030-07-21,33258.0,13.86,24,1326.6,523.0,Sí,Activo,1971-09-06
103855,Cliente 3855,2030-07-22,4301.75,6.17,60,6021.36,310.0,Sí,Pagado,1987-08-20
103856,Cliente 3856,2030-07-23,18055.98,8.11,12,13596.5,626.0,Sí,Activo,1984-03-28
103857,Cliente 3857,2030-07-24,27757.84,4.89,48,804.25,649.0,No,Activo,1989-12-31
103858,Cliente 3858,2030-07-25,20458.78,15.85,60,7382.4,678.0,Sí,Activo,1961-05-19
103859,Cliente 3859,2030-07-26,41765.38,16.87,36,14001.79,530.0,Sí,Activo,1974-08-29
103860,Cliente 3860,2030-07-27,40826.21,14.37,36,6225.19,440.0,Sí,Activo,2001-12-17
103861,Cliente 3861,2030-07-28,30785.64,21.07,60,6708.55,348.0,No,Activo,1968-07-30
103862,Cliente 3862,2030-07-29,18986.17,22.01,60,8889.12,750.0,Sí,En Mora,1982-12-05
103863,Cliente 3863,2030-07-30,13139.15,16.74,12,7212.59,790.0,Sí,Pagado,2003-05-10
103864,Cliente 3864,2030-07-31,5740.78,3.77,36,2944.72,504.0,Sí,Activo,1963-10-22
103865,Cliente 3865,2030-08-01,18067.44,18.45,48,769.06,708.0,No,Activo,1961-07-26
103866,Cliente 3866,2030-08-02,20952.04,12.49,24,9342.27,706.0,Sí,En Mora,1975-04-08
103867,Cliente 3867,2030-08-03,33953.23,15.66,24,13851.7,350.0,Sí,En Mora,1999-08-18
103868,Cliente 3868,2030-08-04,33078.91,17.46,12,2042.28,474.0,Sí,En Mora,1990-07-18
103869,Cliente 3869,2030-08-05,3970.35,11.03,12,3558.81,560.0,No,Activo,1983-02-12
103870,Cliente 3870,2030-08-06,20065.34,23.22,36,5868.33,779.0,Sí,Pagado,1972-11-15
103871,Cliente 3871,2030-08-07,9498.05,6.38,48,12226.76,522.0,Sí,Activo,1974-11-17
103872,Cliente 3872,2030-08-08,8262.23,17.94,48,4404.27,568.0,Sí,Activo,1981-05-05
103873,Cliente 3873,2030-08-09,41451.46,3.59,60,13289.79,617.0,Sí,Pagado,1993-11-14
103874,Cliente 3874,2030-08-10,2574.8,23.38,12,1296.89,684.0,Sí,Activo,1989-02-03
103875,Cliente 3875,2030-08-11,21249.55,5.92,24,14143.87,518.0,Sí,Activo,1993-07-30
103876,Cliente 3876,2030-08-12,8826.08,5.54,24,8630.83,353.0,No,Activo,1966-11-23
103877,Cliente 3877,2030-08-13,44026.85,10.66,36,10052.28,499.0,Sí,En Mora,1987-05-19
103878,Cliente 3878,2030-08-14,28073.51,11.53,24,5831.5,638.0,Sí,Pagado,1971-11-29
103879,Cliente 3879,2030-08-15,11953.34,8.11,48,11838.92,604.0,Sí,Activo,1986-09-29
103880,Cliente 3880,2030-08-16,25370.15,16.08,48,2915.21,544.0,Sí,Pagado,1985-12-02
103881,Cliente 3881,2030-08-17,36708.57,13.02,12,1209.22,507.0,Sí,Pagado,1986-12-09
103882,Cliente 3882,2030-08-18,47926.84,4.23,36,6235.0,810.0,Sí,Activo,1991-04-11
103883,Cliente 3883,2030-08-19,11412.08,10.37,24,12878.59,558.0,Sí,Activo,1984-06-28
103884,Cliente 3884,2030-08-20,44366.0,20.92,12,11446.44,679.0,Sí,Pagado,1974-07-08
103885,Cliente 3885,2030-08-21,46748.05,18.33,60,7998.76,462.0,No,Pagado,1963-09-17
103886,Cliente 3886,2030-08-22,45862.82,19.08,60,8796.0,640.0,No,Activo,2005-01-16
103887,Cliente 3887,2030-08-23,31953.01,18.51,24,2383.45,829.0,Sí,Activo,2000-09-13
103888,Cliente 3888,2030-08-24,31676.12,10.19,24,12689.88,333.0,Sí,En Mora,1989-01-13
103889,Cliente 3889,2030-08-25,20458.93,5.64,24,11910.92,622.0,No,Pagado,1961-03-03
103890,Cliente 3890,2030-08-26,37743.7,9.36,48,10018.82,480.0,Sí,Activo,1964-10-30
103891,Cliente 3891,2030-08-27,26799.05,21.38,24,7259.77,646.0,Sí,Pagado,1984-02-29
103892,Cliente 3892,2030-08-28,34033.18,24.58,60,14484.66,491.0,Sí,Pagado,1977-02-12
103893,Cliente 3893,2030-08-29,21708.67,14.12,24,13245.96,545.0,Sí,En Mora,2005-08-11
103894,Cliente 3894,2030-08-30,36709.07,3.71,36,9844.24,544.0,No,En Mora,2010-04-27
103895,Cliente 3895,2030-08-31,41311.34,6.51,60,5891.11,432.0,No,En Mora,1984-04-11
103896,Cliente 3896,2030-09-01,7748.59,10.42,36,9461.32,496.0,Sí,Activo,1999-10-14
103897,Cliente 3897,2030-09-02,41730.02,15.94,60,8843.89,646.0,Sí,En Mora,1975-12-19
103898,Cliente 3898,2030-09-03,27244.68,5.11,12,6216.51,348.0,Sí,Activo,2011-12-01
103899,Cliente 3899,2030-09-04,42310.96,23.78,60,4946.77,363.0,Sí,Activo,1990-10-17
103900,Cliente 3900,2030-09-05,21849.43,11.35,60,6401.66,403.0,Sí,Activo,1976-10-17
103901,Cliente 3901,2030-09-06,19262.5,23.12,36,8821.72,512.0,No,Pagado,1980-08-11
103902,Cliente 3902,2030-09-07,45795.51,20.28,36,6707.96,816.0,Sí,Activo,1993-01-20
103903,Cliente 3903,2030-09-08,12932.88,19.74,60,4321.83,418.0,Sí,Activo,2005-02-04
103904,Cliente 3904,2030-09-09,42288.51,16.54,60,11533.97,541.0,Sí,Pagado,1997-07-31
103905,Cliente 3905,2030-09-10,24459.02,16.98,48,8206.28,579.0,No,En Mora,1966-05-11
103906,Cliente 3906,2030-09-11,25947.72,17.22,12,1481.29,723.0,Sí,Pagado,2010-01-05
103907,Cliente 3907,2030-09-12,15769.18,17.02,12,5840.59,662.0,Sí,Pagado,1966-06-03
103908,Cliente 3908,2030-09-13,28865.59,15.41,24,13331.25,605.0,Sí,En Mora,1963-06-19
103909,Cliente 3909,2030-09-14,16597.95,24.71,60,11450.93,785.0,No,Pagado,1982-10-04
103910,Cliente 3910,2030-09-15,2443.84,19.24,60,5187.08,613.0,Sí,Pagado,1978-06-03
103911,Cliente 3911,2030-09-16,13963.93,20.2,60,14103.66,812.0,No,En Mora,1995-05-23
103912,Cliente 3912,2030-09-17,815.76,22.26,60,1610.74,466.0,Sí,Activo,1999-09-22
103913,Cliente 3913,2030-09-18,48928.56,8.14,12,14437.9,693.0,Sí,Activo,1979-07-17
103914,Cliente 3914,2030-09-19,48304.49,5.3,36,4062.72,362.0,No,Activo,1965-08-11
103915,Cliente 3915,2030-09-20,20060.19,13.88,48,631.87,571.0,No,En Mora,1984-08-24
103916,Cliente 3916,2030-09-21,36554.36,14.55,36,6790.22,336.0,Sí,En Mora,1972-05-28
103917,Cliente 3917,2030-09-22,17617.4,21.33,36,5705.07,315.0,Sí,Activo,1979-11-13
103918,Cliente 3918,2030-09-23,33719.11,13.04,12,8316.79,642.0,No,Activo,2010-05-05
103919,Cliente 3919,2030-09-24,40368.79,15.77,48,12053.21,645.0,Sí,Pagado,1986-05-17
103920,Cliente 3920,2030-09-25,47364.43,14.83,60,12715.25,838.0,Sí,Pagado,1995-06-21
103921,Cliente 3921,2030-09-26,20310.51,4.32,12,6317.83,532.0,Sí,Activo,1988-07-14
103922,Cliente 3922,2030-09-27,39273.25,16.73,12,6732.76,715.0,Sí,Pagado,2003-05-31
103923,Cliente 3923,2030-09-28,13663.46,21.3,48,2648.58,566.0,No,Pagado,1996-06-24
103924,Cliente 3924,2030-09-29,,6.89,24,1189.44,625.0,Sí,En Mora,1982-05-20
103925,Cliente 3925,2030-09-30,1775.6,16.28,12,9797.62,742.0,Sí,Activo,1979-05-03
103926,Cliente 3926,2030-10-01,30374.68,16.26,36,1434.35,375.0,Sí,Pagado,1962-07-03
103927,Cliente 3927,2030-10-02,33145.55,7.03,36,11140.54,546.0,No,Activo,1995-08-14
103928,Cliente 3928,2030-10-03,34558.26,6.15,60,8316.81,612.0,No,Pagado,1972-04-14
103929,Cliente 3929,2030-10-04,6459.19,24.57,12,3379.45,642.0,No,En Mora,1972-03-15
103930,Cliente 3930,2030-10-05,46957.22,11.96,60,8323.08,481.0,Sí,En Mora,2012-06-26
103931,Cliente 3931,2030-10-06,9468.57,8.39,12,3153.47,698.0,Sí,Pagado,1972-04-14
103932,Cliente 3932,2030-10-07,31326.29,7.18,48,6861.69,540.0,No,Activo,2008-09-30
103933,Cliente 3933,2030-10-08,11522.47,17.85,12,12093.62,591.0,No,Activo,1979-12-30
103934,Cliente 3934,2030-10-09,15707.21,16.6,24,7197.83,353.0,No,Pagado,1998-03-26
103935,Cliente 3935,2030-10-10,27549.7,17.34,36,2656.14,444.0,Sí,Pagado,1959-06-01
103936,Cliente 3936,2030-10-11,21151.07,5.39,48,10995.52,655.0,Sí,Pagado,1993-10-20
103937,Cliente 3937,2030-10-12,8431.17,22.71,36,3208.14,776.0,No,Activo,1990-03-25
103938,Cliente 3938,2030-10-13,8961.35,11.87,60,11208.97,321.0,Sí,Pagado,1964-11-25
103939,Cliente 3939,2030-10-14,21198.17,10.24,48,7450.61,630.0,Sí,Pagado,1978-08-21
103940,Cliente 3940,2030-10-15,37985.51,13.44,24,7079.26,591.0,Sí,En Mora,1986-07-30
103941,Cliente 3941,2030-10-16,44949.25,11.89,36,12845.81,535.0,Sí,Pagado,1990-09-13
103942,Cliente 3942,2030-10-17,4664.32,22.07,12,10774.75,328.0,No,Pagado,1984-11-15
103943,Cliente 3943,2030-10-18,19958.64,23.48,12,977.21,459.0,Sí,En Mora,1989-09-30
103944,Cliente 3944,2030-10-19,5462.16,10.02,12,4794.53,829.0,No,Pagado,1957-08-09
103945,Cliente 3945,2030-10-20,1321.33,22.07,48,13128.35,849.0,Sí,Activo,1995-01-30
103946,Cliente 3946,2030-10-21,33255.07,20.3,24,765.73,400.0,No,Activo,1989-10-17
103947,Cliente 3947,2030-10-22,30321.25,23.51,24,8406.17,589.0,Sí,En Mora,1966-11-18
103948,Cliente 3948,2030-10-23,8569.45,8.78,24,11053.47,676.0,No,En Mora,1990-02-10
103949,Cliente 3949,2030-10-24,12073.74,15.9,36,9516.91,472.0,Sí,Activo,1974-12-02
103950,Cliente 3950,2030-10-25,1673.53,9.4,48,11527.72,642.0,Sí,Activo,2001-03-02
103951,Cliente 3951,2030-10-26,41829.89,21.22,12,11022.53,490.0,Sí,Pagado,1994-04-01
103952,Cliente 3952,2030-10-27,48747.18,3.61,36,10534.45,738.0,No,Pagado,1968-04-04
103953,Cliente 3953,2030-10-28,7205.25,15.64,24,12412.33,642.0,Sí,Activo,2010-08-14
103954,Cliente 3954,2030-10-29,11958.02,10.79,12,9862.51,424.0,Sí,Pagado,1979-05-26
103955,Cliente 3955,2030-10-30,43486.27,10.44,48,6335.07,659.0,Sí,En Mora,1962-07-22
103956,Cliente 3956,2030-10-31,46359.96,17.37,60,7342.68,802.0,Sí,Activo,1968-08-03
103957,Cliente 3957,2030-11-01,21271.56,21.81,24,10892.51,472.0,No,Pagado,2002-02-11
103958,Cliente 3958,2030-11-02,3005.81,16.6,24,13206.44,693.0,Sí,Activo,1999-08-20
103959,Cliente 3959,2030-11-03,2449.9,21.84,24,4447.17,760.0,Sí,Activo,1994-11-22
103960,Cliente 3960,2030-11-04,28910.52,9.19,24,5460.11,419.0,Sí,Pagado,1965-02-10
103961,Cliente 3961,2030-11-05,19948.31,14.67,12,13995.72,572.0,Sí,Activo,2000-06-25
103962,Cliente 3962,2030-11-06,1918.3,13.19,48,8888.42,657.0,Sí,Pagado,2012-06-11
103963,Cliente 3963,2030-11-07,29370.99,3.75,36,3094.95,685.0,Sí,Activo,2000-02-29
103964,Cliente 3964,2030-11-08,1059.48,15.47,12,10123.58,618.0,Sí,Activo,1979-04-25
103965,Cliente 3965,2030-11-09,39474.91,17.72,48,14866.05,560.0,Sí,En Mora,1980-08-25
103966,Cliente 3966,2030-11-10,15668.42,16.23,36,12440.08,580.0,No,Pagado,2003-01-29
103967,Cliente 3967,2030-11-11,2492.77,19.33,24,11313.25,628.0,Sí,Pagado,1984-03-23
103968,Cliente 3968,2030-11-12,29623.43,15.78,48,3516.68,423.0,Sí,Activo,1989-03-03
103969,Cliente 3969,2030-11-13,20185.38,4.94,24,13204.03,775.0,Sí,En Mora,1971-05-16
103970,Cliente 3970,2030-11-14,48703.12,6.0,48,8123.94,577.0,Sí,En Mora,1958-03-22
103971,Cliente 3971,2030-11-15,27437.83,16.32,60,13394.71,392.0,Sí,Activo,2009-12-06
103972,Cliente 3972,2030-11-16,14124.34,9.41,24,5282.5,846.0,Sí,En Mora,1970-11-03
103973,Cliente 3973,2030-11-17,35617.22,5.21,24,1399.74,427.0,No,Pagado,1996-09-02
103974,Cliente 3974,2030-11-18,13938.85,12.74,24,7401.65,831.0,No,Activo,1971-08-14
103975,Cliente 3975,2030-11-19,45260.04,15.42,12,4412.65,466.0,No,Activo,1977-02-20
103976,Cliente 3976,2030-11-20,19048.74,10.57,36,10870.82,535.0,Sí,Pagado,2005-06-07
103977,Cliente 3977,2030-11-21,27718.49,18.99,24,14378.05,331.0,Sí,En Mora,2002-06-27
103978,Cliente 3978,2030-11-22,3003.37,17.34,24,10519.13,530.0,No,Activo,1976-10-06
103979,Cliente 3979,2030-11-23,21593.0,10.66,12,13360.54,490.0,Sí,Pagado,1984-09-11
103980,Cliente 3980,2030-11-24,41702.0,19.73,12,7068.85,807.0,Sí,Pagado,1959-07-02
103981,Cliente 3981,2030-11-25,40379.62,17.45,60,11688.79,756.0,Sí,En Mora,1957-04-29
103982,Cliente 3982,2030-11-26,11603.77,17.21,48,12724.13,554.0,Sí,Pagado,1958-12-23
103983,Cliente 3983,2030-11-27,11690.91,15.4,24,10807.7,578.0,Sí,En Mora,1987-07-29
103984,Cliente 3984,2030-11-28,40956.61,3.74,48,7862.77,355.0,No,Activo,1958-04-02
103985,Cliente 3985,2030-11-29,46554.72,18.47,12,9575.06,405.0,Sí,Pagado,1964-09-12
103986,Cliente 3986,2030-11-30,5220.37,11.58,12,10657.35,491.0,Sí,Activo,1969-06-11
103987,Cliente 3987,2030-12-01,22777.9,23.77,60,4169.72,577.0,Sí,Pagado,2008-02-20
103988,Cliente 3988,2030-12-02,17203.99,21.09,36,12238.9,843.0,Sí,Pagado,2009-02-07
103989,Cliente 3989,2030-12-03,43599.08,16.14,12,14279.71,474.0,Sí,Pagado,1992-08-13
103990,Cliente 3990,2030-12-04,4634.48,8.92,24,7245.97,384.0,Sí,Activo,1990-08-08
103991,Cliente 3991,2030-12-05,10950.73,7.88,60,10665.47,515.0,Sí,Pagado,1984-11-13
103992,Cliente 3992,2030-12-06,37747.18,10.82,36,11186.88,313.0,Sí,Pagado,1974-02-06
103993,Cliente 3993,2030-12-07,3039.05,13.75,60,10102.59,336.0,Sí,Activo,2009-07-04
103994,Cliente 3994,2030-12-08,24880.5,9.87,12,8433.17,326.0,Sí,Activo,2012-06-24
103995,Cliente 3995,2030-12-09,22384.3,14.57,36,13283.9,369.0,Sí,Pagado,1963-09-07
103996,Cliente 3996,2030-12-10,17052.86,7.06,48,7009.44,453.0,Sí,Pagado,1990-08-05
103997,Cliente 3997,2030-12-11,20031.33,24.52,36,1385.99,737.0,Sí,Activo,2001-08-24
103998,Cliente 3998,2030-12-12,26732.06,5.82,24,12746.07,570.0,Sí,Activo,1990-02-17
103999,Cliente 3999,2030-12-13,8487.68,23.54,48,10272.73,840.0,Sí,Activo,1988-11-27
104000,Cliente 4000,2030-12-14,28813.8,23.14,48,12814.25,373.0,Sí,Pagado,1987-09-28
104001,Cliente 4001,2030-12-15,40368.9,14.8,24,2508.94,448.0,Sí,Pagado,1983-05-01
104002,Cliente 4002,2030-12-16,38127.97,19.09,48,945.92,805.0,No,Activo,2008-09-17
104003,Cliente 4003,2030-12-17,8118.05,12.88,12,14048.43,309.0,Sí,En Mora,1995-10-26
104004,Cliente 4004,2030-12-18,7887.85,17.05,36,2642.06,801.0,Sí,Activo,1985-12-05
104005,Cliente 4005,2030-12-19,13774.63,10.82,36,12239.96,361.0,No,Activo,1969-07-29
104006,Cliente 4006,2030-12-20,18373.2,9.97,24,12436.54,687.0,Sí,En Mora,1969-04-08
104007,Cliente 4007,2030-12-21,20718.55,-15.93,12,10776.23,531.0,Sí,Pagado,1960-04-23
104008,Cliente 4008,2030-12-22,34145.01,14.21,48,2403.3,827.0,Sí,En Mora,1986-10-20
104009,Cliente 4009,2030-12-23,3305.68,15.96,36,10177.28,849.0,Sí,Pagado,2001-05-09
104010,Cliente 4010,2030-12-24,2216.3,9.66,36,13391.76,744.0,Sí,En Mora,1983-01-08
104011,Cliente 4011,2030-12-25,19899.57,11.39,36,6670.21,620.0,No,Activo,1996-10-11
104012,Cliente 4012,2030-12-26,35009.6,5.3,36,6495.99,382.0,Sí,En Mora,1981-11-28
104013,Cliente 4013,2030-12-27,10075.05,4.62,60,6921.45,733.0,Sí,Pagado,2002-10-11
104014,Cliente 4014,2030-12-28,32254.47,8.95,24,1692.94,316.0,Sí,En Mora,1980-01-17
104015,Cliente 4015,2030-12-29,13361.49,5.1,48,13434.37,668.0,Sí,Pagado,2003-09-18
104016,Cliente 4016,2030-12-30,44361.26,5.73,48,13103.15,554.0,Sí,Pagado,1997-02-11
104017,Cliente 4017,2030-12-31,44836.65,20.98,9999,14969.69,755.0,Sí,Activo,1987-07-25
104018,Cliente 4018,2031-01-01,15215.72,4.34,12,8985.16,832.0,Sí,Activo,1983-02-20
104019,Cliente 4019,2031-01-02,11884.69,17.67,24,11392.28,691.0,Sí,En Mora,1992-07-15
104020,Cliente 4020,2031-01-03,20859.55,9.36,36,3438.74,619.0,Sí,En Mora,2008-06-05
104021,Cliente 4021,2031-01-04,12406.31,22.24,36,10179.17,519.0,Sí,Pagado,1981-07-19
104022,Cliente 4022,2031-01-05,33783.0,13.93,24,9921.13,713.0,No,Pagado,1993-10-17
104023,Cliente 4023,2031-01-06,41390.2,10.07,24,13567.53,331.0,Sí,Pagado,1990-07-16
104024,Cliente 4024,2031-01-07,33818.06,14.63,48,12546.49,315.0,Sí,Activo,1974-09-30
104025,Cliente 4025,2031-01-08,41305.35,11.71,48,14107.76,708.0,No,Activo,2006-07-15
104026,Cliente 4026,2031-01-09,20151.11,15.63,60,13098.09,472.0,No,Activo,1988-01-06
104027,Cliente 4027,2031-01-10,8237.69,5.96,60,13096.06,478.0,No,Activo,1975-05-07
104028,Cliente 4028,2031-01-11,37028.57,24.94,36,1423.99,796.0,Sí,En Mora,1967-01-12
104029,Cliente 4029,2031-01-12,18343.49,12.65,60,12766.45,403.0,No,Pagado,1965-09-17
104030,Cliente 4030,2031-01-13,33727.91,10.99,60,9308.44,616.0,Sí,Pagado,1960-06-25
104031,Cliente 4031,2031-01-14,13896.88,18.77,12,6016.44,480.0,Sí,Activo,1969-12-24
104032,Cliente 4032,2031-01-15,4520.87,11.32,24,1319.46,431.0,No,En Mora,1987-06-25
104033,Cliente 4033,2031-01-16,49632.8,21.42,48,10326.27,454.0,No,Activo,2006-04-15
104034,Cliente 4034,2031-01-17,8231.97,13.27,60,5258.93,658.0,Sí,En Mora,1965-05-04
104035,Cliente 4035,2031-01-18,49426.84,18.97,48,7282.76,534.0,No,Activo,1959-06-15
104036,Cliente 4036,2031-01-19,48875.36,5.81,60,10385.06,464.0,Sí,Pagado,1964-05-29
104037,Cliente 4037,2031-01-20,39794.0,21.69,60,13720.73,726.0,Sí,Pagado,1962-01-15
104038,Cliente 4038,2031-01-21,33141.44,19.32,36,12468.84,787.0,Sí,Activo,1971-07-03
104039,Cliente 4039,2031-01-22,29101.45,8.05,12,7033.66,512.0,No,Pagado,2001-11-03
104040,Cliente 4040,2031-01-23,43372.03,6.62,24,6122.86,456.0,Sí,Activo,2010-06-21
104041,Cliente 4041,2031-01-24,14827.26,10.3,24,3976.81,374.0,No,Pagado,1980-10-25
104042,Cliente 4042,2031-01-25,23650.22,24.49,36,5900.19,734.0,Sí,Activo,1993-06-05
104043,Cliente 4043,2031-01-26,31159.8,9.02,36,2110.17,477.0,No,Pagado,1960-10-22
104044,Cliente 4044,2031-01-27,20853.93,13.31,24,14581.03,611.0,Sí,Pagado,1994-12-22
104045,Cliente 4045,2031-01-28,21660.58,4.15,24,8821.8,426.0,Sí,Activo,1961-02-27
104046,Cliente 4046,2031-01-29,16849.09,12.04,12,2353.18,676.0,No,Pagado,1991-12-30
104047,Cliente 4047,2031-01-30,28429.47,15.78,60,5615.69,644.0,Sí,Pagado,2008-05-07
104048,Cliente 4048,2031-01-31,42603.44,23.99,12,8432.07,524.0,Sí,Activo,1960-12-05
104049,Cliente 4049,2031-02-01,10475.65,14.61,24,8226.84,316.0,Sí,Activo,1979-01-21
104050,Cliente 4050,2031-02-02,46754.44,21.11,60,1014.8,796.0,Sí,Pagado,1995-05-13
104051,Cliente 4051,2031-02-03,34609.84,15.26,24,14287.19,772.0,Sí,Pagado,2012-04-20
104052,Cliente 4052,2031-02-04,41252.02,4.38,12,4492.95,610.0,Sí,Activo,1969-08-27
104053,Cliente 4053,2031-02-05,28031.44,10.27,12,734.68,436.0,Sí,Activo,1994-09-29
104054,Cliente 4054,2031-02-06,39086.08,15.87,12,1608.44,774.0,No,Activo,2007-08-18
104055,Cliente 4055,2031-02-07,1301.92,23.94,60,8912.83,516.0,No,Pagado,1964-11-13
104056,Cliente 4056,2031-02-08,41009.83,21.97,48,2497.89,495.0,No,En Mora,1979-07-29
104057,Cliente 4057,2031-02-09,2486.87,8.41,48,1105.01,500.0,Sí,Pagado,1993-12-18
104058,Cliente 4058,2031-02-10,44550.71,8.23,24,6004.58,665.0,No,Pagado,2008-11-13
104059,Cliente 4059,2031-02-11,49602.16,7.83,60,9530.04,827.0,Sí,Pagado,2002-10-21
104060,Cliente 4060,2031-02-12,15056.34,23.33,36,2121.68,699.0,No,Pagado,2001-12-24
104061,Cliente 4061,2031-02-13,10910.77,21.83,48,5043.25,824.0,Sí,En Mora,1986-11-23
104062,Cliente 4062,2031-02-14,38385.49,20.16,60,6557.53,513.0,Sí,Pagado,1965-11-11
104063,Cliente 4063,2031-02-15,13024.8,11.94,60,2812.17,640.0,Sí,Activo,2000-05-17
104064,Cliente 4064,2031-02-16,43345.34,14.34,48,7838.07,628.0,Sí,Activo,1976-12-26
104065,Cliente 4065,2031-02-17,5590.71,13.48,9999,1735.6,418.0,No,Pagado,2000-08-02
104066,Cliente 4066,2031-02-18,6734.78,8.95,60,1174.52,724.0,No,Activo,1975-12-31
104067,Cliente 4067,2031-02-19,48968.0,14.36,48,8037.61,672.0,Sí,Activo,1960-02-15
104068,Cliente 4068,2031-02-20,33855.03,4.16,12,4094.51,478.0,No,En Mora,1982-03-28
104069,Cliente 4069,2031-02-21,42420.92,6.33,24,1882.92,731.0,Sí,Pagado,2006-05-15
104070,Cliente 4070,2031-02-22,16554.3,22.56,36,6646.73,701.0,Sí,Pagado,1988-01-10
104071,Cliente 4071,2031-02-23,33985.95,19.66,24,13769.54,693.0,Sí,Pagado,1977-06-16
104072,Cliente 4072,2031-02-24,29914.97,12.59,12,11000.79,378.0,Sí,En Mora,1967-02-28
104073,Cliente 4073,2031-02-25,30355.93,14.62,12,12326.43,723.0,Sí,Pagado,1980-07-03
104074,Cliente 4074,2031-02-26,34285.36,11.45,60,13142.75,417.0,Sí,En Mora,1956-03-22
104075,Cliente 4075,2031-02-27,28980.28,19.43,24,14603.1,667.0,Sí,Pagado,1966-03-15
104076,Cliente 4076,2031-02-28,21738.59,20.36,12,11567.08,405.0,Sí,En Mora,1981-06-08
104077,Cliente 4077,2031-03-01,14158.17,19.91,24,9321.91,404.0,No,En Mora,1971-07-22
104078,Cliente 4078,2031-03-02,38544.78,19.04,12,5798.68,602.0,Sí,Pagado,1958-03-06
104079,Cliente 4079,2031-03-03,11700.49,7.9,36,3133.83,447.0,Sí,En Mora,1975-08-15
104080,Cliente 4080,2031-03-04,34771.54,10.77,12,10456.57,449.0,Sí,En Mora,1991-08-16
104081,Cliente 4081,2031-03-05,12049.97,13.6,24,14926.77,555.0,Sí,Activo,1967-09-02
104082,Cliente 4082,2031-03-06,31453.84,10.61,60,7276.7,381.0,No,Activo,1995-01-10
104083,Cliente 4083,2031-03-07,37480.37,19.73,24,10993.35,315.0,Sí,En Mora,1996-06-06
104084,Cliente 4084,2031-03-08,11326.34,10.58,9999,7678.84,492.0,No,Activo,1981-12-14
104085,Cliente 4085,2031-03-09,3467.19,6.47,24,6763.03,373.0,Sí,Activo,1975-02-26
104086,Cliente 4086,2031-03-10,6983.2,12.08,36,6449.43,576.0,No,Pagado,2004-03-06
104087,Cliente 4087,2031-03-11,30496.85,24.57,36,7817.06,360.0,No,Pagado,1987-09-03
104088,Cliente 4088,2031-03-12,42547.6,8.36,36,5819.99,835.0,Sí,Pagado,2011-08-28
104089,Cliente 4089,2031-03-13,2727.34,16.66,12,11357.21,834.0,Sí,Pagado,1991-07-06
104090,Cliente 4090,2031-03-14,36840.49,12.81,36,13176.94,642.0,Sí,En Mora,2007-03-06
104091,Cliente 4091,2031-03-15,17395.27,5.03,24,13301.84,694.0,No,En Mora,2008-10-04
104092,Cliente 4092,2031-03-16,24187.15,13.99,60,3801.63,557.0,Sí,Activo,2001-09-03
104093,Cliente 4093,2031-03-17,46478.55,18.6,36,13490.68,497.0,Sí,Pagado,1976-01-09
104094,Cliente 4094,2031-03-18,16932.59,14.53,24,5452.49,352.0,Sí,En Mora,2012-08-08
104095,Cliente 4095,2031-03-19,23534.18,22.25,12,4984.96,570.0,No,En Mora,2009-09-06
104096,Cliente 4096,2031-03-20,1177.28,-9.71,12,11037.96,500.0,Sí,Activo,1971-08-11
104097,Cliente 4097,2031-03-21,4539.14,5.35,60,4918.1,695.0,No,Pagado,2003-05-11
104098,Cliente 4098,2031-03-22,13300.28,23.64,60,1268.01,677.0,No,Pagado,1973-04-15
104099,Cliente 4099,2031-03-23,1878.69,11.63,24,5917.46,834.0,Sí,Pagado,2012-04-02
104100,Cliente 4100,2031-03-24,31753.08,15.89,60,10961.25,387.0,Sí,En Mora,1991-02-28
104101,Cliente 4101,2031-03-25,21606.72,20.53,60,5240.9,697.0,Sí,Pagado,1976-03-02
104102,Cliente 4102,2031-03-26,27633.19,10.47,12,9628.61,481.0,Sí,Activo,1968-02-18
104103,Cliente 4103,2031-03-27,9145.04,18.9,24,10071.73,582.0,Sí,Pagado,2009-09-18
104104,Cliente 4104,2031-03-28,15148.64,6.41,60,11139.17,832.0,Sí,Pagado,1997-11-12
104105,Cliente 4105,2031-03-29,33359.31,9.76,24,13508.39,489.0,Sí,Pagado,2004-12-19
104106,Cliente 4106,2031-03-30,48282.48,6.61,36,6772.19,504.0,No,Activo,1998-08-21
104107,Cliente 4107,2031-03-31,2995.63,20.94,12,2913.27,343.0,Sí,En Mora,1964-01-26
104108,Cliente 4108,2031-04-01,44574.02,8.29,12,5124.42,599.0,No,Activo,2008-02-12
104109,Cliente 4109,2031-04-02,29055.62,18.92,12,6766.43,578.0,Sí,Pagado,1989-01-10
104110,Cliente 4110,2031-04-03,28414.02,23.78,48,10851.43,684.0,Sí,Pagado,1999-10-08
104111,Cliente 4111,2031-04-04,25263.79,14.85,24,690.27,610.0,Sí,Activo,1992-07-05
104112,Cliente 4112,2031-04-05,3935.01,15.11,36,5078.89,827.0,Sí,Pagado,1995-12-09
104113,Cliente 4113,2031-04-06,4948.9,13.41,60,11807.72,573.0,Sí,Pagado,1990-11-15
104114,Cliente 4114,2031-04-07,30245.14,10.51,36,10227.44,781.0,Sí,Pagado,1987-04-19
104115,Cliente 4115,2031-04-08,17377.45,13.73,24,11110.23,750.0,Sí,Pagado,1997-06-03
104116,Cliente 4116,2031-04-09,45904.77,16.46,12,12271.26,831.0,No,Pagado,1957-12-27
104117,Cliente 4117,2031-04-10,20626.23,-24.7,48,11856.92,830.0,Sí,Pagado,1993-06-24
104118,Cliente 4118,2031-04-11,7592.43,23.66,24,10391.66,824.0,No,En Mora,1960-09-01
104119,Cliente 4119,2031-04-12,35878.58,22.04,24,6875.09,316.0,No,En Mora,1984-06-16
104120,Cliente 4120,2031-04-13,15020.99,22.62,60,14762.18,329.0,Sí,En Mora,1992-10-31
104121,Cliente 4121,2031-04-14,26510.78,13.56,36,8751.56,769.0,Sí,Pagado,2000-12-10
104122,Cliente 4122,2031-04-15,35042.72,17.64,36,3440.15,603.0,Sí,Activo,1987-10-04
104123,Cliente 4123,2031-04-16,45063.07,22.74,60,4745.79,392.0,Sí,Pagado,2006-03-27
104124,Cliente 4124,2031-04-17,39713.46,11.95,48,10556.66,461.0,Sí,Activo,1970-10-14
104125,Cliente 4125,2031-04-18,33979.87,24.18,12,13908.72,627.0,No,En Mora,1977-09-01
104126,Cliente 4126,2031-04-19,34141.84,12.44,12,3091.44,553.0,Sí,En Mora,2005-04-07
104127,Cliente 4127,2031-04-20,47323.27,16.42,48,1694.02,739.0,No,Activo,1964-04-08
104128,Cliente 4128,2031-04-21,15143.29,18.76,60,13282.2,843.0,Sí,Pagado,1975-04-29
104129,Cliente 4129,2031-04-22,555.05,23.94,24,13771.53,419.0,Sí,En Mora,1962-08-27
104130,Cliente 4130,2031-04-23,13961.75,8.76,36,4507.5,813.0,No,En Mora,2000-02-15
104131,Cliente 4131,2031-04-24,11285.62,19.54,24,5970.64,848.0,Sí,En Mora,1989-01-14
104132,Cliente 4132,2031-04-25,33260.81,14.7,36,10072.73,396.0,No,En Mora,1985-11-04
104133,Cliente 4133,2031-04-26,31868.72,9.27,24,5283.99,669.0,Sí,Pagado,1968-09-21
104134,Cliente 4134,2031-04-27,29876.34,20.2,60,13218.8,716.0,No,Pagado,1988-01-21
104135,Cliente 4135,2031-04-28,1304.05,15.37,60,2059.89,556.0,No,Activo,2006-12-21
104136,Cliente 4136,2031-04-29,36574.51,17.71,48,1050.74,427.0,Sí,Pagado,2002-10-24
104137,Cliente 4137,2031-04-30,16514.76,10.44,24,3523.05,658.0,No,Pagado,1969-07-16
104138,Cliente 4138,2031-05-01,33420.27,13.85,24,4648.27,455.0,Sí,Activo,1991-09-05
104139,Cliente 4139,2031-05-02,28050.63,16.77,48,2137.44,356.0,Sí,Pagado,2009-01-22
104140,Cliente 4140,2031-05-03,17465.18,12.21,48,1452.51,375.0,Sí,En Mora,1962-06-02
104141,Cliente 4141,2031-05-04,7161.53,7.77,60,11456.31,457.0,Sí,Activo,1986-12-21
104142,Cliente 4142,2031-05-05,5173.74,24.18,60,2882.01,384.0,Sí,Pagado,1989-10-24
104143,Cliente 4143,2031-05-06,41660.16,14.5,24,13751.87,621.0,No,Activo,1964-01-22
104144,Cliente 4144,2031-05-07,45960.68,19.28,60,5836.0,608.0,Sí,Pagado,2001-07-16
104145,Cliente 4145,2031-05-08,32664.51,12.34,60,10223.78,829.0,No,Pagado,1970-12-22
104146,Cliente 4146,2031-05-09,5619.99,11.14,24,3768.33,583.0,No,Pagado,1974-04-28
104147,Cliente 4147,2031-05-10,20400.35,12.25,48,3984.68,341.0,No,En Mora,1982-05-11
104148,Cliente 4148,2031-05-11,36582.49,12.3,24,8833.28,433.0,No,Activo,1959-05-10
104149,Cliente 4149,2031-05-12,,15.2,12,8629.32,703.0,No,Activo,1960-06-25
104150,Cliente 4150,2031-05-13,6351.82,15.18,24,11646.57,792.0,Sí,Activo,2005-09-07
104151,Cliente 4151,2031-05-14,501.52,14.19,12,11488.29,521.0,Sí,Pagado,1993-12-10
104152,Cliente 4152,2031-05-15,35750.78,6.4,24,10224.97,528.0,Sí,Activo,2007-10-25
104153,Cliente 4153,2031-05-16,18151.51,14.17,12,7012.39,751.0,Sí,Activo,1972-11-30
104154,Cliente 4154,2031-05-17,13096.83,7.14,12,13414.29,605.0,Sí,Pagado,1990-11-25
104155,Cliente 4155,2031-05-18,1138.42,6.21,24,9527.39,418.0,Sí,Activo,1996-11-30
104156,Cliente 4156,2031-05-19,27244.82,23.55,60,14857.88,623.0,Sí,Activo,1994-02-19
104157,Cliente 4157,2031-05-20,42631.96,16.51,36,12380.86,458.0,No,Activo,1960-10-31
104158,Cliente 4158,2031-05-21,47902.77,17.68,60,1142.49,538.0,Sí,Pagado,2013-03-27
104159,Cliente 4159,2031-05-22,28504.38,12.14,12,5148.61,695.0,Sí,Activo,2000-05-02
104160,Cliente 4160,2031-05-23,25965.84,23.04,24,8792.2,619.0,Sí,Pagado,1982-11-12
104161,Cliente 4161,2031-05-24,4710.29,17.22,24,10961.31,488.0,Sí,Activo,1980-05-03
104162,Cliente 4162,2031-05-25,27669.2,20.04,24,8479.88,608.0,Sí,Pagado,1960-01-28
104163,Cliente 4163,2031-05-26,19308.96,11.42,24,11898.89,548.0,Sí,Activo,2012-05-25
104164,Cliente 4164,2031-05-27,30553.2,24.14,36,4598.51,837.0,No,Pagado,1964-05-27
104165,Cliente 4165,2031-05-28,19741.95,21.14,48,3166.72,805.0,Sí,En Mora,1988-06-14
104166,Cliente 4166,2031-05-29,12394.81,21.86,12,1281.79,693.0,Sí,Pagado,2002-06-30
104167,Cliente 4167,2031-05-30,5200.78,7.2,36,8813.05,705.0,Sí,En Mora,1968-07-21
104168,Cliente 4168,2031-05-31,16088.46,9.33,60,10484.69,480.0,No,Activo,1980-02-08
104169,Cliente 4169,2031-06-01,5283.92,9.64,48,5229.17,320.0,Sí,Activo,1983-03-03
104170,Cliente 4170,2031-06-02,9256.4,9.32,48,9396.97,454.0,Sí,Pagado,1962-12-24
104171,Cliente 4171,2031-06-03,49373.14,21.89,24,1256.28,493.0,No,Pagado,1962-11-28
104172,Cliente 4172,2031-06-04,22483.13,4.19,36,1939.75,523.0,Sí,Pagado,1982-07-22
104173,Cliente 4173,2031-06-05,26827.65,5.14,60,10675.44,698.0,Sí,En Mora,1995-07-17
104174,Cliente 4174,2031-06-06,43744.12,9.39,24,5837.01,579.0,Sí,Activo,1972-10-31
104175,Cliente 4175,2031-06-07,49780.66,7.8,24,10234.34,309.0,Sí,Activo,1999-02-03
104176,Cliente 4176,2031-06-08,29344.37,8.48,12,12559.96,675.0,Sí,Pagado,1957-05-23
104177,Cliente 4177,2031-06-09,40717.45,20.66,48,12863.03,771.0,Sí,Pagado,1997-08-23
104178,Cliente 4178,2031-06-10,16683.58,15.61,60,2996.43,451.0,No,Activo,1984-03-19
104179,Cliente 4179,2031-06-11,15634.33,3.62,48,7551.14,423.0,Sí,Pagado,1979-01-25
104180,Cliente 4180,2031-06-12,20433.83,12.73,36,11141.94,723.0,Sí,Pagado,1992-07-20
104181,Cliente 4181,2031-06-13,33789.11,12.27,12,11722.72,822.0,No,Pagado,1959-11-06
104182,Cliente 4182,2031-06-14,34268.49,5.95,24,11877.8,812.0,No,Pagado,1985-08-02
104183,Cliente 4183,2031-06-15,16104.35,18.04,12,3808.43,470.0,No,Pagado,1995-03-08
104184,Cliente 4184,2031-06-16,7093.89,18.6,24,3291.75,424.0,Sí,Activo,1981-10-26
104185,Cliente 4185,2031-06-17,31803.61,19.0,12,9055.18,474.0,Sí,Pagado,1964-11-02
104186,Cliente 4186,2031-06-18,6852.13,19.16,24,11245.74,803.0,No,Activo,1987-06-06
104187,Cliente 4187,2031-06-19,29135.38,3.5,48,5127.52,684.0,Sí,En Mora,1966-04-25
104188,Cliente 4188,2031-06-20,34824.4,24.01,48,2018.22,405.0,Sí,Activo,2006-08-18
104189,Cliente 4189,2031-06-21,35180.27,21.01,48,10892.82,827.0,Sí,Pagado,1985-11-16
104190,Cliente 4190,2031-06-22,37796.87,22.94,48,4845.62,337.0,Sí,Pagado,1981-06-23
104191,Cliente 4191,2031-06-23,43706.54,3.84,12,2912.26,694.0,Sí,Pagado,1999-11-08
104192,Cliente 4192,2031-06-24,25247.97,23.58,24,2641.99,776.0,No,Activo,1990-11-05
104193,Cliente 4193,2031-06-25,36647.33,20.91,48,5066.19,766.0,Sí,Activo,2012-02-23
104194,Cliente 4194,2031-06-26,31149.05,21.5,12,9093.83,804.0,Sí,Activo,2012-03-01
104195,Cliente 4195,2031-06-27,9738.68,5.51,24,5696.83,614.0,Sí,Pagado,2000-10-31
104196,Cliente 4196,2031-06-28,1771.64,19.38,12,799.6,584.0,Sí,En Mora,1977-05-26
104197,Cliente 4197,2031-06-29,14584.8,24.14,48,1905.17,763.0,No,En Mora,1967-07-29
104198,Cliente 4198,2031-06-30,22430.17,18.09,36,4712.3,563.0,No,Pagado,1966-03-04
104199,Cliente 4199,2031-07-01,31046.74,15.77,12,10065.71,728.0,Sí,Pagado,1993-02-09
104200,Cliente 4200,2031-07-02,42572.99,23.83,48,1928.47,664.0,No,Activo,1965-01-09
104201,Cliente 4201,2031-07-03,10214.16,13.02,60,8629.52,480.0,Sí,Pagado,1962-12-07
104202,Cliente 4202,2031-07-04,6714.71,16.38,24,2238.35,543.0,Sí,Activo,1966-05-04
104203,Cliente 4203,2031-07-05,48192.26,13.74,48,3568.42,612.0,No,Pagado,1966-04-24
104204,Cliente 4204,2031-07-06,5848.21,23.56,60,2996.73,375.0,No,Pagado,2002-05-10
104205,Cliente 4205,2031-07-07,24185.31,5.14,12,1474.82,561.0,Sí,En Mora,2011-10-30
104206,Cliente 4206,2031-07-08,29485.4,14.27,12,10234.28,530.0,Sí,Pagado,1985-04-01
104207,Cliente 4207,2031-07-09,27298.03,18.27,60,7219.35,679.0,Sí,Activo,1999-10-13
104208,Cliente 4208,2031-07-10,4758.59,20.53,60,12550.27,608.0,Sí,Activo,1980-07-11
104209,Cliente 4209,2031-07-11,3322.83,16.03,24,1933.92,687.0,Sí,Activo,2006-08-29
104210,Cliente 4210,2031-07-12,5721.43,23.04,12,2598.63,624.0,Sí,Activo,2007-10-13
104211,Cliente 4211,2031-07-13,29486.59,23.75,9999,4943.64,755.0,No,Pagado,1971-06-15
104212,Cliente 4212,2031-07-14,27445.07,4.88,36,11605.06,811.0,Sí,En Mora,2003-01-18
104213,Cliente 4213,2031-07-15,12070.17,12.15,36,4933.5,642.0,Sí,Activo,2008-12-15
104214,Cliente 4214,2031-07-16,32069.82,4.0,60,6422.07,815.0,No,En Mora,2001-07-27
104215,Cliente 4215,2031-07-17,41093.34,10.58,24,4873.25,741.0,Sí,Pagado,1957-04-13
104216,Cliente 4216,2031-07-18,2558.16,15.04,12,1663.25,848.0,No,Pagado,1979-09-03
104217,Cliente 4217,2031-07-19,25157.43,23.08,36,14121.79,561.0,No,En Mora,2001-08-08
104218,Cliente 4218,2031-07-20,34620.87,21.7,60,8453.82,762.0,No,Activo,1960-09-29
104219,Cliente 4219,2031-07-21,12989.44,6.24,60,11923.58,526.0,Sí,Pagado,2004-12-25
104220,Cliente 4220,2031-07-22,15734.66,5.5,48,10046.18,822.0,Sí,En Mora,1983-04-29
104221,Cliente 4221,2031-07-23,30875.08,16.17,60,7956.69,488.0,Sí,Pagado,1999-06-01
104222,Cliente 4222,2031-07-24,44947.8,14.94,24,1800.33,508.0,No,En Mora,1984-11-01
104223,Cliente 4223,2031-07-25,40591.26,9.23,36,9819.64,312.0,No,Activo,1996-11-06
104224,Cliente 4224,2031-07-26,29364.95,22.84,48,2752.87,461.0,Sí,En Mora,1998-08-17
104225,Cliente 4225,2031-07-27,36645.98,23.44,36,6508.56,792.0,Sí,En Mora,1958-03-21
104226,Cliente 4226,2031-07-28,18558.71,12.16,36,9622.14,734.0,No,Pagado,1968-04-07
104227,Cliente 4227,2031-07-29,32227.79,22.64,24,11842.32,304.0,Sí,Pagado,1994-12-06
104228,Cliente 4228,2031-07-30,23575.99,11.75,60,10433.16,501.0,Sí,Pagado,1982-08-06
104229,Cliente 4229,2031-07-31,9901.84,19.34,24,10237.24,715.0,No,Activo,1989-09-28
104230,Cliente 4230,2031-08-01,35236.04,13.73,60,2661.11,311.0,Sí,Pagado,1985-04-28
104231,Cliente 4231,2031-08-02,28045.0,6.14,48,5518.86,696.0,Sí,Pagado,2009-05-14
104232,Cliente 4232,2031-08-03,18251.77,23.45,24,1122.23,640.0,Sí,Activo,1983-02-07
104233,Cliente 4233,2031-08-04,45611.29,13.26,24,10932.41,672.0,No,Activo,2006-07-16
104234,Cliente 4234,2031-08-05,1536.24,19.29,12,14312.5,677.0,Sí,En Mora,1967-10-07
104235,Cliente 4235,2031-08-06,16130.77,11.39,24,4329.6,524.0,Sí,En Mora,1973-08-08
104236,Cliente 4236,2031-08-07,3315.63,3.91,12,1771.6,481.0,Sí,Pagado,1969-07-19
104237,Cliente 4237,2031-08-08,38443.1,5.66,60,7395.77,596.0,Sí,Pagado,1980-07-06
104238,Cliente 4238,2031-08-09,35254.32,14.17,60,12922.12,606.0,Sí,En Mora,1987-01-15
104239,Cliente 4239,2031-08-10,16901.93,18.33,60,8503.63,730.0,Sí,Pagado,1986-07-11
104240,Cliente 4240,2031-08-11,33945.31,10.7,12,1178.27,417.0,Sí,Pagado,1994-05-25
104241,Cliente 4241,2031-08-12,20098.89,18.45,60,14626.95,651.0,No,Activo,1990-08-10
104242,Cliente 4242,2031-08-13,37934.56,18.52,36,12515.42,345.0,No,Activo,1995-05-04
104243,Cliente 4243,2031-08-14,22982.09,18.63,24,2408.11,526.0,No,Pagado,1981-09-12
104244,Cliente 4244,2031-08-15,20907.85,14.09,12,13866.07,655.0,No,Pagado,2009-10-21
104245,Cliente 4245,2031-08-16,46769.13,23.17,60,7034.98,593.0,Sí,En Mora,1981-06-14
104246,Cliente 4246,2031-08-17,12918.52,14.02,36,5892.52,539.0,No,Pagado,1978-08-02
104247,Cliente 4247,2031-08-18,6462.14,13.18,24,7185.27,647.0,No,Pagado,1983-08-08
104248,Cliente 4248,2031-08-19,29434.88,7.79,24,12601.29,440.0,Sí,Activo,1975-04-19
104249,Cliente 4249,2031-08-20,48481.43,10.11,60,10062.46,503.0,Sí,Pagado,2010-06-10
104250,Cliente 4250,2031-08-21,19203.04,4.41,36,1359.1,568.0,Sí,Pagado,2011-11-16
104251,Cliente 4251,2031-08-22,3570.82,17.12,12,14385.26,612.0,Sí,En Mora,2009-07-15
104252,Cliente 4252,2031-08-23,17295.61,8.84,60,2642.87,717.0,Sí,Activo,1994-08-15
104253,Cliente 4253,2031-08-24,25543.62,10.04,24,11310.74,436.0,Sí,Activo,1961-01-03
104254,Cliente 4254,2031-08-25,8515.19,20.07,24,9723.98,650.0,No,Activo,1984-06-27
104255,Cliente 4255,2031-08-26,33076.06,10.54,24,3219.16,460.0,No,En Mora,1977-04-10
104256,Cliente 4256,2031-08-27,49888.59,8.71,60,2975.62,472.0,Sí,Activo,1990-09-28
104257,Cliente 4257,2031-08-28,22861.1,7.13,48,13119.75,429.0,Sí,Activo,1987-08-28
104258,Cliente 4258,2031-08-29,18059.06,20.16,48,6585.58,378.0,Sí,En Mora,2002-02-11
104259,Cliente 4259,2031-08-30,20334.86,6.29,48,9991.36,356.0,No,Pagado,2001-05-11
104260,###Cliente??,2031-08-31,6199.74,13.26,36,7809.03,699.0,Sí,Activo,1978-03-10
104261,Cliente 4261,2031-09-01,44222.04,14.4,60,11046.63,662.0,No,Activo,1975-06-13
104262,Cliente 4262,2031-09-02,21033.87,18.28,24,7449.01,634.0,Sí,Activo,2005-12-16
104263,Cliente 4263,2031-09-03,19670.08,17.12,36,4667.01,433.0,Sí,Pagado,1997-04-13
104264,Cliente 4264,2031-09-04,33154.67,20.93,48,5769.06,313.0,No,Activo,1992-05-30
104265,Cliente 4265,2031-09-05,22380.65,4.46,12,12956.63,582.0,Sí,En Mora,1975-08-12
104266,Cliente 4266,2031-09-06,32587.56,9.87,36,7286.5,720.0,No,Pagado,1958-12-03
104267,Cliente 4267,2031-09-07,3541.59,9.52,36,3595.02,426.0,Sí,Activo,1978-10-15
104268,Cliente 4268,2031-09-08,40779.31,6.64,60,14051.78,517.0,No,Activo,1987-06-14
104269,Cliente 4269,2031-09-09,47054.95,9.72,36,12050.71,788.0,Sí,Activo,2010-06-17
104270,Cliente 4270,2031-09-10,32613.89,10.16,60,1307.16,559.0,Sí,Activo,1957-11-08
104271,Cliente 4271,2031-09-11,47751.01,14.72,12,14984.67,517.0,Sí,Activo,1997-07-07
104272,Cliente 4272,2031-09-12,7995.9,17.77,24,10576.44,788.0,Sí,En Mora,1974-11-18
104273,Cliente 4273,2031-09-13,24132.1,11.69,24,2823.87,742.0,Sí,Activo,2005-04-19
104274,Cliente 4274,2031-09-14,30289.43,18.97,48,3938.93,398.0,No,Activo,1994-05-08
104275,Cliente 4275,2031-09-15,29295.96,10.73,48,10540.46,481.0,No,Pagado,1971-02-25
104276,Cliente 4276,2031-09-16,20372.36,9.74,12,11806.54,468.0,Sí,Pagado,1979-01-27
104277,Cliente 4277,2031-09-17,17235.18,15.14,24,3966.02,532.0,Sí,Pagado,1984-08-06
104278,Cliente 4278,2031-09-18,6777.79,4.01,48,4226.05,392.0,No,Activo,2011-04-11
104279,Cliente 4279,2031-09-19,19891.25,5.22,36,4953.25,771.0,Sí,Activo,1967-09-23
104280,Cliente 4280,2031-09-20,8551.71,12.49,60,9171.27,815.0,No,Activo,2005-10-05
104281,Cliente 4281,2031-09-21,36851.1,23.77,48,2991.33,384.0,No,En Mora,1979-02-22
104282,Cliente 4282,2031-09-22,10837.13,19.01,12,2011.53,818.0,No,Activo,1987-04-19
104283,Cliente 4283,2031-09-23,3398.98,5.39,24,10343.53,680.0,Sí,Activo,1988-12-04
104284,Cliente 4284,2031-09-24,27842.12,21.7,12,11796.92,706.0,No,Pagado,1958-09-06
104285,Cliente 4285,2031-09-25,29963.87,19.24,60,7763.48,531.0,Sí,Activo,1969-11-15
104286,Cliente 4286,2031-09-26,43659.7,16.64,60,5775.57,550.0,Sí,En Mora,1996-03-29
104287,Cliente 4287,2031-09-27,29060.59,21.14,12,6764.62,384.0,Sí,Activo,2002-11-01
104288,Cliente 4288,2031-09-28,17601.3,12.19,48,6131.91,618.0,Sí,Activo,1988-07-23
104289,Cliente 4289,2031-09-29,40249.09,8.26,48,14419.78,492.0,Sí,Activo,1972-07-23
104290,Cliente 4290,2031-09-30,27243.81,14.51,24,11637.3,599.0,No,Pagado,1995-03-02
104291,Cliente 4291,2031-10-01,4424.37,15.3,24,3517.26,657.0,Sí,Pagado,1967-10-01
104292,Cliente 4292,2031-10-02,28509.6,15.07,36,6070.74,752.0,Sí,Activo,1959-09-16
104293,Cliente 4293,2031-10-03,45446.92,15.65,36,8388.18,805.0,No,Pagado,1959-06-21
104294,Cliente 4294,2031-10-04,20117.47,23.9,24,9388.29,364.0,No,Pagado,2001-11-04
104295,Cliente 4295,2031-10-05,15168.13,22.9,36,7288.67,521.0,Sí,Pagado,1965-07-21
104296,Cliente 4296,2031-10-06,7601.74,22.33,12,12246.84,765.0,No,Pagado,1988-05-15
104297,Cliente 4297,2031-10-07,7996.55,20.73,48,11630.29,371.0,No,Activo,1977-11-15
104298,Cliente 4298,2031-10-08,21922.19,23.78,36,7824.79,773.0,Sí,Activo,1995-07-06
104299,Cliente 4299,2031-10-09,29986.15,5.62,36,12889.23,318.0,No,En Mora,1979-01-14
104300,Cliente 4300,2031-10-10,4490.46,9.2,12,11390.8,821.0,Sí,Activo,2009-05-09
104301,Cliente 4301,2031-10-11,47008.65,14.14,60,11789.44,714.0,No,Pagado,1972-01-25
104302,Cliente 4302,2031-10-12,37879.11,21.7,24,14367.81,663.0,Sí,Pagado,2005-12-11
104303,Cliente 4303,2031-10-13,29537.88,14.36,12,4363.77,827.0,Sí,Activo,2001-04-01
104304,Cliente 4304,2031-10-14,41507.71,19.58,60,4380.9,379.0,Sí,En Mora,1997-09-12
104305,Cliente 4305,2031-10-15,4469.24,6.49,12,13389.81,489.0,Sí,Pagado,2004-07-15
104306,Cliente 4306,2031-10-16,24103.52,8.93,48,11697.28,447.0,Sí,Activo,2010-09-20
104307,Cliente 4307,2031-10-17,31689.61,19.23,12,13934.91,742.0,No,Pagado,2009-07-04
104308,Cliente 4308,2031-10-18,41518.32,7.04,12,1415.39,564.0,Sí,Pagado,1998-07-25
104309,Cliente 4309,2031-10-19,39281.74,11.05,48,9602.48,808.0,Sí,Pagado,1972-09-09
104310,Cliente 4310,2031-10-20,14214.93,9.19,24,2597.11,600.0,Sí,Activo,1993-02-11
104311,Cliente 4311,2031-10-21,47073.57,11.02,60,7806.51,765.0,No,En Mora,1974-10-23
104312,Cliente 4312,2031-10-22,6655.12,18.73,36,2758.33,664.0,No,Pagado,2001-09-20
104313,Cliente 4313,2031-10-23,43819.11,11.41,24,2357.14,698.0,No,Activo,1962-08-01
104314,Cliente 4314,2031-10-24,48561.54,15.44,12,676.44,792.0,No,Activo,1979-04-15
104315,Cliente 4315,2031-10-25,9269.1,5.65,36,9638.46,841.0,Sí,En Mora,1978-07-13
104316,Cliente 4316,2031-10-26,36242.27,20.81,48,5705.83,779.0,No,Pagado,1984-03-24
104317,Cliente 4317,2031-10-27,2494.13,11.45,24,2025.23,467.0,Sí,Pagado,1991-09-16
104318,Cliente 4318,2031-10-28,20568.43,17.44,60,5181.15,390.0,No,Pagado,1971-03-19
104319,Cliente 4319,2031-10-29,26056.02,19.1,24,2949.69,599.0,Sí,Activo,1976-02-13
104320,Cliente 4320,2031-10-30,29241.94,8.01,24,14154.58,473.0,No,En Mora,2006-12-19
104321,Cliente 4321,2031-10-31,46828.89,22.52,36,5140.07,672.0,Sí,Pagado,2001-02-28
104322,Cliente 4322,2031-11-01,33776.41,16.75,48,5342.33,323.0,Sí,Activo,2013-01-12
104323,Cliente 4323,2031-11-02,24323.26,12.72,48,12677.94,500.0,Sí,En Mora,1977-05-24
104324,Cliente 4324,2031-11-03,40578.91,7.42,24,9892.46,306.0,Sí,Activo,1957-12-09
104325,Cliente 4325,2031-11-04,47551.37,23.76,48,10797.49,305.0,Sí,En Mora,1962-07-06
104326,Cliente 4326,2031-11-05,1592.27,19.73,36,9722.03,460.0,Sí,En Mora,1964-10-09
104327,Cliente 4327,2031-11-06,49134.8,7.97,36,14219.85,547.0,No,Activo,1966-02-24
104328,Cliente 4328,2031-11-07,4763.54,10.76,60,3501.51,465.0,Sí,Pagado,1977-05-15
104329,Cliente 4329,2031-11-08,40812.15,20.91,48,14841.07,727.0,Sí,Pagado,1998-08-14
104330,Cliente 4330,2031-11-09,14376.57,18.46,60,,444.0,No,Activo,1971-03-18
104331,Cliente 4331,2031-11-10,7042.89,19.96,12,9040.1,810.0,Sí,En Mora,1990-08-16
104332,Cliente 4332,2031-11-11,22272.85,12.99,36,10104.39,842.0,No,En Mora,1974-01-28
104333,Cliente 4333,2031-11-12,32375.85,18.9,24,9907.98,808.0,Sí,Activo,1999-07-30
104334,Cliente 4334,2031-11-13,19357.12,11.81,36,1346.75,519.0,Sí,Activo,1988-01-09
104335,Cliente 4335,2031-11-14,3200.99,8.04,12,3661.24,375.0,Sí,Activo,1989-02-20
104336,Cliente 4336,2031-11-15,30173.33,17.1,24,14441.33,618.0,Sí,Activo,1997-03-25
104337,Cliente 4337,2031-11-16,45168.96,24.48,48,8248.28,337.0,No,Pagado,1975-04-08
104338,Cliente 4338,2031-11-17,19469.16,10.18,48,5986.13,813.0,Sí,Activo,1976-10-14
104339,Cliente 4339,2031-11-18,11208.47,13.41,36,11549.56,545.0,No,Activo,2001-04-16
104340,Cliente 4340,2031-11-19,22407.58,17.99,24,8105.52,439.0,Sí,En Mora,1958-09-30
104341,Cliente 4341,2031-11-20,2893.95,15.14,24,690.86,557.0,No,Activo,1977-05-21
104342,Cliente 4342,2031-11-21,41114.14,21.63,60,11175.45,680.0,No,En Mora,1982-06-21
104343,Cliente 4343,2031-11-22,41403.87,19.88,12,11117.15,777.0,Sí,Pagado,1990-11-04
104344,Cliente 4344,2031-11-23,29606.02,4.75,48,2894.66,484.0,No,Pagado,1979-03-25
104345,Cliente 4345,2031-11-24,17978.59,24.97,36,14371.57,602.0,Sí,En Mora,1958-07-03
104346,Cliente 4346,2031-11-25,40089.28,19.68,24,3746.67,793.0,Sí,En Mora,2002-02-11
104347,Cliente 4347,2031-11-26,27957.01,22.07,48,7137.37,463.0,No,En Mora,2009-08-28
104348,Cliente 4348,2031-11-27,41383.65,17.5,36,2163.67,502.0,Sí,Activo,1963-10-26
104349,Cliente 4349,2031-11-28,31757.21,21.91,48,9247.59,707.0,Sí,Pagado,2003-04-17
104350,Cliente 4350,2031-11-29,39328.07,5.92,36,5944.04,509.0,Sí,Pagado,1957-05-16
104351,Cliente 4351,2031-11-30,30128.87,10.98,48,5621.02,400.0,No,En Mora,1978-05-19
104352,Cliente 4352,2031-12-01,20999.98,22.34,60,12491.16,745.0,No,Activo,1976-02-05
104353,Cliente 4353,2031-12-02,47918.32,7.84,12,638.64,667.0,No,En Mora,1957-05-14
104354,Cliente 4354,2031-12-03,27285.13,5.18,48,12070.23,538.0,Sí,Activo,2011-10-30
104355,Cliente 4355,2031-12-04,30451.93,20.44,12,8786.0,590.0,No,Activo,1982-08-14
104356,Cliente 4356,2031-12-05,11414.14,21.46,48,14798.43,671.0,No,En Mora,1977-06-06
104357,Cliente 4357,2031-12-06,31469.71,7.0,24,9046.93,730.0,Sí,Pagado,1979-09-04
104358,Cliente 4358,2031-12-07,28794.58,21.87,60,1303.0,579.0,Sí,Pagado,2009-06-12
104359,Cliente 4359,2031-12-08,9649.5,18.27,60,1234.36,766.0,No,Pagado,2013-06-17
104360,Cliente 4360,2031-12-09,3449.56,14.68,12,13305.72,615.0,No,Pagado,1996-02-26
104361,Cliente 4361,2031-12-10,30415.79,21.35,24,12697.61,376.0,Sí,Pagado,1960-07-10
104362,Cliente 4362,2031-12-11,38302.77,12.51,36,5515.41,450.0,No,Activo,1991-03-31
104363,Cliente 4363,2031-12-12,26408.37,7.67,60,9461.47,695.0,Sí,Pagado,1986-02-03
104364,Cliente 4364,2031-12-13,11725.24,9.62,24,7599.07,795.0,No,Pagado,1958-07-22
104365,Cliente 4365,2031-12-14,33492.84,14.36,24,14523.88,596.0,Sí,Activo,1991-10-06
104366,Cliente 4366,2031-12-15,4465.23,14.92,12,14274.43,706.0,Sí,Pagado,1966-12-18
104367,Cliente 4367,2031-12-16,22370.77,20.82,24,14765.67,586.0,Sí,Pagado,1979-02-15
104368,Cliente 4368,2031-12-17,8586.65,20.51,24,13063.51,792.0,No,Activo,1994-04-18
104369,Cliente 4369,2031-12-18,9630.72,16.0,36,13688.5,835.0,Sí,Pagado,1974-05-29
104370,Cliente 4370,2031-12-19,10513.55,20.29,12,3650.54,755.0,No,Pagado,1991-12-04
104371,Cliente 4371,2031-12-20,19642.0,7.62,12,12549.6,791.0,Sí,Pagado,1960-10-12
104372,Cliente 4372,2031-12-21,3031.94,4.58,24,10778.43,308.0,No,Activo,1998-03-27
104373,Cliente 4373,2031-12-22,20190.78,22.28,36,14460.4,431.0,Sí,En Mora,1962-06-28
104374,Cliente 4374,2031-12-23,25829.52,5.12,48,8783.3,376.0,Sí,Pagado,1999-12-20
104375,Cliente 4375,2031-12-24,24423.07,8.8,60,1734.92,430.0,Sí,Activo,1971-11-27
104376,Cliente 4376,2031-12-25,19447.81,18.45,12,9162.28,711.0,Sí,Pagado,2009-06-08
104377,Cliente 4377,2031-12-26,42037.76,12.3,36,10455.42,389.0,No,En Mora,1993-09-27
104378,Cliente 4378,2031-12-27,7693.67,22.34,36,3694.65,797.0,Sí,Activo,1985-09-01
104379,Cliente 4379,2031-12-28,25531.99,9.91,24,6214.64,653.0,Sí,Pagado,1994-11-08
104380,Cliente 4380,2031-12-29,3571.05,3.76,60,9178.3,570.0,Sí,En Mora,1961-02-25
104381,Cliente 4381,2031-12-30,4022.21,9.96,12,5924.53,691.0,Sí,En Mora,1991-02-17
104382,Cliente 4382,2031-12-31,28906.36,15.93,48,5936.74,731.0,Sí,Activo,2004-11-27
104383,Cliente 4383,2032-01-01,28517.91,11.58,24,2429.76,771.0,Sí,Activo,1957-03-26
104384,Cliente 4384,2032-01-02,43962.66,15.0,12,14140.83,607.0,Sí,Activo,1962-07-22
104385,Cliente 4385,2032-01-03,28114.75,22.35,12,11382.17,807.0,Sí,Activo,1988-11-06
104386,Cliente 4386,2032-01-04,48009.66,23.12,36,518.03,354.0,Sí,Activo,2011-05-06
104387,Cliente 4387,2032-01-05,2910.39,9.22,60,11601.39,336.0,Sí,Activo,1999-02-16
104388,Cliente 4388,2032-01-06,5351.38,13.44,48,11227.03,354.0,Sí,En Mora,1961-07-23
104389,Cliente 4389,2032-01-07,2681.26,15.31,60,641.1,823.0,No,Activo,1984-02-22
104390,Cliente 4390,2032-01-08,9671.2,23.91,36,5859.26,762.0,No,Activo,1993-04-06
104391,Cliente 4391,2032-01-09,27292.87,24.97,48,9297.84,777.0,Sí,Activo,1966-07-23
104392,Cliente 4392,2032-01-10,32455.82,8.56,48,7064.88,510.0,Sí,Pagado,2009-01-04
104393,Cliente 4393,2032-01-11,2756.47,19.13,24,11780.8,525.0,Sí,Pagado,1995-05-02
104394,Cliente 4394,2032-01-12,47325.56,11.63,48,6669.15,306.0,No,Activo,1979-05-01
104395,Cliente 4395,2032-01-13,42187.19,3.67,12,2731.01,839.0,Sí,En Mora,2008-03-25
104396,Cliente 4396,2032-01-14,15182.32,3.7,60,14658.03,511.0,No,Activo,2004-04-21
104397,Cliente 4397,2032-01-15,4320.78,13.4,60,4009.58,488.0,Sí,Activo,1999-01-19
104398,Cliente 4398,2032-01-16,8909.41,14.0,24,10906.54,374.0,No,Activo,1985-12-18
104399,Cliente 4399,2032-01-17,6783.75,3.99,48,2575.77,413.0,Sí,Pagado,2004-10-20
104400,Cliente 4400,2032-01-18,6602.55,18.27,36,5270.68,450.0,Sí,Pagado,1971-02-19
104401,Cliente 4401,2032-01-19,26168.8,9.82,12,6909.4,735.0,Sí,En Mora,1981-11-18
104402,Cliente 4402,2032-01-20,12669.45,15.54,24,3287.36,383.0,Sí,Activo,1977-06-24
104403,Cliente 4403,2032-01-21,18227.92,9.97,48,7024.41,511.0,No,Activo,1969-09-09
104404,Cliente 4404,2032-01-22,49480.51,7.09,36,2778.86,760.0,No,En Mora,1969-02-13
104405,Cliente 4405,2032-01-23,34373.56,12.25,48,8605.59,476.0,Sí,Activo,1978-09-05
104406,Cliente 4406,2032-01-24,47474.54,8.49,24,10123.84,611.0,Sí,Activo,1973-04-18
104407,Cliente 4407,2032-01-25,7556.55,15.0,36,1405.3,458.0,No,Activo,1984-07-02
104408,Cliente 4408,2032-01-26,19415.9,7.77,36,13131.42,485.0,Sí,Pagado,1977-07-08
104409,Cliente 4409,2032-01-27,27959.22,14.43,36,3184.54,770.0,Sí,Pagado,1981-10-13
104410,Cliente 4410,2032-01-28,4299.52,6.88,36,3767.76,608.0,Sí,En Mora,2012-02-20
104411,Cliente 4411,2032-01-29,707.28,17.93,48,10089.57,545.0,Sí,Pagado,1998-02-02
104412,Cliente 4412,2032-01-30,33686.5,19.71,36,7296.89,683.0,No,Activo,1987-01-27
104413,Cliente 4413,2032-01-31,32270.07,5.87,48,7741.24,341.0,Sí,Pagado,1991-10-27
104414,Cliente 4414,2032-02-01,20834.05,13.56,36,2358.25,584.0,Sí,Activo,1977-09-23
104415,Cliente 4415,2032-02-02,24737.38,5.02,36,12183.17,599.0,Sí,Activo,1980-07-24
104416,Cliente 4416,2032-02-03,21064.43,16.36,24,9447.29,735.0,Sí,Pagado,1977-04-12
104417,Cliente 4417,2032-02-04,1688.25,9.18,48,2463.04,668.0,No,Activo,1973-02-27
104418,Cliente 4418,2032-02-05,17100.89,14.84,48,5922.99,785.0,Sí,En Mora,1963-10-31
104419,Cliente 4419,2032-02-06,9265.57,14.63,60,12250.94,735.0,Sí,Activo,1996-05-28
104420,Cliente 4420,2032-02-07,5372.0,23.37,24,8741.15,727.0,No,Pagado,1989-05-31
104421,Cliente 4421,2032-02-08,47857.66,15.31,48,2075.41,480.0,Sí,Activo,1993-08-07
104422,Cliente 4422,2032-02-09,30168.31,16.03,24,5905.27,639.0,Sí,Activo,1996-03-16
104423,Cliente 4423,2032-02-10,36568.49,12.14,24,4019.07,790.0,Sí,Activo,1999-08-25
104424,Cliente 4424,2032-02-11,16110.51,23.91,24,8003.25,794.0,Sí,Activo,1972-09-20
104425,Cliente 4425,2032-02-12,19960.78,20.21,12,12728.74,462.0,Sí,En Mora,1997-02-17
104426,Cliente 4426,2032-02-13,12227.74,9.64,48,6825.87,755.0,Sí,Pagado,1991-07-13
104427,Cliente 4427,2032-02-14,5299.8,21.65,24,6783.46,391.0,Sí,Pagado,1982-07-08
104428,Cliente 4428,2032-02-15,9362.07,12.8,12,13627.59,404.0,No,En Mora,1992-07-03
104429,Cliente 4429,2032-02-16,39976.95,21.32,12,8854.69,738.0,Sí,Activo,1993-07-27
104430,Cliente 4430,2032-02-17,34038.52,21.19,36,8709.77,797.0,No,Pagado,1957-11-03
104431,Cliente 4431,2032-02-18,27572.98,7.56,36,4297.69,627.0,Sí,Activo,1972-10-30
104432,Cliente 4432,2032-02-19,24016.95,18.57,48,9311.98,840.0,No,Activo,1971-05-01
104433,Cliente 4433,2032-02-20,46160.5,9.75,36,8850.7,808.0,No,Pagado,1975-04-20
104434,Cliente 4434,2032-02-21,4100.38,9.9,48,6254.35,550.0,Sí,Pagado,1996-02-21
104435,Cliente 4435,2032-02-22,14389.74,9.87,12,14865.09,490.0,No,Activo,2008-06-02
104436,Cliente 4436,2032-02-23,17821.92,19.1,12,13287.42,346.0,Sí,Pagado,2007-02-16
104437,Cliente 4437,2032-02-24,39230.08,8.44,48,11369.0,550.0,No,Pagado,1972-05-13
104438,Cliente 4438,2032-02-25,49629.47,3.52,36,8291.51,363.0,No,Pagado,1972-01-10
104439,Cliente 4439,2032-02-26,12413.19,18.88,36,7199.87,619.0,Sí,Activo,1968-07-30
104440,Cliente 4440,2032-02-27,43778.21,7.18,48,3181.01,823.0,Sí,Activo,2005-03-18
104441,Cliente 4441,2032-02-28,41615.83,5.75,60,4933.19,591.0,Sí,Pagado,1975-09-25
104442,Cliente 4442,2032-02-29,11620.54,8.61,36,11722.43,328.0,Sí,Pagado,1971-06-27
104443,Cliente 4443,2032-03-01,20266.96,11.67,24,7079.36,736.0,Sí,En Mora,1972-03-06
104444,Cliente 4444,2032-03-02,20778.81,13.73,36,13292.91,346.0,Sí,Pagado,1988-09-24
104445,Cliente 4445,2032-03-03,48921.92,4.46,60,2644.71,716.0,Sí,Activo,2009-11-18
104446,Cliente 4446,2032-03-04,9454.15,24.37,12,7871.03,750.0,Sí,En Mora,1979-07-20
104447,Cliente 4447,2032-03-05,40058.32,18.9,12,9881.0,373.0,Sí,Activo,1960-09-05
104448,Cliente 4448,2032-03-06,17042.54,10.45,12,7994.3,352.0,Sí,Pagado,1971-06-29
104449,Cliente 4449,2032-03-07,36678.08,10.35,36,13393.79,532.0,Sí,En Mora,1999-06-27
104450,Cliente 4450,2032-03-08,21290.54,13.14,12,14848.67,499.0,No,Pagado,2003-06-13
104451,Cliente 4451,2032-03-09,29128.81,16.96,60,2179.6,848.0,No,Activo,1970-07-02
104452,Cliente 4452,2032-03-10,41714.28,6.65,60,2384.35,396.0,Sí,Activo,1997-12-22
104453,Cliente 4453,2032-03-11,40306.2,7.56,36,2389.7,348.0,No,Pagado,2001-08-31
104454,Cliente 4454,2032-03-12,43387.95,21.98,24,10377.07,821.0,No,Pagado,1975-01-15
104455,Cliente 4455,2032-03-13,3451.06,9.01,36,5903.8,339.0,No,Activo,1995-01-11
104456,Cliente 4456,2032-03-14,34756.5,11.67,12,11133.06,452.0,Sí,Pagado,1972-02-11
104457,Cliente 4457,2032-03-15,7429.38,22.23,36,6379.34,405.0,Sí,En Mora,1990-11-17
104458,Cliente 4458,2032-03-16,21083.02,17.76,60,9600.3,510.0,Sí,En Mora,2011-05-23
104459,Cliente 4459,2032-03-17,27655.13,10.85,36,11662.94,501.0,Sí,Pagado,1965-06-21
104460,Cliente 4460,2032-03-18,20435.6,18.2,36,8449.13,732.0,Sí,En Mora,1977-07-14
104461,Cliente 4461,2032-03-19,26220.78,3.92,24,8322.8,446.0,Sí,En Mora,1969-05-31
104462,Cliente 4462,2032-03-20,49828.05,19.32,60,1779.4,798.0,Sí,En Mora,1999-09-01
104463,Cliente 4463,2032-03-21,7193.26,13.97,48,6456.34,581.0,Sí,Pagado,2006-12-11
104464,Cliente 4464,2032-03-22,33935.07,20.98,48,8413.77,609.0,Sí,Activo,1960-07-01
104465,Cliente 4465,2032-03-23,20102.05,24.02,60,7198.72,350.0,No,Pagado,1998-05-08
104466,Cliente 4466,2032-03-24,7083.99,23.4,48,13561.34,794.0,No,En Mora,1992-04-04
104467,Cliente 4467,2032-03-25,8357.47,23.05,12,13644.69,708.0,No,Pagado,1971-08-18
104468,Cliente 4468,2032-03-26,47489.02,14.51,48,12417.8,572.0,Sí,Activo,1982-10-04
104469,Cliente 4469,2032-03-27,44040.27,11.24,12,5941.82,757.0,No,Pagado,2004-12-29
104470,Cliente 4470,2032-03-28,45398.58,13.5,60,10900.84,419.0,Sí,Activo,1991-08-14
104471,Cliente 4471,2032-03-29,49580.87,18.33,48,6231.68,345.0,No,Activo,1997-11-12
104472,Cliente 4472,2032-03-30,10811.61,22.51,48,3872.61,542.0,Sí,Activo,1986-10-15
104473,Cliente 4473,2032-03-31,18094.25,7.95,12,5472.09,610.0,Sí,En Mora,1991-12-14
104474,Cliente 4474,2032-04-01,33626.34,23.24,12,1528.99,630.0,No,En Mora,1985-02-04
104475,Cliente 4475,2032-04-02,24448.23,21.03,36,5310.77,310.0,No,Activo,1977-07-22
104476,Cliente 4476,2032-04-03,21210.28,24.55,24,7180.76,723.0,No,En Mora,1993-06-13
104477,Cliente 4477,2032-04-04,18211.66,22.43,48,14354.47,347.0,No,Activo,2008-02-26
104478,Cliente 4478,2032-04-05,29892.14,9.52,24,5044.45,676.0,Sí,Pagado,2010-05-21
104479,Cliente 4479,2032-04-06,28991.87,5.78,24,13585.58,307.0,Sí,En Mora,1992-06-23
104480,Cliente 4480,2032-04-07,8492.16,5.91,48,3818.44,825.0,Sí,Activo,1993-01-16
104481,Cliente 4481,2032-04-08,23851.12,9.76,12,3269.05,669.0,Sí,Activo,1965-05-31
104482,Cliente 4482,2032-04-09,27896.85,16.7,36,8025.43,739.0,No,Activo,1979-11-27
104483,Cliente 4483,2032-04-10,28729.2,20.79,60,10251.41,783.0,No,Activo,1997-05-25
104484,Cliente 4484,2032-04-11,10900.31,22.83,48,1142.82,572.0,Sí,Activo,1980-03-22
104485,Cliente 4485,2032-04-12,37242.43,16.91,48,3705.46,430.0,Sí,Pagado,1996-12-15
104486,Cliente 4486,2032-04-13,1747.36,3.62,60,7107.41,820.0,Sí,Pagado,1976-07-28
104487,Cliente 4487,2032-04-14,18064.18,7.51,24,5299.56,413.0,No,Pagado,2008-08-14
104488,Cliente 4488,2032-04-15,39120.53,5.64,36,10833.01,831.0,Sí,Activo,1957-08-15
104489,Cliente 4489,2032-04-16,28412.7,11.31,24,7911.83,798.0,Sí,Pagado,1965-04-16
104490,Cliente 4490,2032-04-17,13427.54,14.28,60,2825.21,638.0,Sí,Activo,2008-01-19
104491,Cliente 4491,2032-04-18,34900.18,4.43,60,13469.75,320.0,Sí,Pagado,1997-11-07
104492,Cliente 4492,2032-04-19,28585.85,10.99,36,4747.13,332.0,No,Pagado,1959-06-28
104493,Cliente 4493,2032-04-20,39914.06,7.35,60,11101.4,432.0,No,Activo,1963-02-16
104494,Cliente 4494,2032-04-21,36883.75,17.41,60,11808.78,325.0,Sí,En Mora,1982-11-24
104495,Cliente 4495,2032-04-22,30700.34,13.48,36,14465.79,663.0,Sí,Pagado,2014-04-25
104496,Cliente 4496,2032-04-23,24664.79,14.15,48,7728.36,391.0,No,En Mora,2013-10-26
104497,Cliente 4497,2032-04-24,7092.52,12.7,24,9429.61,844.0,No,Pagado,2013-04-22
104498,Cliente 4498,2032-04-25,13435.98,24.05,48,5355.71,537.0,Sí,En Mora,2002-05-19
104499,Cliente 4499,2032-04-26,21245.42,8.12,48,10333.6,317.0,Sí,Pagado,1979-01-08
104500,Cliente 4500,2032-04-27,30165.31,14.61,24,7219.06,573.0,No,Activo,1974-10-04
104501,Cliente 4501,2032-04-28,25928.54,19.32,48,6845.96,588.0,Sí,Pagado,1967-08-15
104502,Cliente 4502,2032-04-29,14765.13,15.47,36,12904.28,326.0,No,En Mora,2011-06-13
104503,Cliente 4503,2032-04-30,819.99,23.47,24,1227.45,733.0,Sí,Pagado,1962-05-06
104504,Cliente 4504,2032-05-01,25063.84,11.63,12,13288.46,407.0,Sí,En Mora,1957-10-06
104505,Cliente 4505,2032-05-02,14638.49,13.47,48,12855.01,623.0,Sí,Pagado,1993-10-29
104506,Cliente 4506,2032-05-03,36863.11,5.4,60,7842.31,830.0,No,Activo,1988-02-20
104507,Cliente 4507,2032-05-04,1685.34,,24,7607.94,403.0,No,Activo,1959-04-11
104508,Cliente 4508,2032-05-05,29448.98,9.7,12,5746.21,631.0,Sí,Activo,1995-03-03
104509,Cliente 4509,2032-05-06,47102.97,6.95,60,14915.52,661.0,Sí,Activo,1969-01-19
104510,Cliente 4510,2032-05-07,9133.26,15.21,12,2111.96,588.0,Sí,Activo,1989-10-26
104511,Cliente 4511,2032-05-08,23846.65,14.94,48,9058.12,743.0,No,Activo,1970-04-09
104512,Cliente 4512,2032-05-09,5025.39,5.13,60,10384.38,336.0,No,Activo,2011-04-02
104513,Cliente 4513,2032-05-10,31471.25,-18.51,48,14047.79,647.0,No,Activo,1979-03-08
104514,Cliente 4514,2032-05-11,27751.32,16.91,60,11812.95,342.0,Sí,Activo,1968-10-19
104515,Cliente 4515,2032-05-12,20664.59,7.56,24,9835.78,425.0,Sí,Pagado,1978-06-20
104516,Cliente 4516,2032-05-13,26308.16,13.59,36,2193.78,308.0,Sí,Pagado,1994-02-08
104517,Cliente 4517,2032-05-14,44880.45,18.99,36,5919.14,825.0,Sí,En Mora,1966-02-06
104518,Cliente 4518,2032-05-15,10216.57,14.88,12,2513.2,430.0,Sí,Activo,2005-08-26
104519,Cliente 4519,2032-05-16,1616.94,12.0,60,13277.58,624.0,No,En Mora,1971-06-19
104520,Cliente 4520,2032-05-17,43152.41,10.43,48,11369.51,483.0,Sí,Pagado,1998-11-09
104521,Cliente 4521,2032-05-18,29067.3,16.62,24,11484.28,581.0,Sí,En Mora,1984-02-28
104522,Cliente 4522,2032-05-19,44587.59,23.69,24,9957.72,352.0,No,Activo,2011-07-21
104523,Cliente 4523,2032-05-20,30048.79,17.94,24,7852.13,832.0,No,Pagado,1985-06-14
104524,Cliente 4524,2032-05-21,40602.97,5.11,36,2674.58,676.0,Sí,Activo,1973-11-06
104525,Cliente 4525,2032-05-22,21768.83,13.4,48,5280.58,594.0,Sí,Activo,1985-04-08
104526,Cliente 4526,2032-05-23,37618.07,22.65,24,2485.28,507.0,Sí,Pagado,1980-06-06
104527,Cliente 4527,2032-05-24,45695.55,5.53,24,11011.24,776.0,Sí,Activo,1973-04-05
104528,Cliente 4528,2032-05-25,28820.09,24.76,12,2823.32,368.0,No,Activo,1968-04-21
104529,Cliente 4529,2032-05-26,9448.86,23.9,60,10680.65,736.0,No,Pagado,1970-03-01
104530,Cliente 4530,2032-05-27,13805.48,5.18,60,10537.7,600.0,Sí,Pagado,1981-03-16
104531,Cliente 4531,2032-05-28,10332.91,23.57,60,7159.91,326.0,No,Pagado,1995-02-05
104532,Cliente 4532,2032-05-29,12719.42,11.31,12,2460.82,405.0,No,Pagado,1996-06-09
104533,Cliente 4533,2032-05-30,15667.56,21.66,36,5064.61,310.0,No,Activo,1985-01-27
104534,Cliente 4534,2032-05-31,27979.12,12.5,12,5141.35,515.0,No,Pagado,1971-06-10
104535,Cliente 4535,2032-06-01,29605.59,12.98,24,10655.58,620.0,Sí,Activo,2002-03-18
104536,Cliente 4536,2032-06-02,21611.74,17.14,48,2149.27,759.0,Sí,Pagado,2014-03-16
104537,Cliente 4537,2032-06-03,30963.33,20.15,24,12521.5,825.0,Sí,Activo,1994-11-05
104538,Cliente 4538,2032-06-04,4537.96,4.23,24,11534.61,459.0,Sí,Pagado,1996-10-11
104539,Cliente 4539,2032-06-05,4845.52,16.25,48,3201.45,763.0,Sí,Activo,1975-02-15
104540,Cliente 4540,2032-06-06,9005.56,7.51,60,10927.88,821.0,Sí,Pagado,1974-06-02
104541,Cliente 4541,2032-06-07,26144.84,10.94,12,10193.44,572.0,No,Pagado,1990-12-17
104542,Cliente 4542,2032-06-08,11092.74,10.98,36,11347.75,540.0,Sí,Pagado,2005-08-02
104543,Cliente 4543,2032-06-09,14522.58,13.58,24,3239.46,466.0,No,Pagado,1992-02-11
104544,Cliente 4544,2032-06-10,20315.49,10.68,24,2785.06,626.0,Sí,Pagado,1970-12-14
104545,Cliente 4545,2032-06-11,40687.37,5.81,36,3929.02,828.0,Sí,En Mora,1993-03-15
104546,Cliente 4546,2032-06-12,1186.18,6.63,12,5805.14,572.0,Sí,Pagado,2009-08-18
104547,Cliente 4547,2032-06-13,32644.25,4.22,24,12008.14,675.0,Sí,Activo,1980-09-26
104548,Cliente 4548,2032-06-14,33609.39,13.61,36,11199.9,674.0,Sí,Activo,1991-06-25
104549,Cliente 4549,2032-06-15,40033.46,24.02,24,13919.05,633.0,No,Activo,1989-02-10
104550,Cliente 4550,2032-06-16,46671.27,5.99,60,1350.13,302.0,Sí,Activo,2002-12-07
104551,Cliente 4551,2032-06-17,1496.82,23.84,60,667.57,542.0,No,Activo,1970-06-30
104552,Cliente 4552,2032-06-18,8112.29,19.27,24,10637.51,350.0,Sí,En Mora,1971-08-04
104553,Cliente 4553,2032-06-19,44365.48,17.21,24,4549.67,649.0,Sí,Pagado,2005-02-22
104554,Cliente 4554,XX/YY/ZZZZ,23196.67,17.37,60,5344.14,473.0,No,En Mora,1995-11-05
104555,Cliente 4555,2032-06-21,28447.24,21.27,24,8428.63,415.0,Sí,En Mora,1994-01-19
104556,Cliente 4556,2032-06-22,33319.85,5.8,12,1984.99,660.0,Sí,Pagado,1958-02-07
104557,Cliente 4557,2032-06-23,34113.8,14.35,12,9819.07,654.0,Sí,En Mora,1972-12-19
104558,Cliente 4558,2032-06-24,46621.15,18.49,48,5214.64,375.0,Sí,Pagado,1958-07-14
104559,Cliente 4559,2032-06-25,49849.0,16.12,12,9674.37,380.0,Sí,Pagado,1980-07-07
104560,Cliente 4560,2032-06-26,36147.79,21.4,24,12593.1,528.0,Sí,Activo,2002-07-18
104561,Cliente 4561,2032-06-27,14717.45,5.05,24,2981.11,371.0,Sí,Pagado,2006-12-13
104562,Cliente 4562,2032-06-28,44047.74,18.35,36,13997.66,702.0,Sí,Pagado,1987-05-12
104563,Cliente 4563,2032-06-29,2936.44,14.98,12,8194.98,517.0,No,Pagado,1963-10-26
104564,Cliente 4564,2032-06-30,11938.5,11.65,60,13882.45,751.0,Sí,Pagado,2001-08-09
104565,Cliente 4565,2032-07-01,44920.59,10.82,60,3512.09,666.0,No,Pagado,1991-08-05
104566,Cliente 4566,2032-07-02,13181.48,16.85,48,9266.16,611.0,Sí,Pagado,1963-05-15
104567,Cliente 4567,2032-07-03,11422.23,22.66,36,6356.36,597.0,No,Pagado,1964-03-17
104568,Cliente 4568,2032-07-04,7337.2,14.17,60,11726.22,323.0,No,Pagado,1982-07-10
104569,Cliente 4569,2032-07-05,43026.03,21.23,48,9285.68,409.0,Sí,Pagado,1963-10-15
104570,Cliente 4570,2032-07-06,25252.88,12.15,12,7670.47,351.0,No,En Mora,1990-07-17
104571,Cliente 4571,XX/YY/ZZZZ,33907.21,5.7,36,13738.29,589.0,Sí,Pagado,1988-01-26
104572,Cliente 4572,2032-07-08,12333.79,4.82,36,5968.2,743.0,Sí,Activo,1989-05-06
104573,Cliente 4573,2032-07-09,38023.0,4.6,24,3689.71,766.0,Sí,En Mora,1982-12-04
104574,Cliente 4574,2032-07-10,38120.27,11.67,12,9317.47,558.0,No,En Mora,1965-03-23
104575,Cliente 4575,2032-07-11,15973.6,10.75,36,9548.41,623.0,No,En Mora,1976-11-08
104576,Cliente 4576,2032-07-12,20828.79,18.94,48,6866.87,637.0,Sí,Pagado,1978-01-22
104577,Cliente 4577,2032-07-13,10879.67,19.47,60,7555.85,721.0,Sí,Activo,2001-12-10
104578,Cliente 4578,2032-07-14,48839.77,4.59,12,14413.52,558.0,Sí,Pagado,1987-11-08
104579,Cliente 4579,2032-07-15,32457.33,8.25,12,11123.94,364.0,Sí,Pagado,1965-12-10
104580,Cliente 4580,2032-07-16,46759.92,9.4,36,2103.73,462.0,Sí,Pagado,1994-10-24
104581,Cliente 4581,2032-07-17,15517.58,15.27,36,3575.89,463.0,Sí,Activo,1978-02-01
104582,Cliente 4582,2032-07-18,39203.6,6.61,36,14645.86,338.0,Sí,Activo,1975-07-21
104583,Cliente 4583,2032-07-19,38410.0,6.38,48,11033.75,619.0,No,Activo,1993-11-22
104584,Cliente 4584,2032-07-20,34736.95,23.79,24,13768.15,659.0,Sí,En Mora,1998-07-07
104585,Cliente 4585,2032-07-21,48299.13,20.79,36,4905.99,568.0,No,Activo,1984-01-07
104586,Cliente 4586,2032-07-22,19980.99,7.38,24,11257.07,623.0,Sí,Pagado,1970-08-31
104587,Cliente 4587,2032-07-23,6970.51,12.24,24,10853.04,625.0,No,Activo,1975-04-29
104588,Cliente 4588,2032-07-24,33749.59,11.15,12,4773.0,556.0,Sí,Activo,1970-09-13
104589,Cliente 4589,2032-07-25,36600.84,20.51,60,8486.84,499.0,Sí,Activo,2008-05-18
104590,Cliente 4590,2032-07-26,28965.5,14.47,60,9597.52,737.0,No,Pagado,1976-06-07
104591,Cliente 4591,2032-07-27,10737.49,6.25,48,7476.41,403.0,No,Activo,1980-12-02
104592,Cliente 4592,2032-07-28,25470.57,19.39,48,12494.09,671.0,Sí,Pagado,1990-05-07
104593,Cliente 4593,2032-07-29,15953.39,12.03,60,12576.6,463.0,Sí,Pagado,1965-08-28
104594,Cliente 4594,2032-07-30,21659.59,9.15,60,12833.71,412.0,Sí,Activo,2004-02-25
104595,Cliente 4595,2032-07-31,32438.32,11.57,12,12149.64,848.0,Sí,Pagado,1972-02-14
104596,Cliente 4596,2032-08-01,37388.13,14.2,12,7577.21,405.0,Sí,Pagado,1964-10-16
104597,Cliente 4597,2032-08-02,11995.12,10.88,60,6030.86,663.0,Sí,En Mora,1983-06-05
104598,Cliente 4598,2032-08-03,20563.61,8.7,36,12554.96,320.0,Sí,Activo,1995-09-27
104599,Cliente 4599,2032-08-04,13823.5,12.07,36,7607.92,428.0,Sí,Pagado,1989-10-10
104600,Cliente 4600,2032-08-05,10332.26,3.91,12,4072.39,782.0,Sí,Pagado,1966-10-18
104601,Cliente 4601,2032-08-06,39277.67,20.11,24,7856.48,498.0,No,Activo,1983-02-12
104602,Cliente 4602,2032-08-07,45508.01,7.18,60,2556.82,820.0,Sí,Pagado,1994-07-11
104603,Cliente 4603,2032-08-08,18826.49,4.44,48,10528.63,719.0,Sí,En Mora,1966-09-18
104604,Cliente 4604,2032-08-09,37688.31,17.55,36,5370.86,525.0,Sí,Activo,1975-05-01
104605,Cliente 4605,2032-08-10,44901.27,20.14,24,4279.55,508.0,Sí,En Mora,1962-10-24
104606,Cliente 4606,2032-08-11,42383.15,21.0,36,14369.38,544.0,Sí,Pagado,2004-10-16
104607,Cliente 4607,2032-08-12,9549.26,14.11,24,11764.77,587.0,Sí,Pagado,2001-05-01
104608,Cliente 4608,2032-08-13,47836.45,7.92,60,11912.51,365.0,No,Activo,1960-07-29
104609,Cliente 4609,2032-08-14,19145.48,19.35,60,9543.97,452.0,No,Activo,1996-12-09
104610,Cliente 4610,2032-08-15,17292.41,18.54,60,12668.01,790.0,No,Activo,1966-02-07
104611,Cliente 4611,2032-08-16,3590.35,8.79,12,11507.86,734.0,Sí,Pagado,1980-12-29
104612,Cliente 4612,2032-08-17,24565.6,22.92,24,9182.22,517.0,Sí,Pagado,1984-07-16
104613,Cliente 4613,2032-08-18,5896.17,5.74,48,14436.3,728.0,No,Pagado,1963-11-01
104614,Cliente 4614,2032-08-19,12802.72,24.63,48,3278.13,801.0,Sí,Activo,1958-02-15
104615,Cliente 4615,2032-08-20,16188.66,22.0,60,14179.01,520.0,Sí,En Mora,1995-08-17
104616,Cliente 4616,2032-08-21,40536.9,18.29,48,6320.85,734.0,Sí,Pagado,2006-09-15
104617,Cliente 4617,2032-08-22,43836.69,23.68,36,8161.79,579.0,No,Activo,1995-05-10
104618,Cliente 4618,2032-08-23,15472.08,19.03,24,2279.72,391.0,Sí,Activo,1997-02-18
104619,Cliente 4619,2032-08-24,43005.56,7.59,24,8331.56,823.0,Sí,Activo,2003-01-24
104620,Cliente 4620,2032-08-25,42932.93,13.01,24,9362.5,438.0,No,En Mora,1997-09-20
104621,Cliente 4621,2032-08-26,38350.22,5.04,36,14966.67,322.0,No,En Mora,2004-11-10
104622,Cliente 4622,2032-08-27,7761.41,11.88,12,14640.29,716.0,Sí,En Mora,2000-09-19
104623,Cliente 4623,2032-08-28,34670.98,19.44,36,14512.76,647.0,No,Activo,1981-07-06
104624,Cliente 4624,2032-08-29,47278.69,11.81,24,5551.63,536.0,Sí,Activo,1981-06-05
104625,Cliente 4625,2032-08-30,34285.75,10.6,24,14873.36,482.0,No,Activo,1988-09-02
104626,Cliente 4626,2032-08-31,16915.03,16.3,24,7104.43,807.0,Sí,Pagado,2006-10-08
104627,Cliente 4627,2032-09-01,25278.68,22.25,48,12851.63,497.0,Sí,Activo,1992-02-27
104628,Cliente 4628,2032-09-02,32463.39,4.52,12,3636.64,422.0,No,Pagado,2004-07-15
104629,Cliente 4629,2032-09-03,25773.24,11.79,36,7834.58,845.0,Sí,Activo,2014-06-19
104630,Cliente 4630,2032-09-04,6437.67,6.9,24,14507.18,680.0,Sí,Pagado,1986-10-31
104631,Cliente 4631,2032-09-05,15947.17,18.45,60,14231.96,814.0,Sí,Pagado,1981-09-16
104632,Cliente 4632,2032-09-06,40218.6,5.77,12,10414.16,305.0,No,Pagado,1985-12-07
104633,Cliente 4633,2032-09-07,43140.19,17.79,60,12068.31,603.0,Sí,Pagado,1986-02-25
104634,Cliente 4634,2032-09-08,7296.35,9.65,12,3058.19,491.0,Sí,Pagado,1967-12-07
104635,Cliente 4635,2032-09-09,47643.14,7.78,24,10964.05,675.0,Sí,Pagado,1959-06-24
104636,Cliente 4636,2032-09-10,16776.72,23.63,12,9461.74,824.0,Sí,Pagado,2006-10-04
104637,Cliente 4637,2032-09-11,33284.53,3.9,12,1827.5,335.0,No,Pagado,2005-07-09
104638,Cliente 4638,2032-09-12,37715.34,12.91,24,2140.81,369.0,No,Activo,1983-06-27
104639,Cliente 4639,2032-09-13,40691.34,3.96,60,2072.43,588.0,No,Pagado,1963-02-08
104640,Cliente 4640,2032-09-14,47314.61,13.9,60,11003.18,404.0,No,Activo,1998-01-28
104641,Cliente 4641,2032-09-15,15989.52,14.27,48,2554.87,612.0,No,Activo,1976-08-02
104642,Cliente 4642,2032-09-16,42996.07,10.42,60,7282.12,354.0,Sí,Pagado,1966-06-06
104643,Cliente 4643,2032-09-17,7018.5,6.34,60,5676.24,406.0,Sí,Pagado,1977-09-28
104644,Cliente 4644,2032-09-18,35399.52,11.59,12,8482.31,606.0,Sí,Pagado,1958-01-15
104645,Cliente 4645,2032-09-19,37227.9,17.95,48,10743.91,335.0,Sí,En Mora,2014-08-13
104646,Cliente 4646,2032-09-20,34047.3,20.32,24,10428.48,432.0,Sí,Activo,1998-04-12
104647,Cliente 4647,2032-09-21,12989.58,14.91,24,7975.04,324.0,Sí,Pagado,1970-11-16
104648,Cliente 4648,2032-09-22,43715.64,16.18,36,7232.86,336.0,No,Pagado,1997-10-06
104649,Cliente 4649,2032-09-23,8858.49,7.81,48,6268.33,318.0,Sí,En Mora,1991-03-10
104650,Cliente 4650,2032-09-24,3154.92,9.68,12,12997.69,334.0,Sí,Pagado,1988-01-29
104651,Cliente 4651,2032-09-25,36014.52,6.98,36,5297.35,662.0,Sí,Activo,1958-07-05
104652,Cliente 4652,2032-09-26,24036.05,8.86,36,4260.8,717.0,Sí,Pagado,1968-02-21
104653,Cliente 4653,2032-09-27,42530.35,8.34,24,11278.07,729.0,Sí,Pagado,1973-05-26
104654,Cliente 4654,2032-09-28,19478.16,14.67,60,5716.57,817.0,Sí,Pagado,1968-12-02
104655,Cliente 4655,2032-09-29,8829.79,15.6,12,12781.48,766.0,Sí,Activo,1964-02-18
104656,Cliente 4656,2032-09-30,41903.89,23.82,48,5254.39,498.0,No,Pagado,2000-02-28
104657,Cliente 4657,2032-10-01,27671.03,7.7,36,10678.2,845.0,No,Pagado,2010-08-23
104658,Cliente 4658,2032-10-02,9865.19,17.3,12,1154.08,510.0,Sí,Pagado,1987-11-23
104659,Cliente 4659,2032-10-03,36159.01,21.07,24,6090.66,800.0,Sí,Pagado,1987-04-05
104660,Cliente 4660,2032-10-04,25800.13,15.55,36,5476.84,540.0,No,Activo,1979-07-13
104661,Cliente 4661,2032-10-05,30413.49,8.98,36,12341.84,469.0,Sí,Pagado,2001-10-25
104662,Cliente 4662,2032-10-06,23314.47,9.14,24,14522.3,593.0,Sí,Activo,1989-06-15
104663,Cliente 4663,2032-10-07,41521.09,4.34,24,7182.78,614.0,Sí,Pagado,1991-10-14
104664,Cliente 4664,2032-10-08,41563.35,10.07,24,12460.13,426.0,No,En Mora,1992-03-13
104665,Cliente 4665,2032-10-09,35614.75,19.51,12,10645.57,767.0,No,Activo,1978-11-22
104666,Cliente 4666,2032-10-10,5717.37,4.52,12,14527.1,666.0,No,En Mora,1996-06-15
104667,Cliente 4667,2032-10-11,42023.27,8.21,12,12261.07,320.0,Sí,Activo,2000-11-04
104668,Cliente 4668,2032-10-12,33715.14,18.68,60,1623.43,615.0,Sí,Pagado,1990-10-15
104669,Cliente 4669,2032-10-13,35002.7,20.33,36,10842.58,389.0,Sí,Activo,1963-10-20
104670,Cliente 4670,2032-10-14,18467.65,13.29,12,8264.75,703.0,No,En Mora,1971-08-06
104671,Cliente 4671,2032-10-15,44024.34,18.51,60,738.32,817.0,Sí,Pagado,2011-09-12
104672,Cliente 4672,2032-10-16,36405.89,11.84,36,4144.04,750.0,Sí,Pagado,1997-05-07
104673,Cliente 4673,2032-10-17,6073.23,6.94,12,13865.45,449.0,Sí,Pagado,2009-07-17
104674,Cliente 4674,2032-10-18,20685.01,12.06,24,13927.89,745.0,No,Activo,1975-01-14
104675,Cliente 4675,2032-10-19,44375.83,15.97,48,12083.33,379.0,Sí,Pagado,1958-02-03
104676,Cliente 4676,2032-10-20,2836.24,23.88,12,14735.8,316.0,No,Activo,1981-06-03
104677,Cliente 4677,2032-10-21,48090.12,4.98,48,12194.91,437.0,Sí,Pagado,1980-05-15
104678,Cliente 4678,2032-10-22,34118.55,14.41,12,647.96,807.0,Sí,En Mora,1963-08-13
104679,Cliente 4679,2032-10-23,31753.11,10.57,24,4673.6,373.0,Sí,Activo,1967-12-19
104680,Cliente 4680,2032-10-24,13892.68,14.43,48,944.05,373.0,Sí,Activo,1998-08-02
104681,Cliente 4681,2032-10-25,12815.19,4.02,60,1864.57,349.0,Sí,Pagado,1993-06-24
104682,Cliente 4682,2032-10-26,47131.88,10.23,24,3673.19,309.0,No,Activo,1966-12-23
104683,Cliente 4683,2032-10-27,15264.49,21.13,48,7801.6,402.0,Sí,Activo,1990-08-26
104684,Cliente 4684,2032-10-28,38887.51,15.41,48,12789.21,687.0,Sí,Activo,1997-06-05
104685,Cliente 4685,2032-10-29,19959.53,13.19,24,12998.52,684.0,No,Activo,1985-05-06
104686,Cliente 4686,2032-10-30,7393.08,9.64,24,9434.93,598.0,Sí,Activo,1984-04-04
104687,Cliente 4687,2032-10-31,1030.41,9.91,24,13958.55,638.0,Sí,En Mora,1991-08-11
104688,Cliente 4688,2032-11-01,27440.74,11.74,36,7750.9,688.0,Sí,Activo,1996-04-14
104689,Cliente 4689,2032-11-02,48801.05,21.46,60,13391.02,773.0,Sí,En Mora,1959-10-09
104690,Cliente 4690,2032-11-03,18772.24,24.3,12,7083.95,441.0,Sí,En Mora,1966-11-17
104691,Cliente 4691,2032-11-04,18181.02,12.93,48,4519.76,469.0,Sí,En Mora,1977-01-24
104692,Cliente 4692,2032-11-05,17532.54,11.96,12,13787.99,312.0,Sí,Activo,1960-11-05
104693,Cliente 4693,2032-11-06,26266.92,21.7,24,6125.06,748.0,No,Pagado,2007-03-07
104694,Cliente 4694,2032-11-07,22312.91,12.68,60,7799.36,473.0,Sí,Activo,1962-11-05
104695,Cliente 4695,2032-11-08,44055.77,15.37,60,5268.48,431.0,Sí,Pagado,1991-08-14
104696,Cliente 4696,2032-11-09,25523.28,8.47,36,10111.15,839.0,No,Pagado,1967-08-22
104697,Cliente 4697,2032-11-10,25634.01,19.49,24,14927.95,568.0,Sí,Pagado,1968-10-09
104698,Cliente 4698,2032-11-11,7349.39,14.94,48,869.95,550.0,Sí,Pagado,2012-09-13
104699,Cliente 4699,2032-11-12,49145.61,20.89,36,13547.8,669.0,Sí,Activo,1991-05-24
104700,Cliente 4700,2032-11-13,12873.66,20.29,24,556.93,825.0,No,Pagado,1961-04-04
104701,Cliente 4701,2032-11-14,4131.52,8.12,36,5781.3,805.0,Sí,Activo,1968-08-28
104702,Cliente 4702,2032-11-15,33325.74,18.89,12,2944.8,477.0,No,Pagado,1961-03-22
104703,Cliente 4703,2032-11-16,29970.64,20.7,24,11481.46,846.0,No,Activo,1974-05-04
104704,Cliente 4704,2032-11-17,21049.71,10.94,48,1233.86,558.0,Sí,Activo,1964-03-03
104705,Cliente 4705,2032-11-18,21398.52,7.21,48,8525.53,559.0,No,Pagado,2001-06-23
104706,Cliente 4706,2032-11-19,39360.66,3.56,24,4776.43,434.0,Sí,Pagado,2014-02-13
104707,Cliente 4707,2032-11-20,10187.78,13.19,36,2438.22,760.0,Sí,En Mora,1999-06-09
104708,Cliente 4708,2032-11-21,41102.54,11.08,60,11691.36,788.0,Sí,En Mora,1998-01-23
104709,Cliente 4709,2032-11-22,32612.98,15.43,24,3652.54,380.0,Sí,Pagado,1988-12-22
104710,Cliente 4710,2032-11-23,21239.0,7.54,48,3743.29,666.0,No,Activo,1968-08-01
104711,Cliente 4711,2032-11-24,23172.42,21.98,12,4488.61,358.0,Sí,Activo,2001-02-28
104712,Cliente 4712,2032-11-25,13204.04,9.04,48,9008.12,373.0,Sí,Pagado,2006-09-18
104713,Cliente 4713,2032-11-26,37729.66,8.37,60,10065.16,538.0,No,Activo,1973-11-20
104714,Cliente 4714,2032-11-27,25887.3,13.84,48,755.24,428.0,No,Pagado,2004-09-29
104715,Cliente 4715,2032-11-28,16382.3,14.23,60,4007.11,711.0,No,En Mora,1967-12-09
104716,Cliente 4716,2032-11-29,30004.48,8.12,24,6749.08,614.0,No,En Mora,2010-06-08
104717,Cliente 4717,2032-11-30,49788.86,9.35,48,5313.67,673.0,Sí,Pagado,1971-10-09
104718,Cliente 4718,2032-12-01,22045.48,7.15,36,13320.47,736.0,Sí,Pagado,1980-10-31
104719,Cliente 4719,2032-12-02,46074.22,18.95,36,11921.78,437.0,Sí,Pagado,1962-09-16
104720,Cliente 4720,2032-12-03,17578.33,20.06,48,9575.41,754.0,Sí,Activo,1979-03-06
104721,Cliente 4721,2032-12-04,3209.27,13.44,48,5401.62,308.0,Sí,Activo,2005-12-05
104722,Cliente 4722,2032-12-05,10609.98,18.85,12,10659.75,531.0,No,Activo,1973-03-12
104723,Cliente 4723,2032-12-06,21225.41,19.32,48,12732.75,696.0,No,En Mora,1962-11-02
104724,Cliente 4724,2032-12-07,11371.93,6.47,12,9125.04,617.0,Sí,En Mora,1975-09-02
104725,Cliente 4725,2032-12-08,511.24,24.27,12,11874.69,806.0,No,Pagado,1992-08-05
104726,Cliente 4726,2032-12-09,45792.58,21.15,12,11362.02,821.0,Sí,Activo,2001-11-08
104727,Cliente 4727,2032-12-10,42272.03,7.9,12,8790.19,386.0,Sí,En Mora,1958-04-20
104728,Cliente 4728,2032-12-11,37243.47,7.5,24,5026.66,617.0,No,Pagado,2008-01-21
104729,Cliente 4729,2032-12-12,8806.82,6.2,36,11313.84,632.0,Sí,Pagado,1978-11-27
104730,Cliente 4730,2032-12-13,6458.0,6.48,12,3498.55,659.0,No,Activo,2008-11-16
104731,Cliente 4731,2032-12-14,3846.44,19.59,36,11802.58,540.0,Sí,Pagado,1958-08-04
104732,Cliente 4732,2032-12-15,36339.44,13.6,12,12165.93,355.0,No,Activo,1971-12-02
104733,Cliente 4733,2032-12-16,46475.99,20.33,36,12421.1,409.0,Sí,Pagado,1991-06-01
104734,Cliente 4734,2032-12-17,21811.52,19.54,48,7357.28,348.0,Sí,Activo,1973-12-03
104735,Cliente 4735,2032-12-18,6397.46,16.5,48,3290.97,315.0,Sí,Pagado,2011-01-06
104736,Cliente 4736,2032-12-19,25863.44,18.26,36,1945.99,372.0,Sí,Activo,1959-10-24
104737,Cliente 4737,2032-12-20,17767.18,3.89,12,11278.74,501.0,Sí,En Mora,2014-05-29
104738,Cliente 4738,2032-12-21,19053.83,10.2,24,13350.79,392.0,Sí,Pagado,2012-05-17
104739,Cliente 4739,2032-12-22,31255.87,17.21,36,9937.16,332.0,No,Pagado,1969-11-12
104740,Cliente 4740,2032-12-23,36076.55,3.7,60,2590.32,718.0,No,Pagado,1965-04-28
104741,Cliente 4741,2032-12-24,5974.88,4.21,24,14056.0,502.0,Sí,Activo,1998-09-06
104742,Cliente 4742,2032-12-25,2261.72,21.82,60,14841.98,611.0,Sí,Activo,1961-05-28
104743,Cliente 4743,2032-12-26,49719.35,18.21,36,6783.99,768.0,No,Activo,2003-10-21
104744,Cliente 4744,2032-12-27,12020.05,-9.21,12,9124.97,693.0,Sí,Pagado,1964-08-19
104745,Cliente 4745,2032-12-28,3164.61,18.29,60,11769.81,510.0,Sí,En Mora,1990-09-02
104746,Cliente 4746,2032-12-29,9898.83,20.54,36,11177.65,455.0,Sí,Activo,1984-10-16
104747,Cliente 4747,2032-12-30,2428.41,10.1,24,14532.91,621.0,Sí,Activo,2003-08-29
104748,Cliente 4748,2032-12-31,19894.64,4.27,12,2165.8,734.0,Sí,Pagado,1958-08-14
104749,Cliente 4749,2033-01-01,40218.89,23.55,60,8920.51,339.0,Sí,Activo,1994-08-05
104750,Cliente 4750,2033-01-02,17391.6,10.92,36,10533.01,339.0,Sí,Activo,2004-12-25
104751,Cliente 4751,2033-01-03,22487.08,5.79,12,13406.43,752.0,Sí,En Mora,2011-04-25
104752,Cliente 4752,2033-01-04,33941.55,14.07,12,13174.59,489.0,Sí,Pagado,1975-01-12
104753,Cliente 4753,2033-01-05,25690.26,20.02,48,14681.0,314.0,Sí,Pagado,1959-05-25
104754,Cliente 4754,2033-01-06,43141.56,8.27,12,7925.14,423.0,No,Activo,1983-06-16
104755,Cliente 4755,2033-01-07,43368.77,9.29,36,12546.03,579.0,No,Pagado,1994-05-19
104756,Cliente 4756,2033-01-08,990.58,8.72,24,6695.58,347.0,Sí,Pagado,2000-08-24
104757,Cliente 4757,2033-01-09,39013.29,24.82,48,6623.55,488.0,Sí,Activo,1967-06-17
104758,Cliente 4758,2033-01-10,23306.31,7.74,36,4173.55,603.0,Sí,Activo,1960-09-23
104759,Cliente 4759,2033-01-11,49447.61,15.87,36,12364.44,404.0,Sí,Activo,2005-03-21
104760,Cliente 4760,2033-01-12,24419.99,23.39,36,14794.32,668.0,No,Pagado,2004-03-08
104761,Cliente 4761,2033-01-13,49351.35,6.66,60,4216.96,800.0,Sí,Activo,1982-06-24
104762,Cliente 4762,2033-01-14,37851.18,24.37,60,1313.91,759.0,Sí,Pagado,2009-12-17
104763,Cliente 4763,2033-01-15,12805.94,23.87,24,12325.37,546.0,Sí,Pagado,2006-09-05
104764,Cliente 4764,2033-01-16,27150.55,22.52,36,9493.34,563.0,No,Pagado,1983-12-19
104765,Cliente 4765,2033-01-17,49610.71,8.11,60,14415.63,505.0,Sí,Activo,1992-02-20
104766,Cliente 4766,2033-01-18,42947.77,17.13,60,4157.47,806.0,Sí,Activo,1961-09-02
104767,Cliente 4767,2033-01-19,5319.66,19.86,60,1529.9,829.0,Sí,En Mora,1980-11-15
104768,Cliente 4768,2033-01-20,35465.41,24.7,24,7640.41,663.0,Sí,Pagado,1967-05-30
104769,Cliente 4769,2033-01-21,17606.19,7.38,24,1739.26,639.0,Sí,Activo,2009-05-04
104770,Cliente 4770,2033-01-22,845.62,19.97,36,4295.96,706.0,Sí,Pagado,1999-08-02
104771,Cliente 4771,2033-01-23,20472.31,10.78,48,2326.68,752.0,Sí,Pagado,1988-09-02
104772,Cliente 4772,2033-01-24,12120.34,7.28,36,3749.92,449.0,Sí,En Mora,2009-05-22
104773,Cliente 4773,2033-01-25,41034.03,12.56,60,2039.1,492.0,Sí,Pagado,1996-01-01
104774,Cliente 4774,2033-01-26,17197.87,20.57,60,14331.64,446.0,Sí,En Mora,2012-08-15
104775,Cliente 4775,2033-01-27,41462.42,13.49,12,4539.16,705.0,Sí,Activo,2001-10-12
104776,Cliente 4776,2033-01-28,529.6,15.06,36,6936.51,482.0,No,Pagado,1998-08-30
104777,Cliente 4777,2033-01-29,15737.05,24.9,60,13529.87,405.0,No,Activo,2013-08-17
104778,Cliente 4778,2033-01-30,12437.68,12.08,60,10321.16,535.0,No,En Mora,2009-07-24
104779,Cliente 4779,2033-01-31,12061.58,16.73,48,9461.54,478.0,Sí,Pagado,2010-02-24
104780,###Cliente??,2033-02-01,3875.24,11.35,12,10730.67,731.0,Sí,Activo,1986-01-07
104781,Cliente 4781,2033-02-02,9762.65,11.94,36,12517.92,700.0,Sí,En Mora,2004-12-03
104782,Cliente 4782,2033-02-03,27999.7,18.46,24,13226.2,824.0,Sí,Activo,2001-07-12
104783,Cliente 4783,2033-02-04,14922.37,23.66,36,9818.28,839.0,Sí,Activo,1991-04-01
104784,Cliente 4784,2033-02-05,21161.04,15.16,36,13405.11,622.0,Sí,Activo,2008-06-26
104785,Cliente 4785,2033-02-06,19154.91,20.02,48,8263.26,560.0,Sí,Activo,2013-01-23
104786,Cliente 4786,2033-02-07,43857.29,5.42,36,4520.72,698.0,Sí,En Mora,2002-05-18
104787,Cliente 4787,2033-02-08,45312.3,8.04,48,13261.11,636.0,Sí,En Mora,2002-07-12
104788,Cliente 4788,2033-02-09,24901.37,14.3,48,8351.36,599.0,Sí,Pagado,1959-07-01
104789,Cliente 4789,2033-02-10,16842.72,3.93,60,13639.0,418.0,Sí,Activo,1977-01-22
104790,Cliente 4790,2033-02-11,5786.63,8.94,24,1082.43,712.0,Sí,Pagado,1982-11-01
104791,Cliente 4791,2033-02-12,47693.44,14.62,48,6263.98,683.0,Sí,Activo,1978-06-16
104792,Cliente 4792,2033-02-13,3481.23,3.82,12,14243.17,779.0,No,Pagado,1982-11-26
104793,Cliente 4793,2033-02-14,15233.69,9.19,12,4119.93,604.0,No,Pagado,1976-11-08
104794,Cliente 4794,2033-02-15,15254.28,14.55,24,14152.28,495.0,Sí,Pagado,1959-10-28
104795,Cliente 4795,2033-02-16,16359.86,15.82,48,14331.59,632.0,No,Pagado,1995-06-18
104796,Cliente 4796,2033-02-17,8632.2,23.4,24,13291.06,319.0,Sí,Pagado,1993-01-26
104797,Cliente 4797,2033-02-18,39266.49,17.37,60,8673.19,732.0,Sí,Pagado,1958-08-09
104798,Cliente 4798,2033-02-19,6563.64,12.42,12,9880.62,725.0,Sí,En Mora,2011-01-08
104799,Cliente 4799,2033-02-20,31927.88,23.5,36,13109.45,528.0,No,En Mora,2006-10-20
104800,Cliente 4800,2033-02-21,6630.38,20.37,12,11750.51,823.0,Sí,En Mora,2009-04-03
104801,Cliente 4801,2033-02-22,3991.51,7.8,48,9636.36,516.0,Sí,En Mora,1995-10-15
104802,Cliente 4802,2033-02-23,45516.76,6.31,24,14742.76,674.0,Sí,Activo,1958-05-25
104803,Cliente 4803,2033-02-24,9911.37,18.03,12,10442.31,335.0,No,Activo,1993-05-26
104804,Cliente 4804,2033-02-25,41151.88,15.54,36,14644.49,327.0,Sí,Pagado,2011-10-13
104805,Cliente 4805,2033-02-26,27459.23,20.48,36,1332.13,671.0,Sí,Pagado,1975-01-19
104806,Cliente 4806,2033-02-27,4353.9,19.38,24,2514.93,385.0,Sí,Pagado,1970-02-22
104807,Cliente 4807,2033-02-28,47794.69,16.94,24,7046.15,487.0,No,Activo,1988-08-07
104808,###Cliente??,2033-03-01,12724.58,24.71,12,6080.75,604.0,Sí,Pagado,1993-09-27
104809,Cliente 4809,2033-03-02,43052.44,14.97,48,11849.66,721.0,Sí,Activo,1990-08-17
104810,Cliente 4810,2033-03-03,8856.1,5.93,60,2828.9,379.0,Sí,Pagado,1979-11-08
104811,Cliente 4811,2033-03-04,42770.17,21.31,36,14653.38,485.0,Sí,Pagado,2002-01-25
104812,Cliente 4812,2033-03-05,1154.83,8.91,24,5068.46,304.0,Sí,Activo,2008-02-04
104813,Cliente 4813,2033-03-06,25833.13,20.21,60,6719.39,796.0,Sí,Pagado,1959-02-10
104814,Cliente 4814,2033-03-07,38587.41,24.08,60,4483.8,808.0,No,En Mora,1985-09-14
104815,Cliente 4815,2033-03-08,46772.38,18.48,60,8900.77,301.0,Sí,Activo,1998-10-26
104816,Cliente 4816,2033-03-09,45505.51,16.31,48,1350.12,516.0,No,Pagado,2001-11-08
104817,Cliente 4817,2033-03-10,41071.43,13.4,24,2670.32,836.0,No,En Mora,1997-08-07
104818,Cliente 4818,2033-03-11,44465.47,11.33,36,11314.07,556.0,Sí,Pagado,1991-09-10
104819,Cliente 4819,2033-03-12,10361.37,11.09,24,3204.26,752.0,Sí,Activo,1970-06-14
104820,Cliente 4820,2033-03-13,14567.12,17.18,12,3914.96,723.0,No,Activo,2012-07-18
104821,Cliente 4821,2033-03-14,14803.94,19.65,36,11998.24,623.0,Sí,Pagado,2010-07-13
104822,Cliente 4822,2033-03-15,19164.17,18.09,24,1852.87,798.0,Sí,Activo,1985-12-08
104823,Cliente 4823,2033-03-16,19969.37,7.77,36,6843.37,496.0,Sí,Pagado,1969-03-06
104824,Cliente 4824,2033-03-17,27455.49,14.12,12,834.42,803.0,Sí,Pagado,1991-07-29
104825,Cliente 4825,2033-03-18,8414.05,20.52,36,5528.71,571.0,Sí,En Mora,1994-11-06
104826,Cliente 4826,2033-03-19,34716.71,13.73,60,10635.23,317.0,No,Activo,1996-01-29
104827,Cliente 4827,2033-03-20,8794.54,15.04,48,1806.5,406.0,No,Activo,1991-07-22
104828,Cliente 4828,2033-03-21,15860.27,20.08,12,13380.85,828.0,Sí,En Mora,1988-11-28
104829,Cliente 4829,2033-03-22,25415.58,17.72,36,13687.74,424.0,Sí,En Mora,1982-02-17
104830,Cliente 4830,2033-03-23,39923.81,12.3,12,2022.36,782.0,Sí,Activo,1958-11-06
104831,###Cliente??,2033-03-24,37103.73,22.75,60,14865.62,303.0,Sí,Activo,1975-10-03
104832,Cliente 4832,2033-03-25,32453.95,7.0,48,4814.18,650.0,Sí,Activo,1981-10-05
104833,Cliente 4833,2033-03-26,8210.78,24.9,12,1719.47,650.0,No,Pagado,2000-05-22
104834,Cliente 4834,2033-03-27,27578.74,6.06,60,573.47,527.0,No,Activo,1999-03-23
104835,Cliente 4835,2033-03-28,4828.6,3.82,60,6423.58,315.0,Sí,Activo,1999-05-31
104836,Cliente 4836,2033-03-29,19179.48,22.64,60,9632.24,724.0,Sí,Activo,2014-03-01
104837,Cliente 4837,2033-03-30,20969.07,8.77,36,5316.6,763.0,Sí,Pagado,1989-02-22
104838,Cliente 4838,2033-03-31,2470.67,19.19,24,12632.4,545.0,Sí,Activo,1972-07-05
104839,Cliente 4839,2033-04-01,14062.41,20.94,12,10890.79,476.0,Sí,Activo,1995-01-30
104840,Cliente 4840,2033-04-02,47804.65,21.97,24,5577.34,842.0,No,En Mora,2007-01-20
104841,Cliente 4841,2033-04-03,47704.81,24.82,60,11147.49,808.0,No,Activo,1959-08-05
104842,Cliente 4842,2033-04-04,17940.19,9.82,24,14137.07,532.0,No,Activo,2005-02-03
104843,Cliente 4843,2033-04-05,2633.46,18.77,60,1849.89,337.0,No,En Mora,1983-01-26
104844,Cliente 4844,2033-04-06,9365.2,5.98,60,4938.51,790.0,No,Activo,1975-06-11
104845,Cliente 4845,2033-04-07,19914.78,12.25,48,7218.23,743.0,No,Pagado,1964-01-07
104846,Cliente 4846,2033-04-08,47415.1,21.73,48,7720.86,319.0,Sí,En Mora,2004-02-25
104847,Cliente 4847,2033-04-09,7489.35,11.4,24,8361.84,410.0,Sí,Pagado,1967-05-17
104848,Cliente 4848,2033-04-10,38294.03,16.21,12,4859.09,786.0,Sí,Pagado,1967-06-17
104849,Cliente 4849,2033-04-11,5879.79,14.33,24,10175.26,388.0,Sí,Activo,2008-02-21
104850,Cliente 4850,2033-04-12,49072.25,17.39,12,9853.73,618.0,Sí,Pagado,2004-02-11
104851,Cliente 4851,2033-04-13,19390.02,24.42,24,8878.41,417.0,No,Activo,1977-05-27
104852,Cliente 4852,2033-04-14,38874.11,4.7,36,2149.54,733.0,Sí,En Mora,1994-04-08
104853,Cliente 4853,2033-04-15,17458.26,15.84,36,7416.03,538.0,Sí,Activo,1999-02-08
104854,Cliente 4854,2033-04-16,31569.61,22.06,12,5665.29,371.0,Sí,Pagado,1970-12-26
104855,Cliente 4855,2033-04-17,10004.8,13.85,48,7620.06,698.0,Sí,Pagado,2011-05-03
104856,Cliente 4856,2033-04-18,7728.04,5.19,12,13867.06,703.0,Sí,Pagado,1977-07-20
104857,Cliente 4857,2033-04-19,46934.17,15.55,24,7467.7,550.0,Sí,Pagado,1981-09-29
104858,Cliente 4858,2033-04-20,45923.54,10.64,60,702.72,494.0,Sí,Activo,1989-10-03
104859,Cliente 4859,2033-04-21,44429.71,6.83,36,6863.13,521.0,Sí,Activo,1988-04-21
104860,Cliente 4860,2033-04-22,31458.96,21.75,60,12399.4,481.0,Sí,Activo,1998-06-02
104861,Cliente 4861,2033-04-23,40509.28,14.71,36,11810.88,555.0,Sí,Activo,1978-04-15
104862,Cliente 4862,2033-04-24,3917.33,23.57,24,7944.16,387.0,Sí,Activo,1980-10-18
104863,Cliente 4863,2033-04-25,17072.06,20.83,36,4121.65,791.0,Sí,En Mora,1967-11-07
104864,Cliente 4864,2033-04-26,16028.3,18.4,12,7243.79,635.0,Sí,Pagado,1979-05-16
104865,Cliente 4865,2033-04-27,31964.44,3.61,60,8673.68,837.0,Sí,Activo,1993-09-27
104866,Cliente 4866,2033-04-28,18119.91,12.7,60,14998.14,706.0,Sí,Pagado,2005-03-15
104867,Cliente 4867,2033-04-29,7851.09,7.75,24,9840.58,588.0,Sí,En Mora,1987-01-07
104868,Cliente 4868,2033-04-30,30025.12,23.08,60,10566.84,661.0,No,Pagado,1996-01-05
104869,Cliente 4869,2033-05-01,40812.0,7.25,24,7626.09,740.0,Sí,En Mora,1980-08-16
104870,Cliente 4870,2033-05-02,19415.11,9.65,48,5640.1,329.0,Sí,Pagado,2013-08-11
104871,Cliente 4871,2033-05-03,7047.3,14.61,12,12287.82,847.0,No,Pagado,1982-01-29
104872,Cliente 4872,2033-05-04,10236.07,9.16,36,7676.52,522.0,No,En Mora,1969-09-27
104873,Cliente 4873,2033-05-05,12255.42,8.01,36,14923.01,423.0,Sí,Pagado,1976-12-06
104874,Cliente 4874,2033-05-06,15344.93,16.38,36,7128.25,514.0,No,Pagado,2001-07-25
104875,Cliente 4875,2033-05-07,32318.36,5.41,48,1486.0,417.0,No,Pagado,1974-10-02
104876,Cliente 4876,2033-05-08,30246.8,4.75,12,10397.38,526.0,Sí,Pagado,1959-08-21
104877,Cliente 4877,2033-05-09,34955.95,11.5,60,1176.3,743.0,No,Activo,1998-05-14
104878,Cliente 4878,2033-05-10,18443.85,18.99,60,4132.27,848.0,Sí,En Mora,1968-01-25
104879,Cliente 4879,2033-05-11,41287.88,15.43,12,5629.2,736.0,Sí,Activo,1988-01-07
104880,Cliente 4880,2033-05-12,10602.34,12.59,12,11222.51,311.0,Sí,Pagado,1963-12-22
104881,Cliente 4881,2033-05-13,23717.52,15.66,36,7666.42,421.0,Sí,Pagado,1969-06-12
104882,Cliente 4882,2033-05-14,40146.47,11.36,60,915.37,846.0,No,En Mora,2014-09-24
104883,Cliente 4883,2033-05-15,9417.85,23.63,12,9444.32,788.0,No,Pagado,1992-04-22
104884,Cliente 4884,2033-05-16,5938.22,4.68,60,6465.83,550.0,No,Pagado,2012-02-13
104885,Cliente 4885,2033-05-17,44242.36,17.98,12,13866.6,781.0,Sí,Activo,1973-09-05
104886,Cliente 4886,2033-05-18,17475.02,22.66,24,7743.65,849.0,Sí,Activo,1969-04-20
104887,Cliente 4887,2033-05-19,34351.57,20.78,36,10780.14,579.0,No,Pagado,1982-08-15
104888,Cliente 4888,2033-05-20,1754.76,7.46,12,3673.59,636.0,Sí,Pagado,1976-06-26
104889,Cliente 4889,2033-05-21,34657.32,9.86,48,11534.12,467.0,Sí,Activo,1994-11-08
104890,Cliente 4890,2033-05-22,16147.01,18.92,12,10953.85,627.0,No,Pagado,1981-02-03
104891,Cliente 4891,2033-05-23,3259.17,5.31,24,13609.18,545.0,Sí,Activo,1999-10-21
104892,Cliente 4892,2033-05-24,30685.73,20.96,48,990.41,600.0,Sí,Activo,1997-06-14
104893,Cliente 4893,2033-05-25,12419.79,18.96,48,6988.76,499.0,Sí,Activo,1999-09-03
104894,Cliente 4894,2033-05-26,19646.96,19.19,12,10347.75,799.0,Sí,Pagado,1982-08-21
104895,Cliente 4895,2033-05-27,4488.75,5.66,24,1879.88,312.0,Sí,Pagado,2012-06-08
104896,Cliente 4896,2033-05-28,7784.58,18.93,48,6453.76,665.0,Sí,Activo,1987-11-18
104897,Cliente 4897,2033-05-29,15249.87,18.12,36,14161.13,396.0,Sí,Pagado,1994-05-14
104898,Cliente 4898,2033-05-30,4943.1,21.36,36,6821.05,370.0,No,Pagado,1977-10-16
104899,Cliente 4899,2033-05-31,45585.9,4.39,60,14788.37,656.0,Sí,Pagado,1993-05-02
104900,Cliente 4900,2033-06-01,799.33,4.0,60,1324.17,843.0,Sí,Pagado,1990-11-27
104901,Cliente 4901,2033-06-02,24451.08,11.52,24,10908.53,549.0,Sí,Activo,2007-02-25
104902,Cliente 4902,2033-06-03,6600.75,6.7,48,8924.74,553.0,Sí,Activo,1976-01-27
104903,Cliente 4903,2033-06-04,15730.11,15.51,36,7757.83,481.0,No,Activo,1974-09-03
104904,Cliente 4904,2033-06-05,46339.95,23.22,36,14577.29,465.0,Sí,Activo,2005-12-18
104905,Cliente 4905,2033-06-06,8503.88,11.92,24,2379.93,303.0,Sí,Pagado,2004-10-02
104906,Cliente 4906,2033-06-07,48308.7,21.67,48,13491.98,762.0,Sí,En Mora,1965-12-20
104907,Cliente 4907,2033-06-08,10686.82,3.51,24,10522.99,444.0,Sí,Pagado,2003-04-25
104908,Cliente 4908,2033-06-09,37207.52,7.12,12,4255.44,464.0,No,Pagado,2009-09-03
104909,Cliente 4909,2033-06-10,27560.52,4.15,36,13574.2,643.0,No,Pagado,1963-06-28
104910,Cliente 4910,2033-06-11,44281.7,10.56,24,6724.78,404.0,Sí,Activo,1960-12-28
104911,Cliente 4911,2033-06-12,27922.67,23.03,24,12306.3,847.0,No,Pagado,1982-06-02
104912,Cliente 4912,2033-06-13,26960.68,5.58,12,6138.13,613.0,Sí,Activo,1973-12-02
104913,Cliente 4913,2033-06-14,10175.17,16.54,60,12838.5,468.0,Sí,Activo,1971-11-16
104914,Cliente 4914,2033-06-15,8728.35,13.21,36,9731.12,819.0,Sí,Pagado,1996-06-05
104915,Cliente 4915,2033-06-16,45866.21,23.68,24,2545.18,735.0,Sí,En Mora,1964-12-31
104916,Cliente 4916,2033-06-17,16727.99,6.13,36,9920.12,811.0,Sí,Activo,1981-08-28
104917,Cliente 4917,2033-06-18,18918.07,8.06,60,3274.5,708.0,No,Activo,1988-06-10
104918,Cliente 4918,2033-06-19,38111.27,4.14,24,6472.88,735.0,No,Activo,1978-10-30
104919,Cliente 4919,2033-06-20,17271.76,12.83,12,2969.29,614.0,Sí,Pagado,1979-11-13
104920,Cliente 4920,2033-06-21,47627.09,9.47,36,819.23,841.0,Sí,Pagado,1985-06-16
104921,Cliente 4921,2033-06-22,37027.42,22.2,12,3572.35,362.0,No,Pagado,1977-01-01
104922,Cliente 4922,2033-06-23,30072.75,16.51,60,8277.39,331.0,Sí,En Mora,1993-08-16
104923,Cliente 4923,2033-06-24,44104.31,16.7,60,7482.63,510.0,Sí,Pagado,1971-12-19
104924,Cliente 4924,2033-06-25,2955.49,14.94,36,7771.71,762.0,Sí,Activo,1980-05-11
104925,Cliente 4925,2033-06-26,13224.6,5.47,60,4091.46,379.0,Sí,Pagado,1979-06-05
104926,Cliente 4926,2033-06-27,23519.3,13.07,48,10434.84,642.0,Sí,Activo,1979-01-12
104927,Cliente 4927,2033-06-28,11735.44,24.99,36,10711.82,531.0,Sí,Pagado,1978-08-17
104928,Cliente 4928,2033-06-29,37323.31,21.46,48,5690.53,428.0,Sí,Pagado,2006-01-23
104929,Cliente 4929,2033-06-30,46000.8,22.71,60,13276.97,318.0,Sí,En Mora,2000-04-17
104930,Cliente 4930,2033-07-01,21476.62,21.2,36,9838.34,656.0,No,Pagado,2010-05-26
104931,Cliente 4931,2033-07-02,17435.56,5.72,48,10839.07,718.0,No,Activo,1994-11-25
104932,Cliente 4932,2033-07-03,48096.76,8.39,60,4521.43,380.0,Sí,En Mora,1985-08-22
104933,Cliente 4933,2033-07-04,22520.2,3.57,24,508.87,417.0,Sí,Activo,1986-11-03
104934,Cliente 4934,2033-07-05,24707.9,10.03,24,13047.95,793.0,Sí,Activo,2013-02-16
104935,Cliente 4935,2033-07-06,17906.67,5.84,12,12425.15,791.0,Sí,Activo,2009-12-09
104936,Cliente 4936,2033-07-07,45522.65,13.67,24,2286.28,524.0,No,En Mora,1990-02-04
104937,Cliente 4937,2033-07-08,28663.3,18.06,48,5924.52,718.0,Sí,En Mora,2013-10-13
104938,Cliente 4938,2033-07-09,38227.64,22.3,24,10089.42,436.0,Sí,Pagado,1990-05-03
104939,Cliente 4939,2033-07-10,40684.43,19.61,36,9955.61,525.0,No,En Mora,1984-12-30
104940,Cliente 4940,2033-07-11,17421.53,23.68,36,12975.08,633.0,Sí,Activo,1967-01-24
104941,Cliente 4941,2033-07-12,21967.87,4.66,36,2533.89,528.0,No,Pagado,2012-01-14
104942,Cliente 4942,2033-07-13,42499.35,3.76,24,6734.13,622.0,No,Activo,2001-07-11
104943,Cliente 4943,2033-07-14,18481.14,17.72,24,1909.75,407.0,Sí,Activo,1998-11-23
104944,Cliente 4944,2033-07-15,39799.79,9.72,12,6149.13,744.0,No,Activo,1999-12-08
104945,Cliente 4945,2033-07-16,47079.12,8.95,60,719.06,306.0,Sí,Pagado,2015-05-26
104946,Cliente 4946,2033-07-17,31348.91,10.61,12,13524.96,427.0,No,Pagado,2000-09-01
104947,Cliente 4947,2033-07-18,37210.55,9.3,48,8142.14,652.0,Sí,Pagado,1973-04-21
104948,Cliente 4948,2033-07-19,40352.32,14.5,36,12822.13,566.0,No,Activo,1989-09-05
104949,Cliente 4949,2033-07-20,42329.46,12.96,24,1368.62,513.0,No,Pagado,1971-04-08
104950,Cliente 4950,2033-07-21,20055.14,14.52,60,3798.14,546.0,Sí,Pagado,1982-09-23
104951,Cliente 4951,2033-07-22,3037.54,17.96,60,4261.01,673.0,Sí,Pagado,1995-08-12
104952,Cliente 4952,2033-07-23,20392.88,11.82,24,6107.03,720.0,No,Pagado,2011-03-27
104953,Cliente 4953,2033-07-24,33850.93,8.9,12,12141.56,340.0,No,En Mora,2001-12-26
104954,Cliente 4954,2033-07-25,22792.34,7.07,60,6105.09,647.0,Sí,En Mora,1978-02-11
104955,Cliente 4955,2033-07-26,37573.68,11.01,12,3467.48,442.0,Sí,Activo,1961-06-09
104956,Cliente 4956,2033-07-27,18170.63,19.45,24,1442.36,440.0,Sí,Pagado,2007-07-27
104957,Cliente 4957,2033-07-28,31919.83,19.77,12,1652.63,406.0,No,Activo,2006-08-31
104958,Cliente 4958,2033-07-29,9727.78,17.84,36,11520.68,332.0,Sí,Activo,1994-01-24
104959,Cliente 4959,2033-07-30,37593.79,8.53,24,6949.64,499.0,No,Pagado,1979-12-06
104960,Cliente 4960,2033-07-31,27511.95,16.14,24,11029.63,418.0,Sí,Activo,2005-12-05
104961,Cliente 4961,2033-08-01,10601.19,15.77,60,10393.16,528.0,Sí,Pagado,2014-07-17
104962,Cliente 4962,2033-08-02,14949.6,13.91,60,2462.76,484.0,Sí,Activo,1973-03-12
104963,Cliente 4963,2033-08-03,37556.13,15.32,60,2571.88,514.0,Sí,Activo,1997-06-07
104964,Cliente 4964,2033-08-04,24388.76,14.07,36,11452.46,429.0,Sí,Activo,1981-06-05
104965,Cliente 4965,2033-08-05,11193.56,15.66,36,10958.39,,Sí,Pagado,2004-06-25
104966,Cliente 4966,2033-08-06,48379.92,18.88,48,5981.45,307.0,Sí,En Mora,1969-10-19
104967,Cliente 4967,2033-08-07,35898.69,5.86,24,1622.62,702.0,Sí,Activo,1970-04-13
104968,Cliente 4968,2033-08-08,47878.17,19.62,60,675.42,668.0,Sí,Activo,1975-02-28
104969,Cliente 4969,2033-08-09,21641.7,6.42,24,4678.28,836.0,Sí,Activo,1968-02-05
104970,Cliente 4970,2033-08-10,24017.47,4.93,12,633.72,352.0,Sí,Activo,2006-02-25
104971,Cliente 4971,2033-08-11,44948.78,24.49,36,3836.05,546.0,Sí,Pagado,1976-06-29
104972,Cliente 4972,2033-08-12,26489.94,24.08,48,6582.76,636.0,No,Pagado,2011-04-09
104973,Cliente 4973,2033-08-13,35510.31,4.8,12,2260.53,580.0,Sí,Activo,2007-08-28
104974,Cliente 4974,2033-08-14,12982.56,13.03,24,2012.03,332.0,Sí,Activo,2007-03-13
104975,Cliente 4975,2033-08-15,22612.96,7.5,36,13498.34,847.0,No,Pagado,1979-04-15
104976,Cliente 4976,2033-08-16,6610.77,13.93,60,8989.32,642.0,Sí,Pagado,2005-11-30
104977,Cliente 4977,2033-08-17,10696.01,21.35,12,14049.61,538.0,No,Pagado,1967-12-11
104978,Cliente 4978,2033-08-18,546.7,23.94,36,5514.48,791.0,No,En Mora,1997-01-27
104979,Cliente 4979,2033-08-19,2443.62,17.14,24,10318.6,476.0,Sí,En Mora,2000-09-29
104980,Cliente 4980,2033-08-20,48875.55,11.11,24,3468.03,343.0,Sí,En Mora,2001-10-04
104981,Cliente 4981,2033-08-21,12496.51,16.47,12,9465.93,603.0,Sí,Pagado,2009-07-25
104982,Cliente 4982,2033-08-22,33333.88,10.21,12,2378.99,568.0,Sí,En Mora,1962-05-14
104983,Cliente 4983,2033-08-23,42035.44,23.06,12,530.17,699.0,Sí,Activo,1999-06-21
104984,Cliente 4984,2033-08-24,27757.69,22.21,48,14007.21,730.0,Sí,Pagado,1986-06-27
104985,Cliente 4985,2033-08-25,8080.65,15.5,60,8545.97,720.0,Sí,Pagado,1963-01-07
104986,Cliente 4986,2033-08-26,36541.76,10.48,36,13940.64,430.0,No,Activo,2012-10-12
104987,Cliente 4987,2033-08-27,30212.44,9.81,24,5340.56,709.0,Sí,Activo,1986-05-03
104988,Cliente 4988,2033-08-28,36696.9,4.22,24,5252.9,524.0,No,Pagado,1986-04-24
104989,Cliente 4989,2033-08-29,38602.46,21.04,60,6309.5,442.0,Sí,Activo,1959-06-28
104990,Cliente 4990,2033-08-30,48782.81,13.18,12,10737.59,839.0,Sí,Pagado,2005-12-15
104991,Cliente 4991,2033-08-31,28891.38,10.49,12,8704.23,424.0,Sí,Pagado,2003-09-29
104992,Cliente 4992,2033-09-01,17411.24,13.63,24,13917.65,511.0,Sí,En Mora,1995-11-06
104993,Cliente 4993,2033-09-02,32599.0,21.1,60,868.89,727.0,Sí,Activo,1972-04-17
104994,Cliente 4994,2033-09-03,3887.82,6.18,24,10768.84,736.0,Sí,Pagado,1987-08-21
104995,Cliente 4995,2033-09-04,44921.17,21.94,12,5289.75,537.0,Sí,En Mora,1983-08-02
104996,Cliente 4996,2033-09-05,6409.36,22.8,36,3113.39,627.0,Sí,Pagado,2010-03-15
104997,Cliente 4997,2033-09-06,16728.22,23.85,12,7900.74,418.0,No,En Mora,1998-06-25
104998,Cliente 4998,2033-09-07,40879.4,12.05,36,7823.42,345.0,Sí,Pagado,1995-03-13
104999,Cliente 4999,2033-09-08,30066.96,8.17,48,2486.66,383.0,Sí,En Mora,1974-01-16
